{"version":5,"hash":{"type":"Buffer","data":"d1qSDZ+dDYFPkmLks+Bsi0zzY99bppKryOHAQWrJAl6Z13fUcP6WYGEqSlXQ9LfBoqkKevWNcH31TpB5AXy+KmJa9+ldUWPVIboOui6RIih53fxzwKL4xxVTb3B47iY99DTMBSVolzz0ue6fvbHqCb8FEMU2RNt6eUp0mhvpx5A="},"indexValueMap":{"wzfIEYhIpjrCmJIahGRyNUe94vG0H+72ti/5z3pVvZg=":{"valueMac":{"type":"Buffer","data":"ZkIhTjYrA4byrhB2NWnL56c476BXUXnRqTrjYEBvey0="}},"o3luO67mhxHcb2yGsEbxNeEwK1Y7ZsNkKjcevAbLVbA=":{"valueMac":{"type":"Buffer","data":"M9kM2J73R4VDl9TJ7c5umR3+1Nt57WqAdn7Mvnb0Nho="}},"tFw4Wwx3dYiAv7L8WlYx7D1+YVAtYsNVVIWxOLW+vlQ=":{"valueMac":{"type":"Buffer","data":"ws/lRvBgi4VO7fIw0g1UW44T9bHQdIJfQpZcKAZL+cc="}},"8rHVldrUy4rQmFTqJKE3EjVmQya5RX39e5vCaU8VBFU=":{"valueMac":{"type":"Buffer","data":"7Hbp5pBZrsh7jPwPRQtX+5kq1XdOCSQUIZmofgp7tVg="}},"nGIoREoGUqQWSVFakOkT4FlI69VyVyFWjZA+tuEMMys=":{"valueMac":{"type":"Buffer","data":"J5f6ugMlOiZt8CgfvjDr4xFHco9DnUHGLWRKaMzRx7M="}},"PekO0IhNjJuQozF3TZ3GzBjO/ldYagzCVVPXTiBA9sU=":{"valueMac":{"type":"Buffer","data":"htPxg79ZRRY8eoLZQKoN81PO7Oj5C6KgYkKhadjtwKw="}},"1ChaIVq5vgaw1lNcslNv/KSFbNGOQzd2S5uiLAzZnFQ=":{"valueMac":{"type":"Buffer","data":"o+eibc35YLBtKyeSMY2uYfPI6c1EmSj99zvif0XWJ58="}},"bdSPBfjuqsIUv4ku8yWnXU6B74C8MGyo4vdhAP/OqY0=":{"valueMac":{"type":"Buffer","data":"LcdJupSR5KDv+Vmmc6Nbxu68v/dFaKseg2LUiR0wVCM="}},"kz2eDWb0McD3sjK9389civ/y7QtyADN4MvI+sXxQ6CE=":{"valueMac":{"type":"Buffer","data":"7kCc2D+/xAm7oMfMw2ysrVDz9utlpkmKR5J7JlvBo3w="}},"gJU8HgGREYHqrBYMfJQMWEimro+Lpuc3KkXuF3bRWLg=":{"valueMac":{"type":"Buffer","data":"BKWcbW6cSQU3z3BeFfg1HgPgwJQJGFPJpndc8AgwWn0="}}}}