{"noiseKey":{"private":{"type":"Buffer","data":"YJbz6rHD4TMB8XCeM32M/fKwn47xHFxkLrtrfJS3umI="},"public":{"type":"Buffer","data":"v1glv+kZ0GMNpGtH3t5TYG8cQQ78HWSwdIy4Q9Mxwj8="}},"pairingEphemeralKeyPair":{"private":{"type":"Buffer","data":"yEwE95YvJHGm93/bSCbu5mBqeyJcNUIrSaLfR5KACF4="},"public":{"type":"Buffer","data":"j6y8OlfkRLg0fwaiFOlu5+/IdcXgehBkceMbStqtZRw="}},"signedIdentityKey":{"private":{"type":"Buffer","data":"+HGRcXSicZvQeKBRc5whU73I1Vt9hcpgYGYdk5D/g1I="},"public":{"type":"Buffer","data":"1d6x0cXjEt25dAxS9eq6EW0tFGwS2NOAalBuRqgSM3g="}},"signedPreKey":{"keyPair":{"private":{"type":"Buffer","data":"+ECDVtIThp8qWQ9ZD7tWsBar8ECbgLl+6a3aSE1DfEA="},"public":{"type":"Buffer","data":"+ZypLCRwsthL6c+g08E6/vOK1AFeToQ1S3iB6HPG3Qw="}},"signature":{"type":"Buffer","data":"PLhDOb1G6NgEbi3fjT+w271rg1YINRLQiy0SYw+RDyQ7J6Bx3uqOTzXLTOGxTQeCt23na6NQKOAHoeDoLb1HBw=="},"keyId":1},"registrationId":177,"advSecretKey":"iUohXtfmkUDj8WuQY/uY1PCNySB7PVkQsDIY1qByxDw=","processedHistoryMessages":[{"key":{"remoteJid":"559981709995@s.whatsapp.net","fromMe":true,"id":"E0DDF0A4CEB8F8160874693203F892E2"},"messageTimestamp":1695849380},{"key":{"remoteJid":"559981709995@s.whatsapp.net","fromMe":true,"id":"F1D5FCB2C6E349A5425410258CAB4A39"},"messageTimestamp":1695849381},{"key":{"remoteJid":"559981709995@s.whatsapp.net","fromMe":true,"id":"F0244020EADC6C0820FF15186BD95DC1"},"messageTimestamp":1695849382},{"key":{"remoteJid":"559981709995@s.whatsapp.net","fromMe":true,"id":"8375C1249B2AF8845080CA0D97AF05FF"},"messageTimestamp":1695849382}],"nextPreKeyId":123,"firstUnuploadedPreKeyId":123,"accountSyncCounter":1,"accountSettings":{"unarchiveChats":false},"deviceId":"5IkO0Ru2TlyZ2oFkQHHThg","phoneId":"7c43e03d-5bbd-4627-adef-c6ce763deda3","identityId":{"type":"Buffer","data":"n8vG9Y6JV7vbQW0blg5+NqC2oik="},"registered":false,"backupToken":{"type":"Buffer","data":"Aef8MBMZ5xqohGlQ7laaLDEq1us="},"registration":{},"account":{"details":"CKjbvN4BEKG30qgGGAE=","accountSignatureKey":"hVQkympQuGEd3oR3fcNMunivWjqRGhjkSyDW2ku+lH0=","accountSignature":"/TwBrezyfCTmB+G5B8+fuoSVChB9Ep3f7JlguewPcjCFKx41SZNZDh2TzI1WUaMQTO5p8wKl5R7Lq2dIZTzhCA==","deviceSignature":"S5CirD9c4Fg5c9S07AaEUoGWb8wwuzKRfbcxjnXpSozTdwoA7wgYbUw06e22a/nRG6JvM/4ORx7/FeNoR5u4Bg=="},"me":{"id":"559981709995:8@s.whatsapp.net","name":"King_bot"},"signalIdentities":[{"identifier":{"name":"559981709995:8@s.whatsapp.net","deviceId":0},"identifierKey":{"type":"Buffer","data":"BYVUJMpqULhhHd6Ed33DTLp4r1o6kRoY5Esg1tpLvpR9"}}],"platform":"smba","lastAccountSyncTimestamp":1696540069,"myAppStateKeyId":"AAAAAAJd"}