[{"senderKeyId":779669998,"senderChainKey":{"iteration":0,"seed":"Smu4efO0CWtSsDsKLxBuXXEF4hBmPdO2BzLODA3p6Dc="},"senderSigningKey":{"public":"BVnRkS0N85MgvUK1mpAA2FGoQ6cgfcsJ9t0n6dQNKM5y"},"senderMessageKeys":[]},{"senderKeyId":1681198056,"senderChainKey":{"iteration":0,"seed":"zzop1B7s9fJQEvThYHGHrqVpoThxCj1CY2N3iaDKKNU="},"senderSigningKey":{"public":"BU49Xzb1sF5M1viQ8UDH8wXCzbVSRfR3e44Bezu7a1of"},"senderMessageKeys":[]},{"senderKeyId":1983815972,"senderChainKey":{"iteration":0,"seed":"WmdvJF1rt/PT3qeYGuZaozxoowPh4SOeTUHpTFJWvd4="},"senderSigningKey":{"public":"BQUsaBEKyeU/gzx63dmVvVKAX6O9JDAGW3I6RgWjsaU8"},"senderMessageKeys":[]},{"senderKeyId":1983815972,"senderChainKey":{"iteration":0,"seed":"WmdvJF1rt/PT3qeYGuZaozxoowPh4SOeTUHpTFJWvd4="},"senderSigningKey":{"public":"BQUsaBEKyeU/gzx63dmVvVKAX6O9JDAGW3I6RgWjsaU8"},"senderMessageKeys":[]},{"senderKeyId":277339958,"senderChainKey":{"iteration":0,"seed":"/0ORSEirw459Sja7+nLt5HTLVvgxSQ8krqay0M8+ccc="},"senderSigningKey":{"public":"BaGPMrmOIKJtXik0dO1plv6aCMy3YuH8CPtEjETRuFg/"}}]