[{"senderKeyId":916629678,"senderChainKey":{"iteration":659,"seed":"1kDF4fc32inXC+0y+/hfNpFdBE687ncsG3sVzMt/wtE="},"senderSigningKey":{"public":"BU3zqIy0GUi1tNgI4kVAl+s3sA2/KiDcX8UrHdeozF4S","private":"oHta+eMd8XAwr/ORTx+XnzIXOD88vHy5TxMzLbx7+kI="},"senderMessageKeys":[{"iteration":1,"seed":"Kl/gNZdkMWMGB1DF2ImB3KQ6ncvcEZvwE5lGhDxBZQ0="},{"iteration":3,"seed":"qMKqMhFX/DH9EFycuSuvZSpD7xCJChmmUax4y2P9/rs="},{"iteration":5,"seed":"/3QT0jyKdPyjd6Q3sv0CfsfQMoIVnjS7AxvqcHHVKZ8="},{"iteration":7,"seed":"gSRtdSGFmlAgpZe+eWYY8f4tusKHOUvHnN/6MqKnwCI="},{"iteration":9,"seed":"CSbB+8CY7Vz431shyE3MSYgkoyuMrZkkracJ3f+0rXc="},{"iteration":11,"seed":"VxoGdN3LaRgWhfBqSJfzWp/Sql+pnf1KF/fIsCBHky0="},{"iteration":13,"seed":"K+vaaKhH8IoidFAMMbpyWgykAujOXCoHpvFcak22Vhc="},{"iteration":15,"seed":"0NDkFPsqskn8g8vLksRbzfXtB5mDiiV0As836WrCvEI="},{"iteration":17,"seed":"FtcO5t7vEW37sZUDjMrfQtcWLNmHCPOyEBLhxJ/pyBw="},{"iteration":19,"seed":"g5Dmze845mKt9iJds5yKzy6pNidpQE0YGAK9fZ1fQfY="},{"iteration":21,"seed":"Js/7Y1LlCHEkL/xugaigmECQkuNK+LQLLnDtfJzQcOY="},{"iteration":23,"seed":"4OEWeQm4EpX78LlapKpfojdDaLqEQIV9G+P7d69knfc="},{"iteration":25,"seed":"f8iZBfTPbUPUxuhVunugOV/VDk3EWU6OGsYVJJzjjy8="},{"iteration":27,"seed":"lmSKCu+Eqc1hQBYI+vCnupoqXofqZ4YafK1bJTHShvk="},{"iteration":29,"seed":"M5stRSehoSDA+lb86p7dv/s5ZrLuA9oQEhOabTSRF0Q="},{"iteration":31,"seed":"DVAMaDdM7VL+ANvGN1kIyR4/TydyVz13dtFtPppzlis="},{"iteration":33,"seed":"Qv7vWP7nC1HN5i7kPB4yu/uIlzOAWWilVnL0WPrNobk="},{"iteration":35,"seed":"9MhRk1wjUTASL6+qmaql9UgCVYKUXioCUgjCqwz2tmQ="},{"iteration":37,"seed":"ABnNBc4cwXhL9krxGp+9LTTvuFbAUcxLRt7iTTKQHyU="},{"iteration":39,"seed":"f9vZK6AHOlPldCowCFD5HgWqfiEITo+aH09FSDUQhXk="},{"iteration":41,"seed":"dbkz1IOa/0OHp/1TlVNcg4AaPyNabspEoQeizImq0F4="},{},{},{},{},{},{},{},{},{},{},{},{},{},{},{},{},{},{},{},{},{},{},{},{},{},{},{},{},{},{},{},{},{},{},{},{},{},{},{},{},{},{},{},{},{},{},{},{},{},{},{},{},{},{},{},{},{},{},{},{},{},{},{},{},{},{},{},{},{},{},{},{},{},{},{},{},{},{},{},{},{},{},{},{},{},{},{},{},{},{},{},{},{},{},{},{},{},{},{},{},{},{},{},{},{},{},{},{},{},{},{},{},{},{},{},{},{},{},{},{},{},{},{},{},{},{},{},{},{},{},{},{},{},{},{},{},{},{},{},{},{},{},{},{},{},{},{},{},{},{},{},{},{},{},{},{},{},{},{},{},{},{},{},{},{},{},{},{},{},{},{},{},{},{},{},{},{},{},{},{},{},{},{},{},{},{},{},{},{},{},{},{},{},{},{},{},{},{},{},{},{},{},{},{},{},{},{},{},{},{},{},{},{},{},{},{},{},{},{},{},{},{},{},{},{},{},{},{},{},{},{},{},{},{},{},{},{},{},{},{},{},{},{},{},{},{},{},{},{},{},{},{},{},{},{},{},{},{},{},{},{},{},{},{},{},{},{},{},{},{},{},{},{},{},{},{},{},{},{},{},{},{},{},{},{},{},{},{},{},{},{},{},{},{},{},{},{},{},{},{},{},{},{},{},{},{},{},{}]}]