[{"senderKeyId":1413525163,"senderChainKey":{"iteration":13,"seed":"nTwkem4HjHjnqPjPbJYEuHrVSQIIgjHKGwbp8iI3b7w="},"senderSigningKey":{"public":"BW0M2t7+p3lWiAT15svw3LuSCcw/BHzfSXO5ad+6zBIe"},"senderMessageKeys":[]},{"senderKeyId":278258936,"senderChainKey":{"iteration":37,"seed":"VC1BXiTF6R1h/6viYNOk/+YhPypzk2YI6tBvP7itjZU="},"senderSigningKey":{"public":"BZB8+YNblT/gcGyFnrQ/Xb7OYgoD9EiZdnYL3BmMIRhp"},"senderMessageKeys":[{"iteration":5,"seed":"tT8tcQoHu8zquNFlPOgMmiI/FyeOuXuXVJYoiX8R4x8="},{"iteration":10,"seed":"8+3heJGSskXouwuWyybGwxrEyOt0XZVFCGno7g+5pU8="},{"iteration":15,"seed":"jC/kMiJbIaZPdBgKv7u1PNSakiOHcf3uwG0ki4e29bM="},{"iteration":17,"seed":"abuQMwqQb1UbGizD2Gfr7gDcEMsBMFF/6jT4yhNlYBU="},{"iteration":25,"seed":"udH6Twstje278P9egV7kYmKZDdKC6/YiMXDNl7wV4fA="},{}]},{"senderKeyId":278258936,"senderChainKey":{"iteration":28,"seed":"Z7UdVRMp2kqgIxdtMwlsXu6BaJftEk6+hecqQgFqbck="},"senderSigningKey":{"public":"BZB8+YNblT/gcGyFnrQ/Xb7OYgoD9EiZdnYL3BmMIRhp"},"senderMessageKeys":[]},{"senderKeyId":1078723777,"senderChainKey":{"iteration":1,"seed":"UoDo74x9B1YfFhh7LTekqo+tga0/JjcFpgwdinP/V1c="},"senderSigningKey":{"public":"BRAfmF+T4iVlWwtwQ3bAG17EWvscli+lreLqp1dxff4R"},"senderMessageKeys":[]},{"senderKeyId":516213133,"senderChainKey":{"iteration":5,"seed":"HD3zFUwmfikOf3rES3rcn8Ppk57PbZ9gEuP6ICIoOzA="},"senderSigningKey":{"public":"BQuwOGttNUbR8GKzrD3CgDGIz5lEcornnctpfR4OH2l4"},"senderMessageKeys":[{"iteration":1,"seed":"+9gJPsvhgXgVs+W8x8fDB1WdOs5UzjpOECi1XWervTo="},{"iteration":3,"seed":"5fbZN64iSw+gPwHeqpzGgzSZQZr4CcNH8inU80TDc6M="}]}]