[{"senderKeyId":1550121888,"senderChainKey":{"iteration":0,"seed":"J5w2mxa8qQ+rkwo1LBz3uWwPWJ2aK5DcVm0nPQuNylg="},"senderSigningKey":{"public":"BQHtq/kRirUQ8k6Vh+8PDEzZTLI+rsE96HGZ8DE8C/lB"},"senderMessageKeys":[]},{"senderKeyId":1182758671,"senderChainKey":{"iteration":7,"seed":"NOmoTNR5V/X6Q5I6du3a3QJrHsxV32aEpUxGdJ1rumg="},"senderSigningKey":{"public":"Bdlf+z+srMkPfUpq41EL0A0jnE/+hilKuwiyUPnamJAi"},"senderMessageKeys":[]},{"senderKeyId":1182758671,"senderChainKey":{"iteration":0,"seed":"asO0nuCIluq5ppyl2iRs1vIGqqpmYIXoIQwHtAnHO0U="},"senderSigningKey":{"public":"Bdlf+z+srMkPfUpq41EL0A0jnE/+hilKuwiyUPnamJAi"},"senderMessageKeys":[]},{"senderKeyId":1182758671,"senderChainKey":{"iteration":0,"seed":"asO0nuCIluq5ppyl2iRs1vIGqqpmYIXoIQwHtAnHO0U="},"senderSigningKey":{"public":"Bdlf+z+srMkPfUpq41EL0A0jnE/+hilKuwiyUPnamJAi"},"senderMessageKeys":[]},{"senderKeyId":1182758671,"senderChainKey":{"iteration":7,"seed":"NOmoTNR5V/X6Q5I6du3a3QJrHsxV32aEpUxGdJ1rumg="},"senderSigningKey":{"public":"Bdlf+z+srMkPfUpq41EL0A0jnE/+hilKuwiyUPnamJAi"}}]