[{"senderKeyId":1841031836,"senderChainKey":{"iteration":0,"seed":"0m62olzfNbxryLYRIgAnrUf/5bbLh19r1j0Is3RjOvI="},"senderSigningKey":{"public":"BXKzN2RyTdV+2Mp0p92NjcKNpyZ5oWhVNVE5lKu1uFwn"},"senderMessageKeys":[]},{"senderKeyId":1122480165,"senderChainKey":{"iteration":0,"seed":"L8+Myw6q1vqRfN/ioKY9mV+Sg6Vy9OMrAIwe9GODOV8="},"senderSigningKey":{"public":"BYaZD80J2w/l1FrEP9G0xgg4yXf1lcguvfz3LalxnjtH"},"senderMessageKeys":[]},{"senderKeyId":1704373695,"senderChainKey":{"iteration":0,"seed":"119xml2FO5a7yBMGwKF0n8pESlJ73I5I1lmCZzHPa5I="},"senderSigningKey":{"public":"BYEkBLzo1HkdZ3wW+o3BuL2Nu7JZ0cJvu29QPEVWHbwL"},"senderMessageKeys":[]},{"senderKeyId":803250985,"senderChainKey":{"iteration":0,"seed":"2lKEW/Ic/Ea4/OT09/sQpv8uFzKdLeoci57PDLsuRL4="},"senderSigningKey":{"public":"BSW/4obTWbi4QtiIL/HW5JpG94dhtfJcEqP1eBgPkQZP"},"senderMessageKeys":[]},{"senderKeyId":803250985,"senderChainKey":{"iteration":0,"seed":"2lKEW/Ic/Ea4/OT09/sQpv8uFzKdLeoci57PDLsuRL4="},"senderSigningKey":{"public":"BSW/4obTWbi4QtiIL/HW5JpG94dhtfJcEqP1eBgPkQZP"}}]