[{"senderKeyId":2127175216,"senderChainKey":{"iteration":0,"seed":"hOdELW3qOC/6rqtcNVgWNq2oh6PeD2atTyebNA66osQ="},"senderSigningKey":{"public":"BTZ2QGwxyx9jJb48mzziCyZHi7oVvOewhZtZKE578kER"},"senderMessageKeys":[]},{"senderKeyId":498140357,"senderChainKey":{"iteration":0,"seed":"sZtb+x7L3NGmRSpsZw/NsEPO8BRhCybM+ggsSoVoOpA="},"senderSigningKey":{"public":"BW4kXeOb2/40490ESd8tnhMEuuYx2s0MDzkrqR0X8fUY"},"senderMessageKeys":[]},{"senderKeyId":704277680,"senderChainKey":{"iteration":0,"seed":"SCeKmPXgEvrw8+vvLVIBJirL9VlPHkv+I1fNA+Xt5Xc="},"senderSigningKey":{"public":"Bf6OJTfC+6oADaCBDmUdds0YIPddMIh3i0DpUQN7SSRn"},"senderMessageKeys":[]},{"senderKeyId":656903430,"senderChainKey":{"iteration":0,"seed":"yLM1eOvcjWeG0jZzMU0v55UOc/qtPSh0x5ybGcBd5R4="},"senderSigningKey":{"public":"BeXzTlFtkgIG1VkNrbr3fzOwU58qg6xzLyJAZnXBWbcM"},"senderMessageKeys":[]},{"senderKeyId":1590600061,"senderChainKey":{"iteration":0,"seed":"c5e4CTydrNXS2+3AHfcJQcP5iRxfDawUTvpZyGk3BX4="},"senderSigningKey":{"public":"BXuxugkbir9C8aD1wpPXoUJjdfQbJB0+F8OcmL0xfgAc"}}]