[{"senderKeyId":153687767,"senderChainKey":{"iteration":6,"seed":"9C9296YzZ5KkZ1mkyJNOQSXHWAc9Ub8bc5xdppOomqs="},"senderSigningKey":{"public":"BQz5fJeRoiBHTYYZI3NzQ5+y9FtDN+UqUsGTBElHY7cR"},"senderMessageKeys":[]},{"senderKeyId":2018706825,"senderChainKey":{"iteration":39,"seed":"F5uVggFJjC/gizXChNRGZCDBfsCsluf5o8hUdQeOceI="},"senderSigningKey":{"public":"BWcLVFliu47K2hcio4Y2tqZabxZ84LhszayrHy4bZmdp"},"senderMessageKeys":[]},{"senderKeyId":2018706825,"senderChainKey":{"iteration":1,"seed":"8A88H18/t8BM+c+9fS65zq3cklfjwEN2gPfbkv7Nqes="},"senderSigningKey":{"public":"BWcLVFliu47K2hcio4Y2tqZabxZ84LhszayrHy4bZmdp"},"senderMessageKeys":[]},{"senderKeyId":2018706825,"senderChainKey":{"iteration":21,"seed":"3WQCb2yqP19L6rD2NvZZdRsnRNZVpgVzygl8MiaSqN0="},"senderSigningKey":{"public":"BWcLVFliu47K2hcio4Y2tqZabxZ84LhszayrHy4bZmdp"},"senderMessageKeys":[]},{"senderKeyId":1128100150,"senderChainKey":{"iteration":26,"seed":"+eRauAf20U9b8obKeA0mVRzvA2cUVjdgRpAbCvKDg0I="},"senderSigningKey":{"public":"BYRx0KdxQngU0HZ5THGUoGL30g8DD/vmOznZhmpHe4ok"},"senderMessageKeys":[]}]