[{"senderKeyId":885854501,"senderChainKey":{"iteration":0,"seed":"2bD/cJZWaEP79RqzpK0Z1edOafwbRW7SRrETwRIBgGo="},"senderSigningKey":{"public":"BdK7Hyfw+KzcTopAwZu8R8Iox/4MObuXwz5l48lPyOY9"},"senderMessageKeys":[]},{"senderKeyId":781135524,"senderChainKey":{"iteration":0,"seed":"hUzL4/+mjiI/jmS/BNAakPPNsy7WZzha8xkp2kUv0lY="},"senderSigningKey":{"public":"BYJyL562+Ucn/Qu6EdUfPjOSuMvYQ47yPAtDZ8sUH1tY"},"senderMessageKeys":[]},{"senderKeyId":760339743,"senderChainKey":{"iteration":0,"seed":"wwaHHANpxlzej4gIiry3vQeiifWCwKWmcnl6MgBd/RM="},"senderSigningKey":{"public":"BWHIwryp0SiJxJYlf/840YziX52ILxCnamOJDa6bYr5Z"},"senderMessageKeys":[]},{"senderKeyId":516181606,"senderChainKey":{"iteration":0,"seed":"uRAMTbkoXP9mtVwR/LakgMfmPAev4lIYIv+yCZ2OmnE="},"senderSigningKey":{"public":"BZTMj2IhrWwAi+6BLFFkI3R/QOsMcn/I/jU24MACHmEU"},"senderMessageKeys":[]},{"senderKeyId":516181606,"senderChainKey":{"iteration":0,"seed":"uRAMTbkoXP9mtVwR/LakgMfmPAev4lIYIv+yCZ2OmnE="},"senderSigningKey":{"public":"BZTMj2IhrWwAi+6BLFFkI3R/QOsMcn/I/jU24MACHmEU"}}]