[{"senderKeyId":449729937,"senderChainKey":{"iteration":0,"seed":"Vx4ETYpfgHwi8kIeIFeatNKuKyFK1sqRvYRCKvKopME="},"senderSigningKey":{"public":"BWOYh7M4FxIIrdX14TSu6YObox+LVNHSGWeQnJ6FDo13"},"senderMessageKeys":[]},{"senderKeyId":1463196298,"senderChainKey":{"iteration":0,"seed":"1qWsGWZX8MCvyTGTAbCpBcfJbmtDDcFmvmRj4g8Sq1w="},"senderSigningKey":{"public":"BWIglFjD1k6eSVbrqxHasU3b0PdH5GtmsA4JUB7ZZhp4"},"senderMessageKeys":[]},{"senderKeyId":1463196298,"senderChainKey":{"iteration":0,"seed":"1qWsGWZX8MCvyTGTAbCpBcfJbmtDDcFmvmRj4g8Sq1w="},"senderSigningKey":{"public":"BWIglFjD1k6eSVbrqxHasU3b0PdH5GtmsA4JUB7ZZhp4"},"senderMessageKeys":[]},{"senderKeyId":1463196298,"senderChainKey":{"iteration":0,"seed":"1qWsGWZX8MCvyTGTAbCpBcfJbmtDDcFmvmRj4g8Sq1w="},"senderSigningKey":{"public":"BWIglFjD1k6eSVbrqxHasU3b0PdH5GtmsA4JUB7ZZhp4"},"senderMessageKeys":[]},{"senderKeyId":1463196298,"senderChainKey":{"iteration":0,"seed":"1qWsGWZX8MCvyTGTAbCpBcfJbmtDDcFmvmRj4g8Sq1w="},"senderSigningKey":{"public":"BWIglFjD1k6eSVbrqxHasU3b0PdH5GtmsA4JUB7ZZhp4"}}]