[{"senderKeyId":143519509,"senderChainKey":{"iteration":0,"seed":"54jqIY0iDDmuANXcsJnoShfLftKdhdgg8OYwjTquFqs="},"senderSigningKey":{"public":"BTRuWgbZcTIgpFNCjH5xNsBvL48PZGF2KUFuUoqcSLRW"},"senderMessageKeys":[]},{"senderKeyId":2097022466,"senderChainKey":{"iteration":0,"seed":"ir64vR/3nPGgVrqnovFFTOFt2rB0SypSJoxPoiCy1Fg="},"senderSigningKey":{"public":"BVq1I6d1le9teWRpRvR3KVrUhN/A9r/4KgPDbxgvpY0+"},"senderMessageKeys":[]},{"senderKeyId":469185391,"senderChainKey":{"iteration":0,"seed":"nhteOMFTM4Ah2ORU/ZmoGcNAmSdCr6u4oc35JEVPdK8="},"senderSigningKey":{"public":"BWAmpQSzjXNyh7lCuBbUyNCRBG2t1IF2hv8+YTMp48c/"},"senderMessageKeys":[]},{"senderKeyId":469185391,"senderChainKey":{"iteration":0,"seed":"nhteOMFTM4Ah2ORU/ZmoGcNAmSdCr6u4oc35JEVPdK8="},"senderSigningKey":{"public":"BWAmpQSzjXNyh7lCuBbUyNCRBG2t1IF2hv8+YTMp48c/"},"senderMessageKeys":[]},{"senderKeyId":965511161,"senderChainKey":{"iteration":0,"seed":"E7y7TimDplQa0e2Nt304GSm9Q3LNqVyyUCWr6EVPW2A="},"senderSigningKey":{"public":"Bah5mQbmSjTolqa29ONux45z9y4cP1T6d0CpCAu/F8Yj"}}]