[{"senderKeyId":1015089542,"senderChainKey":{"iteration":0,"seed":"hZtilLjlpxrENoHqq/940NSj/H6buY2OjA4rx/8nWdE="},"senderSigningKey":{"public":"BS0lew1tayH5n5rfrRWR7jJfESkDgnG5lBjPexXsmaFa"},"senderMessageKeys":[]},{"senderKeyId":976768875,"senderChainKey":{"iteration":0,"seed":"dYLYV2NmOpxxlZqy9JxZcbAB6pP4be/P2Wmd+7+usfA="},"senderSigningKey":{"public":"BQFQvoiuas6bSQ5hrNbYfke6YAFqS56ffbtBr5rrYjph"},"senderMessageKeys":[]},{"senderKeyId":4404808,"senderChainKey":{"iteration":0,"seed":"TX3QC19CW8OL9hScBDq6sc9+d/x+qZNG1pFX7Six5pA="},"senderSigningKey":{"public":"Bfl44gTXqveGnyu2rS2r48+Q7MgpHnUW8bmYSh2JBeQM"},"senderMessageKeys":[]},{"senderKeyId":1207368584,"senderChainKey":{"iteration":0,"seed":"eGpyMYgFqYqrAq0k1vkEbHVa0fwcDXenJ75EUyeWiBE="},"senderSigningKey":{"public":"BTReCgrf6cI3cvsq0f7I2sao8OKc1/roKh+SHXgWlFVW"},"senderMessageKeys":[]},{"senderKeyId":1882636352,"senderChainKey":{"iteration":0,"seed":"ZzsIHeJSYN81DSsTY8O5/V81qIBkTTmzk5ERMPYdNHY="},"senderSigningKey":{"public":"BWV+9XcejPllBvS6myB+OgCKjrRYUKxSApQnPniys7Ml"}}]