[{"senderKeyId":2017768866,"senderChainKey":{"iteration":0,"seed":"7DK5FM7uipfAEit/rSGzWHPhUIcZ+e9h3evGSFHELPE="},"senderSigningKey":{"public":"BbUI3OB0T/cR/T2LU7MIxvz9MYWt/ClfrFPw4Ny6jjl8"},"senderMessageKeys":[]},{"senderKeyId":470295546,"senderChainKey":{"iteration":0,"seed":"Aur8uxE+kfd0xtfXtpi9/kjTbo+2JK1VpvGapfsiI1Y="},"senderSigningKey":{"public":"BdJBIqSDaxKU8ujOnDglxGrGFng2j18EVlERaTuhNEYS"},"senderMessageKeys":[]},{"senderKeyId":44513589,"senderChainKey":{"iteration":0,"seed":"jCQck/QxO7i1UvONc+qmqJZyKCx98t5wn2/gYMtXQOA="},"senderSigningKey":{"public":"BYF2OX/UqYtryIpDKe2zkhMfZKXB3mrTjk5kfMwSvngG"},"senderMessageKeys":[]},{"senderKeyId":854126248,"senderChainKey":{"iteration":0,"seed":"mQDqxphAomuO3qinxg4phhoO9NuYAC/2ypodGiEtGE8="},"senderSigningKey":{"public":"BZRSRXzeg/eYeYJhoN2WLpaB8eumdNprI9QzOpNi9zUj"},"senderMessageKeys":[]},{"senderKeyId":530872315,"senderChainKey":{"iteration":0,"seed":"ZmPKFRzFKHpPMLTorGQH58aW7P2bSBjiw84Z0RB5QK0="},"senderSigningKey":{"public":"Be9weDY+Van6eSp7Z3ADFPYke4iL65eEhhVNKJjoJmEK"}}]