[{"senderKeyId":1138279277,"senderChainKey":{"iteration":0,"seed":"sWZjO/R4NjHkt+Be5GU8keFtRYKXX1Dd9/LpD/5x12k="},"senderSigningKey":{"public":"BWtySyWBri0Pj0dwX3k/g2CdE+1oVTKU1VREyzGhQusW"},"senderMessageKeys":[]},{"senderKeyId":1138279277,"senderChainKey":{"iteration":0,"seed":"sWZjO/R4NjHkt+Be5GU8keFtRYKXX1Dd9/LpD/5x12k="},"senderSigningKey":{"public":"BWtySyWBri0Pj0dwX3k/g2CdE+1oVTKU1VREyzGhQusW"},"senderMessageKeys":[]},{"senderKeyId":486401026,"senderChainKey":{"iteration":0,"seed":"7roXwFDxFr78jE/YTENjB+rEW7qluYsrWp6zArPc0Og="},"senderSigningKey":{"public":"BQbOEXbkclbVkIwq/1MGCEPl9fr6W0b+F9iAiXdxzc1s"},"senderMessageKeys":[]},{"senderKeyId":760486521,"senderChainKey":{"iteration":0,"seed":"E/IAnh4jL+QSQN8/+NHMqy3mGoblYhqbzs/8Tzo/Opk="},"senderSigningKey":{"public":"BeJR8X2B5XAqCZg/k3xGqxnwpHL1Xr3fqXITWIxAuP0F"},"senderMessageKeys":[]},{"senderKeyId":704368013,"senderChainKey":{"iteration":0,"seed":"4ZZXXhvWBC0N7e2Y9WeV/GJFxLKI2eiEyNoerZXFFAQ="},"senderSigningKey":{"public":"BeldwoTYYaOb9LkvI8CH3cggKP+g4sxw4dMPa8odABYT"}}]