[{"senderKeyId":1944711923,"senderChainKey":{"iteration":0,"seed":"AInbk/YQksW2cqGho+54KXge2Z+ONm2zV0vhOyHr0qI="},"senderSigningKey":{"public":"Ba/6zW5bLq+gMOdg+2NY1UWRJ27840e12lAFNkdP6Ici"},"senderMessageKeys":[]},{"senderKeyId":1944711923,"senderChainKey":{"iteration":0,"seed":"AInbk/YQksW2cqGho+54KXge2Z+ONm2zV0vhOyHr0qI="},"senderSigningKey":{"public":"Ba/6zW5bLq+gMOdg+2NY1UWRJ27840e12lAFNkdP6Ici"},"senderMessageKeys":[]},{"senderKeyId":1294580478,"senderChainKey":{"iteration":0,"seed":"OCwqYLoZ+4j0jqJzgy1mUG+Z/bUsn8yJ3wZRxAOIlLk="},"senderSigningKey":{"public":"BSfGOVe6w3VCh6UZXFK2OUJmYW9QIX/YTQ1yzWtcbP9g"},"senderMessageKeys":[]},{"senderKeyId":796520834,"senderChainKey":{"iteration":0,"seed":"z2esIClLvNm2jCzOZq+Ls6tyBFNhQkcdlk/Da69f5b4="},"senderSigningKey":{"public":"BWJIpyR+hefO5F/4qSof1VWAhXILFpJzi+vRXolZbe5c"},"senderMessageKeys":[]},{"senderKeyId":2025772469,"senderChainKey":{"iteration":1,"seed":"leOnKMpl8N27jiJvnt9wPENnnMVT9+7PU7dvlsEyjbM="},"senderSigningKey":{"public":"BXQEDsL+b9Dt05lLDRCMLxvH4YzWlUxgKFbz1L7aeKUL"}}]