[{"senderKeyId":1189751396,"senderChainKey":{"iteration":0,"seed":"rLCvf0VExNi9iV4bFXZaBVj8ayRStWhoZ2FvcMVykBw="},"senderSigningKey":{"public":"BY7aFd/4a67nMHJ3Ya26s8cmuff8Nz0W27AF/CSIN+Av"},"senderMessageKeys":[]},{"senderKeyId":1949483253,"senderChainKey":{"iteration":0,"seed":"+LaO6CZSU3I6Ebd+kX8y/kwNgkSZd2E1PWnO2HGyGVs="},"senderSigningKey":{"public":"BYCLg+w3wDT4lqGpv+Tfhb0M6HSM0psuwBvZIUbv4kwl"},"senderMessageKeys":[]},{"senderKeyId":283172995,"senderChainKey":{"iteration":0,"seed":"Ds0lHLzyzAxCM9vMw0HeHBdTXb8yLjDfdQkwiuN+0JY="},"senderSigningKey":{"public":"BTS4BbjGEMMIrg78fLk4iT2GIJUH33Yn/N0OY+MmLgA0"},"senderMessageKeys":[]},{"senderKeyId":283172995,"senderChainKey":{"iteration":0,"seed":"Ds0lHLzyzAxCM9vMw0HeHBdTXb8yLjDfdQkwiuN+0JY="},"senderSigningKey":{"public":"BTS4BbjGEMMIrg78fLk4iT2GIJUH33Yn/N0OY+MmLgA0"},"senderMessageKeys":[]},{"senderKeyId":335143911,"senderChainKey":{"iteration":0,"seed":"bFqyRUbaTWSYhlkyg1gUWHmBOprZAaPnoQbtYqzvvlM="},"senderSigningKey":{"public":"BeK4MrWGux02zVfg1LSwxZ72L5Xb+Uba+FTN3sMJcwID"}}]