[{"senderKeyId":1167688836,"senderChainKey":{"iteration":0,"seed":"/4BHPRzcfj7rU6AwNTlSEstY354aBpknfR7H48pSdlg="},"senderSigningKey":{"public":"BWtr8jMumGwP5jIH5JFOY/2PFosmc98QhdZiCiQmDg07"},"senderMessageKeys":[]},{"senderKeyId":1013240560,"senderChainKey":{"iteration":0,"seed":"DGhNpnG/PcCrspuwN9ylKvb8tf05Wtw7I+aIbtDZzr0="},"senderSigningKey":{"public":"BYtQqiNSe373BHpqXwYRiajCvi4T9dV+e/x9rtcLeLZn"},"senderMessageKeys":[]},{"senderKeyId":1431102952,"senderChainKey":{"iteration":0,"seed":"9evaL4V2egPq2sg706WgSyiMzYn6Oqjh2gcpkuRGwvg="},"senderSigningKey":{"public":"Bcwf/Lr6yKuVaFjkcpm9V0OO/JvE9bAnO14OC8oJ1hoZ"},"senderMessageKeys":[]},{"senderKeyId":1431102952,"senderChainKey":{"iteration":0,"seed":"9evaL4V2egPq2sg706WgSyiMzYn6Oqjh2gcpkuRGwvg="},"senderSigningKey":{"public":"Bcwf/Lr6yKuVaFjkcpm9V0OO/JvE9bAnO14OC8oJ1hoZ"},"senderMessageKeys":[]},{"senderKeyId":920637793,"senderChainKey":{"iteration":0,"seed":"FxkvJT5RBP/R5I5SsJEd2eTwnNJUfhb6zIolDZcnW3c="},"senderSigningKey":{"public":"BWoJ8BAM28/DHy/8NM91Azq+wcV/9ylzLvUYC1ekV2ZK"}}]