[{"senderKeyId":170970215,"senderChainKey":{"iteration":0,"seed":"0cap1kATmiieDAL262ge6A2u/MvMu2eBttekdDJ4Myk="},"senderSigningKey":{"public":"BcftQMtk/6/kQtYePcoKn7EVqG330uiwehzvcV4/bW8Y"},"senderMessageKeys":[]},{"senderKeyId":453822432,"senderChainKey":{"iteration":0,"seed":"AanLvZ42Kzqt7fPnq/8UsnulAPdr6dVaXzjjZ00z9dM="},"senderSigningKey":{"public":"BUoRXpU2m8mnhhDmR33ZJ0dK5a3gkeRdcxx+1qQL1xcV"},"senderMessageKeys":[]},{"senderKeyId":307102725,"senderChainKey":{"iteration":0,"seed":"vaueFvj0Dn+IyN57K76rqJRqFX35qZ/2LMXzMZY6vc4="},"senderSigningKey":{"public":"BV9T/dame9S31A1dnoYJWiSH5utwvgj8q9coBTJQY9RZ"},"senderMessageKeys":[]},{"senderKeyId":489742739,"senderChainKey":{"iteration":0,"seed":"dHzaL616gcmeaplyDSq4g+0Zua7fyoloinH51s05f2I="},"senderSigningKey":{"public":"BYMrIdaRrv9z6hrlS6Dj6US6I/7H6UdFrT4ABagGqCFg"},"senderMessageKeys":[]},{"senderKeyId":687671110,"senderChainKey":{"iteration":0,"seed":"sFoQ00BJBMLxwbBKHaDxWef1MzdsqGYqg+qSZ3ZUjKM="},"senderSigningKey":{"public":"BVlniwO5NmnD9UPpo3Ms3TjxfpEauLHnqqlx+x4zSDh6"}}]