[{"senderKeyId":583005758,"senderChainKey":{"iteration":2,"seed":"z99HraTLnSbMttvuTGgUE7XKgpD0HIAiKszrMi+yXOQ="},"senderSigningKey":{"public":"BUn+INpes4p9TLhPNN1I22w2aideTzVRv74kAboeRzlY"},"senderMessageKeys":[]},{"senderKeyId":507968621,"senderChainKey":{"iteration":1,"seed":"VIa33IM6qzNzh9JwHkCD5TQcpN9tW7eOygRXZg+eyBA="},"senderSigningKey":{"public":"BbGgrL8FOplBB11pkEt9HfYvIY4hSoe5ml1ugHWEzFFh"},"senderMessageKeys":[]},{"senderKeyId":507968621,"senderChainKey":{"iteration":0,"seed":"RN2nq23AQBibGaaGz2eX54gga4Cq3eWMO5+MIfDbAMA="},"senderSigningKey":{"public":"BbGgrL8FOplBB11pkEt9HfYvIY4hSoe5ml1ugHWEzFFh"},"senderMessageKeys":[]},{"senderKeyId":1460097086,"senderChainKey":{"iteration":0,"seed":"S8xzgBuqkt1fcdxvw9DXtuChCNCmf+CSoZz+sj/veEk="},"senderSigningKey":{"public":"BX4w/Ri92Q57EIti9YWmabxOQ+NOCINeRqtUb5HMo0A3"},"senderMessageKeys":[]},{"senderKeyId":1924358001,"senderChainKey":{"iteration":0,"seed":"NHUc5CDVEx3DjCK0+0YWmGGmH84GOUuibvMMpF7fL5M="},"senderSigningKey":{"public":"BRDaCPKn4xOD8dNmSkvYiGccYwCjFfNaHTLdZVQ+/ckq"}}]