[{"senderKeyId":2072493453,"senderChainKey":{"iteration":0,"seed":"5iA62EICWqqy7kjQvhYzTdbWr5Ks03nJrTFHsK2Hc88="},"senderSigningKey":{"public":"BYBQOWo6wFFZxUOf2w0ZgKOlUTJ2ViL3OhHxpNJPWfsO"},"senderMessageKeys":[]},{"senderKeyId":173233041,"senderChainKey":{"iteration":0,"seed":"5BK42WynVdx7uzq9R3g4PwdS2hD2BK3NynA7KpivtA8="},"senderSigningKey":{"public":"BdMX0kc4+wS1biNH5koRQVKo3eK9IT2vVTbu35DrI5Uv"},"senderMessageKeys":[]},{"senderKeyId":435898835,"senderChainKey":{"iteration":0,"seed":"Gld6UI0erYhQ3EFYuBiWQcxmJsKe/dqErnIcXmdzcQc="},"senderSigningKey":{"public":"BWxZWByw40f5RHAgkkDEkKZ+Jw1pgicEDbSnQWFIBNQz"},"senderMessageKeys":[]},{"senderKeyId":584047368,"senderChainKey":{"iteration":0,"seed":"G94ewYtn1d4E77+PacW9/ymKC1lPylMSWQBkbWoRSJY="},"senderSigningKey":{"public":"BZEg9xbTl64ocLoRFazPoEr4vkIc6Q0XdQKEE003Dt0W"},"senderMessageKeys":[]},{"senderKeyId":1995385513,"senderChainKey":{"iteration":0,"seed":"NS+9mKmqs/1XcJm8wy4n6GMrEHTGLfNhpaOnucfHiZM="},"senderSigningKey":{"public":"BRkSaXWtUfe6oqlGAj0BioxQPwSHnPbs92OlFDIclOg9"}}]