[{"senderKeyId":1052881566,"senderChainKey":{"iteration":0,"seed":"KPnyA3b/TIonEwibXOoJj4YOme/y5iOGm+6XWI1AZoE="},"senderSigningKey":{"public":"BXn889M+X0OylDhWD9HUov+qpsxWFRuqMRwgXHgYDVBG"},"senderMessageKeys":[]},{"senderKeyId":182368623,"senderChainKey":{"iteration":2,"seed":"+7/MToMKC8z8h6f7HGaBoqKyTA/HzR1dB55erJsHFSw="},"senderSigningKey":{"public":"BWebxxPqEtvke3ZUTdkCyKvlhm2BhXaFsFXclqkEPMVY"},"senderMessageKeys":[]},{"senderKeyId":2052679482,"senderChainKey":{"iteration":1,"seed":"fmRWfQHNMB9+qFvjQ6UzpfUCP3YUuPqY9tz/iDdftbY="},"senderSigningKey":{"public":"BXmbqt3L3Y4iRIVXeKdaDiDQsvqj3C9O2HiVWz/zaXpc"},"senderMessageKeys":[]},{"senderKeyId":734570761,"senderChainKey":{"iteration":2,"seed":"hAx7fEgpxTXLdeHexcsKUV9fwl5DqScHiAKv74af4P4="},"senderSigningKey":{"public":"BcdmSB8ICeWPNy2DyaC77YhtFEafHee3BGFnNNMgw8UU"}}]