[{"senderKeyId":31766370,"senderChainKey":{"iteration":0,"seed":"boh4tWctKAnzvfB1m2RFQjv1Q8G6lAI2tb8ALUp6lgE="},"senderSigningKey":{"public":"BT3qZIplsRdWPq/nBQxYOZmUTpDb7atcIlU7OwQetd1+"},"senderMessageKeys":[]},{"senderKeyId":1725406360,"senderChainKey":{"iteration":0,"seed":"jN4se9m32Ldw1fdTpcVz3KOY7NHVSudf/LmwfllpMjo="},"senderSigningKey":{"public":"BfM0P+NnhOSx87CR92RG6ukyFO8IOhoP7loTed8se9Qb"},"senderMessageKeys":[]},{"senderKeyId":1725406360,"senderChainKey":{"iteration":0,"seed":"jN4se9m32Ldw1fdTpcVz3KOY7NHVSudf/LmwfllpMjo="},"senderSigningKey":{"public":"BfM0P+NnhOSx87CR92RG6ukyFO8IOhoP7loTed8se9Qb"},"senderMessageKeys":[]},{"senderKeyId":970799560,"senderChainKey":{"iteration":0,"seed":"l4xEwMUNBoPSbfmZ4fc/FPsUlIWxQ8huX6gYmZfAQ0A="},"senderSigningKey":{"public":"BUMzJn+nn0LuIQDY+DyX+lNiqF+E2uF9oCokQelA4e05"},"senderMessageKeys":[]},{"senderKeyId":2145414993,"senderChainKey":{"iteration":0,"seed":"SalEm88+dSh7IGrnio7Iemvs4GXa5wVKdrKDZbkoBpg="},"senderSigningKey":{"public":"BdJ5biPVRRk1dygc+kNjbkCBhZM+LgOqd1IIau20z6UT"}}]