[{"senderKeyId":1931192518,"senderChainKey":{"iteration":1,"seed":"t+DDEp2ryJN8PpsMl0Ym57lnufcpG8o6ShZxA1mFinE="},"senderSigningKey":{"public":"Ba0h/+Ah0bV3IgF0zDr0qyE+vYLKGkW7kraQH3VgF9ws"},"senderMessageKeys":[]},{"senderKeyId":1555393312,"senderChainKey":{"iteration":6,"seed":"dbwl4ssmJMMtdLzA8IOkXsL/MAw+M+Wso5ydUa6dgfM="},"senderSigningKey":{"public":"Ba/XVeWkkzKNSE8Ft+42B5EBIYZjVI980VP1QSdf2TBw"},"senderMessageKeys":[]},{"senderKeyId":456722698,"senderChainKey":{"iteration":1,"seed":"m7mWLxhq1SXNPmxmnac0dz/p2X5r94jxcjDWm1p3Rsk="},"senderSigningKey":{"public":"BaklCND4fTMFYeSe7Woa3EqiH7I2JEGynShpa3RovKAA"},"senderMessageKeys":[]},{"senderKeyId":1013601519,"senderChainKey":{"iteration":2,"seed":"E07rNTAkKhl74GmAhYoIRNfbOy7sRW00rpB/qsO80e0="},"senderSigningKey":{"public":"BSwsRn4DyJMgloF6LgFhOQsgl5VStCTewvUE+7d95mpw"},"senderMessageKeys":[]},{"senderKeyId":1884810518,"senderChainKey":{"iteration":6,"seed":"42xhd7VJQ2AUzcfbjhdcqYytegrc82teKh7XqxZcFEs="},"senderSigningKey":{"public":"BQ5Z9Tz/ekAtyRKtWXfiEP/cMULHeLW4qL8Z4X1uwfwr"}}]