[{"senderKeyId":543510052,"senderChainKey":{"iteration":0,"seed":"/QUwAJj6LRO0ld7EeEpSS8VXSMHlzrgQo3LlYn/E7eA="},"senderSigningKey":{"public":"Bdc6UzUYVk3wvU/nVTLZlCV8xYClWnrQ+UEarWu2sYA6"},"senderMessageKeys":[]},{"senderKeyId":1574541313,"senderChainKey":{"iteration":1,"seed":"t5G54z7zNlHdzabzBjIkqpIL4WNa7EEX9WiYC4pAvaA="},"senderSigningKey":{"public":"BU2DgwGNxRBGgTY2QcXSbN9X0nsBaGx626xw/DXLWTtd"},"senderMessageKeys":[]},{"senderKeyId":813591406,"senderChainKey":{"iteration":102,"seed":"hwOENFkBzDMt9xdkGByX8TA1ve6bayYxgzBeLT/b7vU="},"senderSigningKey":{"public":"BSSWuglzQhfdmUZUt9BcIMbdIUGGZnJi5juQ6w1x/NVd"},"senderMessageKeys":[]},{"senderKeyId":719270837,"senderChainKey":{"iteration":22,"seed":"Ja8u4MFe8DDFVBwiCMgNvyuxn2Z/SEyyvwZonPwvxQg="},"senderSigningKey":{"public":"BaNMkPUtXp6vGe/rvNm9sgFzaHeKV/rRV3I05cFMBTZU"},"senderMessageKeys":[]},{"senderKeyId":719270837,"senderChainKey":{"iteration":21,"seed":"wwKO0NiziUTvmXIqJQPf5TKo6PXW13Jo5EMf+Bm7qpc="},"senderSigningKey":{"public":"BaNMkPUtXp6vGe/rvNm9sgFzaHeKV/rRV3I05cFMBTZU"}}]