[{"senderKeyId":778716929,"senderChainKey":{"iteration":0,"seed":"7yFXwkFfN0i1h/o0xG/POaNwKMCYz/LpIwj/Ydcx8qk="},"senderSigningKey":{"public":"BX5xTXaAwMrrD5dB7hV8L2otmSxgJ2NjGEJgWtxlVw1t"},"senderMessageKeys":[]},{"senderKeyId":764156770,"senderChainKey":{"iteration":0,"seed":"gwkZDVDQYAoJSVrrri15mOYrstyB8z1mrzhXs+BykYU="},"senderSigningKey":{"public":"BZAad8qTydJmIyevkoGQktNX0foq9NLrHWhV9YR6cthL"},"senderMessageKeys":[]},{"senderKeyId":2075341231,"senderChainKey":{"iteration":0,"seed":"B757qz5DbrM4ru5IhfQvUDQoOFZUJxxBSRG44UnX9sg="},"senderSigningKey":{"public":"BWbGsR3QGzLPCG11+O2eSbq4/tHbVdNtNByUUtCixtQ8"},"senderMessageKeys":[]},{"senderKeyId":1974413606,"senderChainKey":{"iteration":0,"seed":"ehij4IqUSFC9i0+wFtgYKKzKm0H7b3MWd5yAaqPJQKs="},"senderSigningKey":{"public":"BYUVhN/Z7N7RTZ8iaFWVb9jRpbHjYVQ4bWjhbw/QprZc"},"senderMessageKeys":[]},{"senderKeyId":985543849,"senderChainKey":{"iteration":0,"seed":"hgYS4+OvO8bHS8QgvWgilpWi7fnkC/tpAvr17y+E4Y0="},"senderSigningKey":{"public":"BTRtL+FblqU08mjgSsOHADL63efRMJL5CDPCMkoHRPMU"}}]