[{"senderKeyId":1980207703,"senderChainKey":{"iteration":0,"seed":"LqKCIfIK7sRxtoZbaDaAndVWRoceSaZ5dEi/DqnOojI="},"senderSigningKey":{"public":"BUBhbuYAueyWhF3YzDeR+UBsKAv62Dm4OImJ5wLbf2gJ"},"senderMessageKeys":[]},{"senderKeyId":1058943850,"senderChainKey":{"iteration":0,"seed":"j2lz4CGGsdQ7m29XiERsiE5OOAOUXShFIxKvhj0r4A4="},"senderSigningKey":{"public":"BT1XlzflGM9DFlmEFpeN3DLMzoX3N5pfS257PhU/C7Qn"},"senderMessageKeys":[]},{"senderKeyId":886409393,"senderChainKey":{"iteration":0,"seed":"NCuMmcGUER8/RiCdR7PPbW0qDB9/jz+93T30tRJ0RUk="},"senderSigningKey":{"public":"BaBxY2m9f9gDdQeTJULQf/EiarBDVBfCmREEs/dLTyd1"},"senderMessageKeys":[]},{"senderKeyId":371605309,"senderChainKey":{"iteration":0,"seed":"3RMEHLtBCr3EXMX7HWXf2YMCBu8t9xIx0kPOBxIOWuo="},"senderSigningKey":{"public":"BRYe6HvOKTEkAJQ4rGdM9nryZsbvOJC9UBB65sITRIE6"},"senderMessageKeys":[]},{"senderKeyId":900241147,"senderChainKey":{"iteration":0,"seed":"KrvfJFZyug75KtNy0GY4fzpHVQIFNOXMizodFo2u5P4="},"senderSigningKey":{"public":"BY6yWUH4sx1spMWTOf7QdOpsZXgBlhe3uK2x9rWc7yEd"}}]