[{"senderKeyId":452514621,"senderChainKey":{"iteration":0,"seed":"i7YmHHUt22BlgkiplibErCTcSfS0h1OChbVR6DoMCwo="},"senderSigningKey":{"public":"BVvYao+Ofa2dHKm8Fh6bvKAqipXBTw3bEQPotAzeImxh"},"senderMessageKeys":[]},{"senderKeyId":1521599472,"senderChainKey":{"iteration":0,"seed":"EJjnqLgwZo5iYDuyCPh8k1jmo78hXwMwGrZABWba36Q="},"senderSigningKey":{"public":"BfmdB8XWM/PMKoDOlig8dV68tKx2LftX4ueIl4iCbPwV"},"senderMessageKeys":[]},{"senderKeyId":1272084149,"senderChainKey":{"iteration":0,"seed":"o6rvPn/zBV5KwGU1JkEev8+CsMKKgXSRqZl396KsxfM="},"senderSigningKey":{"public":"BQdakas0PdO6kSEF+2mvdb6bj9HpgSZBsXPA0al9VPkj"},"senderMessageKeys":[]},{"senderKeyId":1999033452,"senderChainKey":{"iteration":0,"seed":"c9nJ/PaPGaAlCzpEProB5HY9uPtsL4YS9tCm8YsEZyk="},"senderSigningKey":{"public":"BVkz6oS5UP8qou5xlwoWOOn5fSGAifwQvfeYaIRCgg5/"},"senderMessageKeys":[]},{"senderKeyId":846128044,"senderChainKey":{"iteration":0,"seed":"FuueZ80N604BWWloqxyupkJ6/ZI/AcX/lFxCoedCXU0="},"senderSigningKey":{"public":"BXuryQcq1W6z4d0vQ87IRAb+n2LcIhrjUZhaMB9bjtdQ"}}]