[{"senderKeyId":1242722664,"senderChainKey":{"iteration":0,"seed":"1t9o3+h5ELY77vOdjp+px5DpANQEKW9mI1ImN/khYtQ="},"senderSigningKey":{"public":"BXKct98/aQvs0O+xOcRlhs83r/qQ02jfzK3tn6IphkhW"},"senderMessageKeys":[]},{"senderKeyId":1927708718,"senderChainKey":{"iteration":0,"seed":"gIDdh9PiS1Uu7BwZhKjdcmlMH883aCyD/5Y9C+XrBbg="},"senderSigningKey":{"public":"BZGzp9sYO4/en46tPfcOwpVfLDOCKAiGY5CYWl3W7Vka"},"senderMessageKeys":[]},{"senderKeyId":1927708718,"senderChainKey":{"iteration":0,"seed":"gIDdh9PiS1Uu7BwZhKjdcmlMH883aCyD/5Y9C+XrBbg="},"senderSigningKey":{"public":"BZGzp9sYO4/en46tPfcOwpVfLDOCKAiGY5CYWl3W7Vka"},"senderMessageKeys":[]},{"senderKeyId":1927708718,"senderChainKey":{"iteration":0,"seed":"gIDdh9PiS1Uu7BwZhKjdcmlMH883aCyD/5Y9C+XrBbg="},"senderSigningKey":{"public":"BZGzp9sYO4/en46tPfcOwpVfLDOCKAiGY5CYWl3W7Vka"},"senderMessageKeys":[]},{"senderKeyId":1943766595,"senderChainKey":{"iteration":0,"seed":"EZyhBDYzv/3BhdvvuHIuAnuA/CLkErX+LcbbKcsQ2Wg="},"senderSigningKey":{"public":"BXV6QkiAsFc/svVF8uV7X6pmTqRy7xHaeDd+T8QaeewA"}}]