[{"senderKeyId":578207310,"senderChainKey":{"iteration":0,"seed":"4UaVlllQx5mgb3WD3wwjCi6w2mRVZaIW5mLj2Fv+P1g="},"senderSigningKey":{"public":"BX3BQNKFfS+hocLeD7ERkC88wCGqNmA8F7ynfUdkfYdw"},"senderMessageKeys":[]},{"senderKeyId":699785752,"senderChainKey":{"iteration":0,"seed":"LBaKjo35fhrieNmIIEYmTUjOI3ZvWqAJrzIFfb9oQ+4="},"senderSigningKey":{"public":"BXLaArnIMAIJxY9eNO1O9zVUQmqM5m5WCm4wbz43lwJA"},"senderMessageKeys":[]},{"senderKeyId":224233539,"senderChainKey":{"iteration":0,"seed":"9qPLqkvDprsGihb3z/zxVhWNFjhLldZ4Ed4SuAsKFv4="},"senderSigningKey":{"public":"Be+tJvRSOfLr9nyf85DsFzUPGQxdoC4Hy9a0Dc/BJapN"},"senderMessageKeys":[]},{"senderKeyId":224233539,"senderChainKey":{"iteration":0,"seed":"9qPLqkvDprsGihb3z/zxVhWNFjhLldZ4Ed4SuAsKFv4="},"senderSigningKey":{"public":"Be+tJvRSOfLr9nyf85DsFzUPGQxdoC4Hy9a0Dc/BJapN"},"senderMessageKeys":[]},{"senderKeyId":1670134560,"senderChainKey":{"iteration":0,"seed":"jJwfUPDzBq4bV4DAkIImmV0PBJmOpOm19aEa/zdykd0="},"senderSigningKey":{"public":"BW/S2RgaV/ntUZ/aa9sUb2InhTqKqwHmbuTjOtnIHywQ"}}]