[{"senderKeyId":155362881,"senderChainKey":{"iteration":2,"seed":"HQj3QwPC9F6RTxdcUN85iDaU63jtqPeQH/QCAwGMzAs="},"senderSigningKey":{"public":"BWsEVyQFoZFPjGtkp5DI+wfFXQcACq0dyJeJ6Pxh8DJo"},"senderMessageKeys":[]},{"senderKeyId":707615606,"senderChainKey":{"iteration":0,"seed":"MV1wXLkpjrQW0+GuzXRzOI7t3HqeEDsjD6HP67v981U="},"senderSigningKey":{"public":"BUbKpCr0LTZcbC/uDk+4yAzGbAgOu7R2UlWQdgivFAp/"},"senderMessageKeys":[]},{"senderKeyId":1426907048,"senderChainKey":{"iteration":0,"seed":"asvT9vpwfrOvLi+ylLJjl1cswK0HzdA81qKGFxn/+FQ="},"senderSigningKey":{"public":"Bbxth9/5UL6Yxh661Lrh1hq4ZY0H1HTn0SUEh9s90BgE"},"senderMessageKeys":[]},{"senderKeyId":1620755108,"senderChainKey":{"iteration":0,"seed":"sP9fBZLRRW+CogOrfZf9h7IQjredw/Z3bP4ChKaAtcw="},"senderSigningKey":{"public":"BeG2oZbDlfT/boXZtzv2tkqxCWNIAQB9YRVlHY58vBMv"},"senderMessageKeys":[]},{"senderKeyId":770879223,"senderChainKey":{"iteration":0,"seed":"Lp2D5oR+HyCsG97uhzUdW0GptUGOKaDfKvOeStWAUHM="},"senderSigningKey":{"public":"BbxkmMke0RKYNcUxTEEf5MASlSvpWseVDmU6Oi4oJogd"}}]