[{"senderKeyId":1898791747,"senderChainKey":{"iteration":0,"seed":"DV5yxUcqHpX3MeEBSZKTcWFgx3pkMXM90STmeUoBbTk="},"senderSigningKey":{"public":"BXLKKJDVmLKZPUUKDM/k+MAX2alqntEaEC9dgJYALAoD"},"senderMessageKeys":[]},{"senderKeyId":732848617,"senderChainKey":{"iteration":1,"seed":"QQs7YFUQj16gjsM/uTv+yzV4XwX/mKMPyvpg6T9vEUw="},"senderSigningKey":{"public":"BWknxljHfP2WkRVrWFmZLfxL43wkdDkAsY28941tqqMk"},"senderMessageKeys":[]},{"senderKeyId":732848617,"senderChainKey":{"iteration":0,"seed":"F7WxrLfys7S0w1vrDDIPep3ywCjtPw8v0Dc/3yCNFuc="},"senderSigningKey":{"public":"BWknxljHfP2WkRVrWFmZLfxL43wkdDkAsY28941tqqMk"},"senderMessageKeys":[]},{"senderKeyId":732848617,"senderChainKey":{"iteration":0,"seed":"F7WxrLfys7S0w1vrDDIPep3ywCjtPw8v0Dc/3yCNFuc="},"senderSigningKey":{"public":"BWknxljHfP2WkRVrWFmZLfxL43wkdDkAsY28941tqqMk"},"senderMessageKeys":[]},{"senderKeyId":732848617,"senderChainKey":{"iteration":1,"seed":"QQs7YFUQj16gjsM/uTv+yzV4XwX/mKMPyvpg6T9vEUw="},"senderSigningKey":{"public":"BWknxljHfP2WkRVrWFmZLfxL43wkdDkAsY28941tqqMk"}}]