[{"senderKeyId":200637296,"senderChainKey":{"iteration":0,"seed":"OCBgA2UTMId62GV0IPvaGlSLVdHMS8K5UlIXm37tOOY="},"senderSigningKey":{"public":"BWlA7ZYl9Y/cWz4Fuwdw9dyxi1qRO2vyphI8SluM2JYa"},"senderMessageKeys":[]},{"senderKeyId":1260237259,"senderChainKey":{"iteration":0,"seed":"lMUk6WPDXYhta21w50FyXh5qLCyrEN4hCIVGJFnGRu4="},"senderSigningKey":{"public":"BaA6kN4Y3fO0bTm7nuyHTUA3KzzOcsOdogGpn5MupxZ+"},"senderMessageKeys":[]},{"senderKeyId":1260237259,"senderChainKey":{"iteration":0,"seed":"lMUk6WPDXYhta21w50FyXh5qLCyrEN4hCIVGJFnGRu4="},"senderSigningKey":{"public":"BaA6kN4Y3fO0bTm7nuyHTUA3KzzOcsOdogGpn5MupxZ+"},"senderMessageKeys":[]},{"senderKeyId":1474316879,"senderChainKey":{"iteration":0,"seed":"Hjp3f5wAP1tNIIQKuYomgCFULEhRycgBD4IRzZX+nv4="},"senderSigningKey":{"public":"BZW1tIUnsHeER9IY4Ya/fKkofXE0AcZD7i2aDCo2fEFX"},"senderMessageKeys":[]},{"senderKeyId":435258393,"senderChainKey":{"iteration":0,"seed":"804i151sd33iZ+bdvBCh1UGaBvrORCU2Y0CKM1rEDNM="},"senderSigningKey":{"public":"Bb6Hv9nfr3Ia1LfL1thalrYViqjwfQVmULC4hCe4PjZA"}}]