[{"senderKeyId":170371318,"senderChainKey":{"iteration":0,"seed":"G/MYBI8pfjIzKYTQAt5FUmuz1NIxps19dTJSuXNKu9s="},"senderSigningKey":{"public":"BWuWimKGC2KBUQLwKyIg3ZaUMM/CYC0CluiVwypaqsQT"},"senderMessageKeys":[]},{"senderKeyId":2057993887,"senderChainKey":{"iteration":0,"seed":"S9Z1MyEcJvDobTp3nPDownx97bFGxrV1SA8KGoqhPps="},"senderSigningKey":{"public":"BclrHFc89O/YviKoaS/iix7LB6JZEs65B7xfE9WlavIm"},"senderMessageKeys":[]},{"senderKeyId":1779924920,"senderChainKey":{"iteration":0,"seed":"eEYrlcGJ71bIOLRTyXhlyZrWoCAKWkSoxEnRZnWSpeE="},"senderSigningKey":{"public":"BX/6MbI7Ao1Pnj4UTKNvoNz/lImHxAz2KgJWv0jYMUVE"},"senderMessageKeys":[]},{"senderKeyId":2051343564,"senderChainKey":{"iteration":0,"seed":"BEWaXdmq/VtPB5yS9+P9R3ZS5+urmIijyKBoEcvT8k4="},"senderSigningKey":{"public":"BYKG0khXZ0hD+jkpr7ctWVp4DSjiv3xjssC+JhOLXdwU"},"senderMessageKeys":[]},{"senderKeyId":405926102,"senderChainKey":{"iteration":0,"seed":"07VXslyky3J6ChqDZAMQIpRJFsCf7bkmv97udq4fGBo="},"senderSigningKey":{"public":"Bap5/ma2+Rv9I+hYPc7/Po7kd6i4Ygv82o6i3DuGrMtW"}}]