[{"senderKeyId":2068039190,"senderChainKey":{"iteration":1,"seed":"264iKBeeTlOuuZTrU+YpsDYYXrO8b5KR1+C2uDioEbg="},"senderSigningKey":{"public":"BRjipiIn/7tRiA5/4I3ZbG6TDByj4nj++G5yOW7INhdP"},"senderMessageKeys":[]},{"senderKeyId":2068039190,"senderChainKey":{"iteration":1,"seed":"264iKBeeTlOuuZTrU+YpsDYYXrO8b5KR1+C2uDioEbg="},"senderSigningKey":{"public":"BRjipiIn/7tRiA5/4I3ZbG6TDByj4nj++G5yOW7INhdP"},"senderMessageKeys":[]},{"senderKeyId":1026616966,"senderChainKey":{"iteration":1,"seed":"C1ikYlgiE0LAj5gzUyGaeQrkuxj27jDCbxTA3+Kg/iY="},"senderSigningKey":{"public":"BQp2B6nkFsoPe6Qx5CYWubc0PlABbDaQu1EtydHb4ZUk"},"senderMessageKeys":[]},{"senderKeyId":1264441330,"senderChainKey":{"iteration":0,"seed":"JSL34iNFUyCykclE6iDRqcaVmaUWrHgV9PaMSlPf4xA="},"senderSigningKey":{"public":"Bd3fA4HNNdAOdTg0Jx5k/90KPQreuW5x35Qrmbkq/KFM"},"senderMessageKeys":[]},{"senderKeyId":1264441330,"senderChainKey":{"iteration":0,"seed":"JSL34iNFUyCykclE6iDRqcaVmaUWrHgV9PaMSlPf4xA="},"senderSigningKey":{"public":"Bd3fA4HNNdAOdTg0Jx5k/90KPQreuW5x35Qrmbkq/KFM"}}]