[{"senderKeyId":85641754,"senderChainKey":{"iteration":0,"seed":"g+CsOzSMnz/dE9RTIy3qPP1Vow8mwV2BZFaTLgFfW5s="},"senderSigningKey":{"public":"BT2xzfQ64r1MLbxlD8H5j5oeEece4qcyp5ip1skaiP9L"},"senderMessageKeys":[]},{"senderKeyId":74491686,"senderChainKey":{"iteration":0,"seed":"I2bamoUZsLHKERlyGCe/duveWq7KU1o10tCK9xGJgdI="},"senderSigningKey":{"public":"BQq7zBFpBJbF1WdgZaQTySwfqN5hzJeuzvGxyYjSq0cx"},"senderMessageKeys":[]},{"senderKeyId":445710153,"senderChainKey":{"iteration":0,"seed":"hZyieBYHevuf6h0gXtas92/ioYvSbBgQnS3q/ZFNye4="},"senderSigningKey":{"public":"BfxVhHgh/YSiphlx9I5EiA1XOd4PrRNy8YCs+4Oym+NP"},"senderMessageKeys":[]},{"senderKeyId":1059343063,"senderChainKey":{"iteration":0,"seed":"DyWIrib8Iv9/DJo2mthAfua/hYfooLrH3fTWZoziJP4="},"senderSigningKey":{"public":"BZrh43vctCPjm4RBeV+JR49kJlJ+iQhp8tKdY7kxAwkc"},"senderMessageKeys":[]},{"senderKeyId":2134889502,"senderChainKey":{"iteration":0,"seed":"ico1Bd5JCn66ZXfBtWHS/I0p5vSpqeHk6Pg1ye7cEpY="},"senderSigningKey":{"public":"BVGejtByLAyhq3bBFvXSVpwMlE7J0iNCyJoq/wr7EUVb"}}]