[{"senderKeyId":2059298158,"senderChainKey":{"iteration":0,"seed":"gan1cB9G2q/evdQjykDeekopXtEGgmVXFjNTB0YDWFs="},"senderSigningKey":{"public":"BYeP4wZlViSpyBSiBcjRYbUJTCYo8Jh/3x+om8o3t3Qe"},"senderMessageKeys":[]},{"senderKeyId":1256015342,"senderChainKey":{"iteration":0,"seed":"KLUw+uufJOPV6jBvxbPxsYY/s9cZEbASHrz+tUlRVBA="},"senderSigningKey":{"public":"BQfhSILaxv2wupx+XiGi/ZkefXOXBJRoodNs0hUDLCMb"},"senderMessageKeys":[]},{"senderKeyId":165871556,"senderChainKey":{"iteration":0,"seed":"VyAcafZ/aT0Lb1mVyI0HPqsyD6SbqZY6QAh3hXujJGw="},"senderSigningKey":{"public":"BTVkSQvu9PZqYzrl8o+X+ZXe1uBC2qzS/8ud+ZVWegtx"},"senderMessageKeys":[]},{"senderKeyId":492041234,"senderChainKey":{"iteration":0,"seed":"D7TfMiWJbZnbSLUPy7NYoIW1ey+rjxcXH+JsPwzhDXE="},"senderSigningKey":{"public":"BWvjnB7E4Q+xCWnAVyupvH7z5xkJef7BxisgkUQEquoD"},"senderMessageKeys":[]},{"senderKeyId":1458128982,"senderChainKey":{"iteration":0,"seed":"2qLiIlp3wji09RiSkjzaCpWajkdF4LMdyZKdKd4j0ZA="},"senderSigningKey":{"public":"BbqYVNNt6nA2edlG4Hk+Nq8RGQGarbAwoqnnSpu0q8ZO"}}]