[{"senderKeyId":359695533,"senderChainKey":{"iteration":0,"seed":"NmPa5Kxoc5xBLer4ukr5or/w5T3/tcaW4hmPIwXLG9E="},"senderSigningKey":{"public":"BTBr7sMvRvbCc4UctunrLawLXjpHHftfjRLE22fH7qpu"},"senderMessageKeys":[]},{"senderKeyId":1388776988,"senderChainKey":{"iteration":0,"seed":"yiwxX8WcLtPVoT9Yy5oQo9gle1p0LxQNF9HaKQxL7tw="},"senderSigningKey":{"public":"BRnNfOZEQmAJgqdtYDtRt/UKZKkFh+gzOf8VNRqmfOpB"},"senderMessageKeys":[]},{"senderKeyId":1388776988,"senderChainKey":{"iteration":0,"seed":"yiwxX8WcLtPVoT9Yy5oQo9gle1p0LxQNF9HaKQxL7tw="},"senderSigningKey":{"public":"BRnNfOZEQmAJgqdtYDtRt/UKZKkFh+gzOf8VNRqmfOpB"},"senderMessageKeys":[]},{"senderKeyId":1291702080,"senderChainKey":{"iteration":0,"seed":"wfn18YOgyD8AaSywxbfED2wU9iSFsFSSjHlhE6cnE1Y="},"senderSigningKey":{"public":"BZqGqYzZkGqaeKAubogVGBouNJPHHguTl3xZcun7Y51D"},"senderMessageKeys":[]},{"senderKeyId":236756032,"senderChainKey":{"iteration":0,"seed":"M0cLBXccdZvfgRvuPnjCyVgQxXvLBhOvJk8AmGkBnys="},"senderSigningKey":{"public":"BV6PBBsCZuaeQPnOjX7rExw0QVqawc/yni0PxKYUuQEA"}}]