[{"senderKeyId":288606646,"senderChainKey":{"iteration":0,"seed":"kKERgZ0lcszeSWqv0XI5Qj+XKvAIkamMi8n1hwUbJAU="},"senderSigningKey":{"public":"BUUE1+rCkEbz7a0zY04PE1fsZ824LKZDOl5ffeRErGol"},"senderMessageKeys":[]},{"senderKeyId":475135657,"senderChainKey":{"iteration":0,"seed":"SETHlcJJm9C3SBK2IvDj4ouLKiWtM7Hy5kBdhK8bGgU="},"senderSigningKey":{"public":"BfoIpxbYaiFaBcmohYafJAmG2WAmRYahYqG3X6oNLb5C"},"senderMessageKeys":[]},{"senderKeyId":954262859,"senderChainKey":{"iteration":0,"seed":"1RW/btMgYS/a/AvFdwybHPiui7+ilVAbMUDYP966Hys="},"senderSigningKey":{"public":"BYmoqeYUVAuU9Fq+EAI4QrG5LYw0GBbhGkzP7bNnajFm"},"senderMessageKeys":[]},{"senderKeyId":954262859,"senderChainKey":{"iteration":0,"seed":"1RW/btMgYS/a/AvFdwybHPiui7+ilVAbMUDYP966Hys="},"senderSigningKey":{"public":"BYmoqeYUVAuU9Fq+EAI4QrG5LYw0GBbhGkzP7bNnajFm"},"senderMessageKeys":[]},{"senderKeyId":1518294218,"senderChainKey":{"iteration":0,"seed":"OzJhOgxmYn564EKxc/79k7nuLl+MF/zxWC6+caWrlgg="},"senderSigningKey":{"public":"BXHi/hlD/bbkT17E1B0ROhjsFpiuQeENXb9cNe4plPRM"}}]