[{"senderKeyId":565836450,"senderChainKey":{"iteration":0,"seed":"j2+XQ7SYyzPBuDfYwMgGr2r2HkXEISPjHHdt+bv8JTc="},"senderSigningKey":{"public":"BS5lfmDmtWFgiUQ22bomTqU9e48JLGC93W2dBthrhVxF"},"senderMessageKeys":[]},{"senderKeyId":2006618440,"senderChainKey":{"iteration":0,"seed":"G2iw44vtMro8Z1Sxg9Hrgm1qtdd3XTgHTozOdii9ouo="},"senderSigningKey":{"public":"BV4yhDp1zcRJ5rzMF5gcOWhIT5O3MbgTw/+poK7+ljZp"},"senderMessageKeys":[]},{"senderKeyId":435949087,"senderChainKey":{"iteration":0,"seed":"ntpeH9PjAw4mJ2nlal4KtTtj0/BJIxii/2f48cKD7y8="},"senderSigningKey":{"public":"Bex3xYc9ncNJQD7K84kZijQ9Co4CMwjGp4LBmhR0Zctq"},"senderMessageKeys":[]},{"senderKeyId":435949087,"senderChainKey":{"iteration":0,"seed":"ntpeH9PjAw4mJ2nlal4KtTtj0/BJIxii/2f48cKD7y8="},"senderSigningKey":{"public":"Bex3xYc9ncNJQD7K84kZijQ9Co4CMwjGp4LBmhR0Zctq"},"senderMessageKeys":[]},{"senderKeyId":1566890153,"senderChainKey":{"iteration":0,"seed":"TrjaZfbyU/4IE4g8lgKWF+jn5WPGGGKTdZGvezKxEcU="},"senderSigningKey":{"public":"BQtZTDNy5u17iHTu3IxnmCXGi/s2PvJp5fr9VJN0AOwo"}}]