[{"senderKeyId":273501903,"senderChainKey":{"iteration":0,"seed":"LqviHLTSWZaMBUy5MrVTZC9XkFiuFQl56HnFZlytgMQ="},"senderSigningKey":{"public":"BVJcYjUxwS6HL+8+CT7DMmNX8wvncm6IGn2BGyf8NQ0a"},"senderMessageKeys":[]},{"senderKeyId":1625543308,"senderChainKey":{"iteration":0,"seed":"kpziHShce4GRnvOIurnDXvLovRtzwH7BNWs+Od333xs="},"senderSigningKey":{"public":"BWLex7DMvpksvMP75Tg/nwIUelBWndmvXWH5AjuAs1Rg"},"senderMessageKeys":[]},{"senderKeyId":1658839405,"senderChainKey":{"iteration":1,"seed":"3B7iwE97rev8peCcr8ufnGc9pADDtarOiX+qzDXryP4="},"senderSigningKey":{"public":"Ba76wq+BCGJUug+3E51PKM9FCeCUKfZEArTmk5/TUSR8"},"senderMessageKeys":[]},{"senderKeyId":1508476857,"senderChainKey":{"iteration":3,"seed":"2K0OeXCrIyVPFLIgslEgeQoU7tVXTAMxHeeZ1BqneeY="},"senderSigningKey":{"public":"BWuydxC1D6VKX9J0lcTbciz230BqdrN0ndjykCcAkooe"},"senderMessageKeys":[]},{"senderKeyId":181543650,"senderChainKey":{"iteration":1,"seed":"ItiTa8GDA/rBtk/Qq0petbx7/1Y7+nBtP9q+3quTckM="},"senderSigningKey":{"public":"BRVDMDy6FYj2iQpu7tud7NR2EGKsK/8HNP77DkS45SVM"}}]