[{"senderKeyId":1222368138,"senderChainKey":{"iteration":0,"seed":"9ZKvvLdUVa96vnNNg3hp0rFKTklyaDUBDhmDXFLCu+U="},"senderSigningKey":{"public":"BUyJcLEAgNH422PtWG2VqWD3sxxQvqTUwDGjVEq+8Jtq"},"senderMessageKeys":[]},{"senderKeyId":1172935980,"senderChainKey":{"iteration":2,"seed":"67Ba5KuQWpnjgCbZ32eZ4/I30rHmIDBDmqPUYw1E94c="},"senderSigningKey":{"public":"BdNpBXEM2Ulh1o3mY3np/QfHIPF5iIuSQuLqQphXnPFl"},"senderMessageKeys":[]},{"senderKeyId":533730553,"senderChainKey":{"iteration":0,"seed":"alkBN9R5wDt9mNenufPP9dCTrkFD9fm3S6BQ4ml+KGw="},"senderSigningKey":{"public":"BYro21GZ2NnlMZJ19rRFw2r/pfyGHic0kJWRlZdQE7Nv"},"senderMessageKeys":[]},{"senderKeyId":1556236177,"senderChainKey":{"iteration":0,"seed":"OyQbRc05tbFgrgOo12lECfYNMREZBuS6lT3j+hdNKAU="},"senderSigningKey":{"public":"BTzCW5GH6b/i9mfL+nMAueitxcbddCetOzbKvYTFZ0Au"},"senderMessageKeys":[]},{"senderKeyId":1349628133,"senderChainKey":{"iteration":4,"seed":"YCEJ2J0gaTHifRCoh0yIktQjQ2iZ4ryGqL9sUeeT4CY="},"senderSigningKey":{"public":"BYvyIO9AtYl03vZDjz5Rq7HwejiTyzRzvgD7zOfqfj92"}}]