[{"senderKeyId":1554871692,"senderChainKey":{"iteration":0,"seed":"4ayeXuST219wcbYz21gNqg661xRmjUjZBMHsS+E9DTk="},"senderSigningKey":{"public":"BTr6CgyQKeSfmwaYF7hc5b1Q4I8x8VcpDnHrzCz/z81l"},"senderMessageKeys":[]},{"senderKeyId":442960627,"senderChainKey":{"iteration":0,"seed":"vHWS0nXcn/0ntBj3by6X5XntbhFJl1ezsEc4BAZ2Jhg="},"senderSigningKey":{"public":"BUeIrF+Lmc0DwRQSPLp9Lfir1Kx/U1CCwLIi05A1GFlf"},"senderMessageKeys":[]},{"senderKeyId":594154045,"senderChainKey":{"iteration":0,"seed":"FRwn+5OW6SbnPW32VINciInDYxBfFKA2Y4YuEZrdT0U="},"senderSigningKey":{"public":"BVpLq2bJ01qG46GZjmMtjMWAc3jnrIWa4bFH4ZTlJaJT"},"senderMessageKeys":[]},{"senderKeyId":1210050478,"senderChainKey":{"iteration":0,"seed":"EuLo+OBrvXvZRslrrwy+igPQJvm56bToPtyBmNwNsaM="},"senderSigningKey":{"public":"BUCGNrepV46fxpc4ULfEKVPWAaE6B6sV77pDjFjGLEMb"},"senderMessageKeys":[]},{"senderKeyId":1730772068,"senderChainKey":{"iteration":0,"seed":"QcHHk/qVeQRs9VP76jjzEgYUgYzS5Ug0vKZiN3BkI9g="},"senderSigningKey":{"public":"Bbm7DU7xON8gZNLWFN05PLc3Y/ohTfgmuXOHswRhDOVu"}}]