[{"senderKeyId":327601610,"senderChainKey":{"iteration":0,"seed":"B+y7h/qcLV99iA5ZmkHabTpYRcaporT26RWFC/PzLqE="},"senderSigningKey":{"public":"BR+G74ZLD1GcGT8e5VanlgU+UMonQIlu9emg5UtW001Q"},"senderMessageKeys":[]},{"senderKeyId":327601610,"senderChainKey":{"iteration":0,"seed":"B+y7h/qcLV99iA5ZmkHabTpYRcaporT26RWFC/PzLqE="},"senderSigningKey":{"public":"BR+G74ZLD1GcGT8e5VanlgU+UMonQIlu9emg5UtW001Q"},"senderMessageKeys":[]},{"senderKeyId":1763978830,"senderChainKey":{"iteration":0,"seed":"aZHyjPY+YXEzISXzIKwvn0BlaKxA0HTTiQqzQkj4FeM="},"senderSigningKey":{"public":"BXtZDWFo9kaIY/6JgJXCcqLxTiIcaW69e+KYGQ7Tlucj"},"senderMessageKeys":[]},{"senderKeyId":1343419373,"senderChainKey":{"iteration":0,"seed":"3pxxrJYU3lW25aFA4ie9EfUicxyd0jNE91CbFI2NP24="},"senderSigningKey":{"public":"BVq0PY2XhSJxKzb7CZVFUckjPh2PPYzIXiLwL+dXfIAq"},"senderMessageKeys":[]},{"senderKeyId":1162714067,"senderChainKey":{"iteration":0,"seed":"aILJMu1TjialwviVKgRTo6Lr9vC+9NrRSRO/MEZdmt8="},"senderSigningKey":{"public":"BYxHpGKl5as6v7URcb6x62qI1LOC2erWj3c82heRgcNx"}}]