[{"senderKeyId":1564489357,"senderChainKey":{"iteration":0,"seed":"0Ea4dfFngA00ZaOX9eG9o8PnfNZcL/q15JN7+GZXCb8="},"senderSigningKey":{"public":"BWyVdNCknbpl9rF1VEek+iY+IITOpS1lheuh/oX+pDhC"},"senderMessageKeys":[]},{"senderKeyId":1299280417,"senderChainKey":{"iteration":0,"seed":"t0Rhguw8fgnaUN+bUKfD2xxxsjdQ0IicAgDnPmyVKZ4="},"senderSigningKey":{"public":"BV1aFvrmjd6Zl2g7eBSaOwsXcw77nrhAxHBA9PnHpJgW"},"senderMessageKeys":[]},{"senderKeyId":1299280417,"senderChainKey":{"iteration":0,"seed":"t0Rhguw8fgnaUN+bUKfD2xxxsjdQ0IicAgDnPmyVKZ4="},"senderSigningKey":{"public":"BV1aFvrmjd6Zl2g7eBSaOwsXcw77nrhAxHBA9PnHpJgW"},"senderMessageKeys":[]},{"senderKeyId":1993671870,"senderChainKey":{"iteration":0,"seed":"/T3kS6SAZXRkNgerCwpbRzO2oTstS94Ae9FiP6//vgo="},"senderSigningKey":{"public":"Bdd/7FBEBCxjHmbZT+T2PBbqngGlOENO2a8dCl7umDNh"},"senderMessageKeys":[]},{"senderKeyId":2048447114,"senderChainKey":{"iteration":0,"seed":"aS9BMyAgbKRXg3bEJq/NB+znPOUMOhUWzOTDEzDsTKg="},"senderSigningKey":{"public":"BYQYC1UzMK/dlT3w4OmDswg/rr+1mBQUt5KV9OG+dH4D"}}]