[{"senderKeyId":1995225039,"senderChainKey":{"iteration":0,"seed":"1FxNOxhp1+HvLsExbirpGbJEOAfFxvcqhnHbzxySubU="},"senderSigningKey":{"public":"BZxdKQZwBd4z8lKHq3+pHsOHui0vXqmyI33uIpqVO2Eh"},"senderMessageKeys":[]},{"senderKeyId":1995225039,"senderChainKey":{"iteration":0,"seed":"1FxNOxhp1+HvLsExbirpGbJEOAfFxvcqhnHbzxySubU="},"senderSigningKey":{"public":"BZxdKQZwBd4z8lKHq3+pHsOHui0vXqmyI33uIpqVO2Eh"},"senderMessageKeys":[]},{"senderKeyId":530465862,"senderChainKey":{"iteration":0,"seed":"bwm2ltTs0nV797RujFJwWLaV3ePj1oItFjkN65F1kKU="},"senderSigningKey":{"public":"BVE4jHhlO+gi1Wyata6eh2VvshJJOS2G/M5OqFgUqppq"},"senderMessageKeys":[]},{"senderKeyId":49251660,"senderChainKey":{"iteration":0,"seed":"0XS/R1aOqYCtsgLZP9RimBwFB/XqaqobtJ9wGdS2wAw="},"senderSigningKey":{"public":"BTP3XEogGXJ/5ZUWZTw5skFlileueUHW2bNkWGf5KSoT"},"senderMessageKeys":[]},{"senderKeyId":100822130,"senderChainKey":{"iteration":0,"seed":"nSrIsNZYhJTofG2vJ8ApM5jvvFRzqV2beWf+RGlhUd4="},"senderSigningKey":{"public":"BRGnowYN9j7oa6etEdU+CoFR+0FZ3XQCUByvaslBZbcK"}}]