[{"senderKeyId":1881211394,"senderChainKey":{"iteration":0,"seed":"EdiZCcwhQLyDx63WejwLDUfHt8cK2S7s+0vBIw6lOuI="},"senderSigningKey":{"public":"BcuN1Hyn1Z2l7ETtXQU8jSvaateCdf1LvAegGuaqYIVf"},"senderMessageKeys":[]},{"senderKeyId":101929185,"senderChainKey":{"iteration":0,"seed":"A7jOeh3948BUaweMKzW+wtQJM25LvqTYMthCRWTmih4="},"senderSigningKey":{"public":"BSZ4GXIjHmzo6VYpzoXtjh8RCex6T/jAr5eHP55qXl5n"},"senderMessageKeys":[]},{"senderKeyId":101929185,"senderChainKey":{"iteration":0,"seed":"A7jOeh3948BUaweMKzW+wtQJM25LvqTYMthCRWTmih4="},"senderSigningKey":{"public":"BSZ4GXIjHmzo6VYpzoXtjh8RCex6T/jAr5eHP55qXl5n"},"senderMessageKeys":[]},{"senderKeyId":101929185,"senderChainKey":{"iteration":0,"seed":"A7jOeh3948BUaweMKzW+wtQJM25LvqTYMthCRWTmih4="},"senderSigningKey":{"public":"BSZ4GXIjHmzo6VYpzoXtjh8RCex6T/jAr5eHP55qXl5n"},"senderMessageKeys":[]},{"senderKeyId":1516372695,"senderChainKey":{"iteration":0,"seed":"vIASgJ5wtYSQG4mLnxuth/eZk5M35L5A/27IA1N3Byw="},"senderSigningKey":{"public":"Bd/7mIC419FWArWKyW0v1rshLUAtJhFpJaxiPB6yyQIA"}}]