[{"senderKeyId":1491405185,"senderChainKey":{"iteration":0,"seed":"4+ArXcgJy0RKDTTyRYlxXzvVtUzIoMzkYYJ98VhT/X0="},"senderSigningKey":{"public":"BTaobv6hycpIs+O8G3+Re8QnVSYE4fJam1228aoH+BIP"},"senderMessageKeys":[]},{"senderKeyId":1671010198,"senderChainKey":{"iteration":0,"seed":"VMTTvMj1hsq4RNerQ14X1nZ4tLz5Xm94ZoWGKH+AB2o="},"senderSigningKey":{"public":"BUpt9n2PNOpVINwDUmNrq53LOisBdF6jvYluq6aNSog6"},"senderMessageKeys":[]},{"senderKeyId":1671010198,"senderChainKey":{"iteration":0,"seed":"VMTTvMj1hsq4RNerQ14X1nZ4tLz5Xm94ZoWGKH+AB2o="},"senderSigningKey":{"public":"BUpt9n2PNOpVINwDUmNrq53LOisBdF6jvYluq6aNSog6"},"senderMessageKeys":[]},{"senderKeyId":2138608483,"senderChainKey":{"iteration":0,"seed":"lGyBQNS/e3yjSIy+gYFqe3/b/C3AAoJN1mC1uGzYgfw="},"senderSigningKey":{"public":"Bcg69LJspBYxIFHoSk8oSp9dXd5kPK5sYvnnOMJS8vwY"},"senderMessageKeys":[]},{"senderKeyId":367302981,"senderChainKey":{"iteration":0,"seed":"JM7EBd/svI9a3sRZxiB4jXCAV99r7qDDytyBNDMGjjk="},"senderSigningKey":{"public":"BfKUrGEayuXeLhGz4Wp+NQA+E1O3cfT/+q8aDtXBj4lO"}}]