[{"senderKeyId":2129189760,"senderChainKey":{"iteration":1,"seed":"SxwvosIs7Zd2FSMV3iA+8OZzfXX46FwTJSyF7AKVt2s="},"senderSigningKey":{"public":"BSoDr2zbP8c23Ebh2jUTmVzazZiqrnWYzwmmUDkGFHVy"},"senderMessageKeys":[]},{"senderKeyId":958905448,"senderChainKey":{"iteration":0,"seed":"2vpIiUiy5f0ovlU2Ivnjv6vzt+DO6nGovIvhPP6I03E="},"senderSigningKey":{"public":"BRJFdf6ZfD5hrXPh/38Xtu0yrdMSpVqHcIFBaKhnkNcf"},"senderMessageKeys":[]},{"senderKeyId":958905448,"senderChainKey":{"iteration":0,"seed":"2vpIiUiy5f0ovlU2Ivnjv6vzt+DO6nGovIvhPP6I03E="},"senderSigningKey":{"public":"BRJFdf6ZfD5hrXPh/38Xtu0yrdMSpVqHcIFBaKhnkNcf"},"senderMessageKeys":[]},{"senderKeyId":958905448,"senderChainKey":{"iteration":0,"seed":"2vpIiUiy5f0ovlU2Ivnjv6vzt+DO6nGovIvhPP6I03E="},"senderSigningKey":{"public":"BRJFdf6ZfD5hrXPh/38Xtu0yrdMSpVqHcIFBaKhnkNcf"},"senderMessageKeys":[]},{"senderKeyId":294319114,"senderChainKey":{"iteration":1,"seed":"LO4/MeWeDNno5fh0ZvAHJSslcHe/02bVS3IanRIsvts="},"senderSigningKey":{"public":"BbTTMTqyeFh7043w2tWftUAOp2LuCXZ+bkd2GHLq6e9X"}}]