[{"senderKeyId":1650744940,"senderChainKey":{"iteration":4,"seed":"RfWahxTgF+795lYJ5C5Ej7ebpzhuJr5yjUm1WaitNTA="},"senderSigningKey":{"public":"BQz+eLJNm01XJyyb2iMD+j2WYio1Uoj1t7ezdZGZkV93"},"senderMessageKeys":[]},{"senderKeyId":1650744940,"senderChainKey":{"iteration":1,"seed":"xcx/b0BjMIJ6C6JAuGvjgAjPVO7K+EmzBotbsy0+YAM="},"senderSigningKey":{"public":"BQz+eLJNm01XJyyb2iMD+j2WYio1Uoj1t7ezdZGZkV93"},"senderMessageKeys":[]},{"senderKeyId":1650744940,"senderChainKey":{"iteration":2,"seed":"ZEuUJIGt2vDLKp+7o4vluaRF8EXaqmMGCQAyNMM9fu0="},"senderSigningKey":{"public":"BQz+eLJNm01XJyyb2iMD+j2WYio1Uoj1t7ezdZGZkV93"},"senderMessageKeys":[]},{"senderKeyId":1650744940,"senderChainKey":{"iteration":3,"seed":"Wm5iI6NMoHRtPva4polMom/E4iXt3QzUQy8bB3qvcrI="},"senderSigningKey":{"public":"BQz+eLJNm01XJyyb2iMD+j2WYio1Uoj1t7ezdZGZkV93"}},{"senderKeyId":14175435,"senderChainKey":{"iteration":4,"seed":"wA5uel6ptrK/0zLMBhb5zsVmtsIAbTSU7wMMeLCSD3Q="},"senderSigningKey":{"public":"BTGjSq8Fh+yyaFOEr9dyZTBBrgqScVVjQzPooWJXAnFE"}}]