[{"senderKeyId":351066091,"senderChainKey":{"iteration":0,"seed":"e1DJX7dndtuR8+0nS90nf7brpFcqkj0ZMpa1dDyKRFM="},"senderSigningKey":{"public":"BUZQwnHeOJ59LLffDZ1t4oODHEAdCzbVbHPGPn1eW/c1"},"senderMessageKeys":[]},{"senderKeyId":1882520358,"senderChainKey":{"iteration":0,"seed":"slOkBAA89KwXveSPs7bcAZm8WKV8WEH1Eb28pFRYOko="},"senderSigningKey":{"public":"BRc26v7ajPVJZhD8EQC7kkreApTVJ1wl0UOU8IPMF01X"},"senderMessageKeys":[]},{"senderKeyId":586122754,"senderChainKey":{"iteration":0,"seed":"yJJOhXWJAliVd3VLAp1QKtyh+YWHYxaHjPG1jFqg/2c="},"senderSigningKey":{"public":"Ba1x13nQjA2F1IAIthfxswiZmdWwCHCiemzFTZ7FTkRE"},"senderMessageKeys":[]},{"senderKeyId":229765051,"senderChainKey":{"iteration":0,"seed":"C7jsx0COCIG8zHHg56Y52IWaYz6bsLuFXbrqJLbInoQ="},"senderSigningKey":{"public":"BVJUedqTLk1MM4CwBJmmpGx4KywTUTsE171JjxnqTB4F"},"senderMessageKeys":[]},{"senderKeyId":2037016109,"senderChainKey":{"iteration":0,"seed":"sHr1QhhEx97+W6ULpygJ+yf/Ipfk5n4MiArXrPmiASw="},"senderSigningKey":{"public":"BcPB9B1Rhm4vEVcgEja0O5Mlj4TQssr/mHOZeVBumDh7"}}]