[{"senderKeyId":200844864,"senderChainKey":{"iteration":8,"seed":"6fIhcmDFTi9s3FX2sZnTyPnk8Rtb1Non/XN8vCeK1NU="},"senderSigningKey":{"public":"Baukos6jibL8Pp6QY5C6NWg6JtqgzDsJz6Ji+v+1TcMn"},"senderMessageKeys":[]},{"senderKeyId":1200024857,"senderChainKey":{"iteration":0,"seed":"7Nvo13upiAVNp+kenaZARbjsmkS3/qcnpluqtNGMGbI="},"senderSigningKey":{"public":"Bfnl9QuUEheLY+/AJ1mqFq18E8o0I3fs9/yM3DIYhzEr"},"senderMessageKeys":[]},{"senderKeyId":1200024857,"senderChainKey":{"iteration":0,"seed":"7Nvo13upiAVNp+kenaZARbjsmkS3/qcnpluqtNGMGbI="},"senderSigningKey":{"public":"Bfnl9QuUEheLY+/AJ1mqFq18E8o0I3fs9/yM3DIYhzEr"},"senderMessageKeys":[]},{"senderKeyId":1548803442,"senderChainKey":{"iteration":0,"seed":"xaX/QZE6g+rGxEz/Py6Kh5ef7fZGmVvee/+jjo1EHoU="},"senderSigningKey":{"public":"BfGAVa+Tff/vLyM1NYgv48ZvZP4k+RfbpIlI7ihSdiFq"},"senderMessageKeys":[]},{"senderKeyId":2020354337,"senderChainKey":{"iteration":1,"seed":"9Uotx4ACK02v+83aKqqKchE39nNl1xfKunkg6K24/P0="},"senderSigningKey":{"public":"BY1tdsdb9KOnTSHzy/UKOqqlh8GCRy8euMXmxDTWDTF4"}}]