[{"senderKeyId":974217656,"senderChainKey":{"iteration":0,"seed":"l7XL3uYg6YZmM2Qn28+OHuJ8SexY0oMfUzmKgBbAeTg="},"senderSigningKey":{"public":"BZDpNynB2zvltQkb5wd6CU3a0UYrhXWM+4ags5ichwxv"},"senderMessageKeys":[]},{"senderKeyId":347542464,"senderChainKey":{"iteration":0,"seed":"dpNg3o41b6lgevTFnVqORaUoZnpABCfgkcN4f0pPAWU="},"senderSigningKey":{"public":"BdyD+wEMlXpsPsz/K0Pn+3tdTnpTLKVdEtByhD3wYXha"},"senderMessageKeys":[]},{"senderKeyId":347542464,"senderChainKey":{"iteration":0,"seed":"dpNg3o41b6lgevTFnVqORaUoZnpABCfgkcN4f0pPAWU="},"senderSigningKey":{"public":"BdyD+wEMlXpsPsz/K0Pn+3tdTnpTLKVdEtByhD3wYXha"},"senderMessageKeys":[]},{"senderKeyId":347542464,"senderChainKey":{"iteration":0,"seed":"dpNg3o41b6lgevTFnVqORaUoZnpABCfgkcN4f0pPAWU="},"senderSigningKey":{"public":"BdyD+wEMlXpsPsz/K0Pn+3tdTnpTLKVdEtByhD3wYXha"},"senderMessageKeys":[]},{"senderKeyId":489197792,"senderChainKey":{"iteration":0,"seed":"eVRyeg8ocWm2fYZoRp1QgABP/G38+Pxkq/UygBAnYH8="},"senderSigningKey":{"public":"BeCRtkjB16Q9Nu/WyygPAtb6aSSt1dc5XGnm/p3TSoRl"}}]