[{"senderKeyId":1189720695,"senderChainKey":{"iteration":0,"seed":"vqsPqdF9zdyVwTs1w3/5hzglZclfDoJRs0VCtWylffU="},"senderSigningKey":{"public":"BXVzYJAz0SE6NLPFXyCwZW8elmIUI7dQAeIvcfo4xj5f"},"senderMessageKeys":[]},{"senderKeyId":2088510426,"senderChainKey":{"iteration":0,"seed":"yRhHEyVtWE6xSd0TUr/+HZi+G524vjhimBKJ+Q38rj0="},"senderSigningKey":{"public":"BU96C5cxebg+NNdI8mlnbAH1OivUJKyy1PugvfIMu9E7"},"senderMessageKeys":[]},{"senderKeyId":947947782,"senderChainKey":{"iteration":0,"seed":"uSwnQ0B1bxgg1B6ZGHlMk+7MIKd+VfXrWZGJrS6yymA="},"senderSigningKey":{"public":"BYFNsqmdo3rPPkzjS84rbFvC+VDPfUpkgGz7G5e2Puxw"},"senderMessageKeys":[]},{"senderKeyId":947947782,"senderChainKey":{"iteration":0,"seed":"uSwnQ0B1bxgg1B6ZGHlMk+7MIKd+VfXrWZGJrS6yymA="},"senderSigningKey":{"public":"BYFNsqmdo3rPPkzjS84rbFvC+VDPfUpkgGz7G5e2Puxw"},"senderMessageKeys":[]},{"senderKeyId":608562957,"senderChainKey":{"iteration":0,"seed":"eL5vj3NktdnRgVKLcNZEpjy9T2D3N6JCnbpLpUdz7CI="},"senderSigningKey":{"public":"BW7EXwLcwvLZmVIhhH4uJQhL8CMWU0neLIcR9h+8AiNN"}}]