[{"senderKeyId":1019354019,"senderChainKey":{"iteration":0,"seed":"Q3tBLt+1qlyRH7q6XaSDxo36+xke/H3/DtkD6qLwOyg="},"senderSigningKey":{"public":"BY9c1r3MayRXhNVY4X2iz+j28buoMHB1o1TRP/GWBUUR"},"senderMessageKeys":[]},{"senderKeyId":1348046206,"senderChainKey":{"iteration":0,"seed":"D/AisNakO6P+pZZZbUh33++fieha5//PHG7+CTp9AIk="},"senderSigningKey":{"public":"BZFyFqo4hZBXSo3u4lpzLP8+P6bfbNLD12onyKc6y3Nl"},"senderMessageKeys":[]},{"senderKeyId":1048924201,"senderChainKey":{"iteration":0,"seed":"zFfkvVpb5pLWfgM2RvfbkWcKdNE8+np56iiMUmJ3LD4="},"senderSigningKey":{"public":"Be3ZdrLulErSheyE54Hl+r9k52Q3BW7xrSiT1B4NDoNz"}}]