[{"senderKeyId":1633055205,"senderChainKey":{"iteration":0,"seed":"OluIWLvKTkSaOq6R9FAmbn7ym4ZvMVBOLf4/AdruF5o="},"senderSigningKey":{"public":"BfeHNMIkqCkEzKw/0WRBfyNq6ZwldezdQX6fO4NvgEIv"},"senderMessageKeys":[]},{"senderKeyId":999662089,"senderChainKey":{"iteration":0,"seed":"cd4ewRtc1f8T2WwarLiYZUEIGhlHDujDF6deBdh4Q2E="},"senderSigningKey":{"public":"BegbvLy1SeMeWSENdPmzoC0PQwaZc9QKtmEz4JmMl4dL"},"senderMessageKeys":[]},{"senderKeyId":109922133,"senderChainKey":{"iteration":0,"seed":"d167W53QBbiEeJ08TjhilkklST24hUcN9hk4F8lgCz8="},"senderSigningKey":{"public":"BQlKCuMEwkrRMIL8YGyZrfHW9ApMOjeFycuJddIm2fx3"},"senderMessageKeys":[]},{"senderKeyId":109922133,"senderChainKey":{"iteration":0,"seed":"d167W53QBbiEeJ08TjhilkklST24hUcN9hk4F8lgCz8="},"senderSigningKey":{"public":"BQlKCuMEwkrRMIL8YGyZrfHW9ApMOjeFycuJddIm2fx3"},"senderMessageKeys":[]},{"senderKeyId":1401143652,"senderChainKey":{"iteration":0,"seed":"XGzqB9CMHOYoIZEqkzL+swHAcEWoNJX1LItDNmA1Als="},"senderSigningKey":{"public":"BRLZtg1iedQ3O8wbmG1hAacmPQe3HaBZL6FAUvasvg5y"}}]