[{"senderKeyId":920144229,"senderChainKey":{"iteration":0,"seed":"yCBfwIxYd/nUSHPoq0BPXGqLHriBjchcd/Xj/C9o2wI="},"senderSigningKey":{"public":"Bad3dwtgeYJ7uXRecFN/LHHvXFU3QiojlQeQ8oOW+gI0"},"senderMessageKeys":[]},{"senderKeyId":1798440228,"senderChainKey":{"iteration":2,"seed":"DmCFlIZUjDoTYFanw2QLWGhNxOeG4d+Jxx0rUIMXGfk="},"senderSigningKey":{"public":"BTri0ahA3Y9fMEKEO/ztX/nDGXkbwXMWIiej1dSbuYQj"},"senderMessageKeys":[]},{"senderKeyId":262780444,"senderChainKey":{"iteration":3,"seed":"Sv6M+mbngfzJRxWhADUWyTQMUEH2hBeXHROlevTd0Uo="},"senderSigningKey":{"public":"BYxbP1YrlnYfc6YPddGZC5BvySks6bqRLRPiXWpUcy1g"},"senderMessageKeys":[]},{"senderKeyId":262780444,"senderChainKey":{"iteration":3,"seed":"Sv6M+mbngfzJRxWhADUWyTQMUEH2hBeXHROlevTd0Uo="},"senderSigningKey":{"public":"BYxbP1YrlnYfc6YPddGZC5BvySks6bqRLRPiXWpUcy1g"},"senderMessageKeys":[]},{"senderKeyId":583678608,"senderChainKey":{"iteration":11,"seed":"neJdx22LQEEZDr9tqjBm+ElsnuZZ/AU+qV38d41jUmo="},"senderSigningKey":{"public":"Bblzy02XfnYoeGNb799+KEJbGr9LIaFtwvVXMEI0kMA0"},"senderMessageKeys":[]}]