[{"senderKeyId":672146351,"senderChainKey":{"iteration":0,"seed":"VeFaC6S48qtCKsHED3m7ZlCsvjM+MVKfJ/noFM3dzi4="},"senderSigningKey":{"public":"BWE7AD9mgH6nCqSR+6fFTCWboeF4Kfuk7g97o6wMY/0l"},"senderMessageKeys":[]},{"senderKeyId":1887411316,"senderChainKey":{"iteration":0,"seed":"iipapxze5Y8VguzQvSd39nzRc+C/1fFSGVHmJlCzbYk="},"senderSigningKey":{"public":"Bb2nCunmD1oEBb5uzsPYpgozRv6O9DrgJBs9JsKBxygD"},"senderMessageKeys":[]},{"senderKeyId":1887411316,"senderChainKey":{"iteration":0,"seed":"iipapxze5Y8VguzQvSd39nzRc+C/1fFSGVHmJlCzbYk="},"senderSigningKey":{"public":"Bb2nCunmD1oEBb5uzsPYpgozRv6O9DrgJBs9JsKBxygD"},"senderMessageKeys":[]},{"senderKeyId":7054257,"senderChainKey":{"iteration":1,"seed":"JlXsCYSs3ZA46ONEN+T3DqX7c2ztuK7WevLSv/YbYgc="},"senderSigningKey":{"public":"BWseWnKUP8zJWaaeXuUBI4Cmz+3++9t4t+Rh9OPtrEYD"},"senderMessageKeys":[]},{"senderKeyId":7054257,"senderChainKey":{"iteration":0,"seed":"YLJCRkOJPtV6UuB//NMCHEQvUNVShV63Ei593N3nnaM="},"senderSigningKey":{"public":"BWseWnKUP8zJWaaeXuUBI4Cmz+3++9t4t+Rh9OPtrEYD"}}]