[{"senderKeyId":1488721628,"senderChainKey":{"iteration":19,"seed":"mwJAcUWFF0dhToueXvLBcTFfECaeoFvyN8tzYg6rzPQ="},"senderSigningKey":{"public":"BVeAgzk58Ro5MkYQDjkeigRcetRGKAeMUM6EufRUNVYl"},"senderMessageKeys":[{},{},{},{},{},{},{},{},{}]},{"senderKeyId":1488721628,"senderChainKey":{"iteration":7,"seed":"8lTi5YfyIlbf+btBBgg/EZ0nsMT6HfN1T/IpU/qgAug="},"senderSigningKey":{"public":"BVeAgzk58Ro5MkYQDjkeigRcetRGKAeMUM6EufRUNVYl"},"senderMessageKeys":[]},{"senderKeyId":1488721628,"senderChainKey":{"iteration":11,"seed":"xyQQ5RdovuL1nmbYL0mJEdkVScLieEMZTFk8MpQ93LQ="},"senderSigningKey":{"public":"BVeAgzk58Ro5MkYQDjkeigRcetRGKAeMUM6EufRUNVYl"}}]