[{"senderKeyId":2102381345,"senderChainKey":{"iteration":0,"seed":"sntGa+P8NBdcRAHpZDv46GXlyW8fMS4vr97VoFshyM8="},"senderSigningKey":{"public":"BZnTmDGqPPg6LhAi5RJRnv7hIwud8GFA1INqnCRv/ctL"},"senderMessageKeys":[]},{"senderKeyId":224758971,"senderChainKey":{"iteration":0,"seed":"bmTn82upV0E+kw4Xli0nAxCfQsZDsBHAX+P86pBN/hU="},"senderSigningKey":{"public":"BWw7CPgXSwjPGsQOgl9XW6pzdqd+EMpSKpKOaHsCzER/"},"senderMessageKeys":[]},{"senderKeyId":488027131,"senderChainKey":{"iteration":0,"seed":"UsHQSYlID+wBarqCKY8stNTaQeRHSyTpr/cR2sAMvJo="},"senderSigningKey":{"public":"BVgZ3z9kt6kwL8sH0aMPF83BOGPxKZK+mTizpooa3XxI"},"senderMessageKeys":[]},{"senderKeyId":2028904442,"senderChainKey":{"iteration":0,"seed":"CSM7qyyrjtUo/u3TEUOfmeWpKBZXSauFgxueAs9qTFE="},"senderSigningKey":{"public":"BYaTshy+W5TMgBLneHroqEVxkGgIvG0qUz0ILL3AzuYm"},"senderMessageKeys":[]},{"senderKeyId":804474455,"senderChainKey":{"iteration":0,"seed":"XBnq3sgl408BA6HOzYTlsvrb4WZ7d9PLmIgx6ArdBBI="},"senderSigningKey":{"public":"BbumqEGJPiTbpAjLMTQYgJ9lgtDvx9SmFlIfZaCbK6VI"}}]