[{"senderKeyId":1441868586,"senderChainKey":{"iteration":0,"seed":"mo9urdybt8MnYeKa9H7ZuE+QkvfsFdZt96vgfHmLPQY="},"senderSigningKey":{"public":"BT5txxJJ22IZ8UWGbSBFN+n0OFSwRrap3K7HNOJK2mRw"},"senderMessageKeys":[]},{"senderKeyId":1964682131,"senderChainKey":{"iteration":0,"seed":"nDs4utWKfaupzfcto7jvHA1H2ZnIvRzQuKsMJ93LhH0="},"senderSigningKey":{"public":"BY1N2FcYb5ibADCONN75+9Yze3/H+9WgjHDspMrn6rwp"},"senderMessageKeys":[]},{"senderKeyId":657845465,"senderChainKey":{"iteration":0,"seed":"BtwInV5O3Hr2gS/t4sX5vrppt3hQcqi/J3Bqg6Lf+5c="},"senderSigningKey":{"public":"BXMyuqyq2hwSobzpxktFLTRHVXohTdJL8MMfOeCtQLxI"},"senderMessageKeys":[]},{"senderKeyId":1657072894,"senderChainKey":{"iteration":0,"seed":"KoyTqLBcgxLEM3gnIKXdnVy/T7EtQH6PRzqZGZYeFCY="},"senderSigningKey":{"public":"BSX4q2VI6gcN5uZp9gGg0ZyhZjhonJDVIm+Wwuv1io9F"}}]