[{"senderKeyId":1120571652,"senderChainKey":{"iteration":2,"seed":"t7gWOEYweROa8iZI70OyDKZZRgwXNzlRacpuOddLx8A="},"senderSigningKey":{"public":"BXb81LkHsa77EUkHGn0V/GtThVrdte+e8lHEzjb5vEIb"},"senderMessageKeys":[]},{"senderKeyId":1421717823,"senderChainKey":{"iteration":16,"seed":"8OZKrM+VA5OBK7+Ofqgudqi3LhA59mn9NihGKf3lfwE="},"senderSigningKey":{"public":"Bfd6PQFJ0tcJZWtpSNVX4hzYRIP4Tgx6z/b6JtsM2wkq"},"senderMessageKeys":[]},{"senderKeyId":241989235,"senderChainKey":{"iteration":119,"seed":"x6nI1fGaGXXnx3zjVnpbl/KxGmSkXMLCaHu6rYe0W5s="},"senderSigningKey":{"public":"BaprTfPrZp/dyb9JiKwk1aDXt2ORvE1spnpa73YhrSlE"},"senderMessageKeys":[]},{"senderKeyId":1391447202,"senderChainKey":{"iteration":39,"seed":"+sEj+qTHWZuP7CTGr0OtA8TrbYmDJ1CxP8VHnxaprFw="},"senderSigningKey":{"public":"BVGLz4WcUsVO1uXS5FWGTdbLuW2q5Ai+mapc8CjLRiEm"},"senderMessageKeys":[]},{"senderKeyId":1391447202,"senderChainKey":{"iteration":38,"seed":"jiOlcj7OkkkwAETEf3knXEAGkXabsdmsQchm40pYFh4="},"senderSigningKey":{"public":"BVGLz4WcUsVO1uXS5FWGTdbLuW2q5Ai+mapc8CjLRiEm"}}]