[{"senderKeyId":3383971,"senderChainKey":{"iteration":0,"seed":"N5KXT7gN76+XTomjptO3szHDSFYBudVKrqTJr0Okt7U="},"senderSigningKey":{"public":"BbI6OgvswLsEkpmqJ6PZkqCxq6stXACmy6xVJDOy58pE"},"senderMessageKeys":[]},{"senderKeyId":1305917176,"senderChainKey":{"iteration":0,"seed":"+aqkIjFqqBcuaOBCv9dy7biBz4aUoxdutgCpX/PruNA="},"senderSigningKey":{"public":"BeJCzQkfguivE4McSVR2SYTfacB5BZ96f2OwwrHY3elV"},"senderMessageKeys":[]},{"senderKeyId":1305917176,"senderChainKey":{"iteration":0,"seed":"+aqkIjFqqBcuaOBCv9dy7biBz4aUoxdutgCpX/PruNA="},"senderSigningKey":{"public":"BeJCzQkfguivE4McSVR2SYTfacB5BZ96f2OwwrHY3elV"},"senderMessageKeys":[]},{"senderKeyId":1553920467,"senderChainKey":{"iteration":0,"seed":"CdsyjwQXpiZNT4r2kfzmzy8FV68LZGKAKj2wrf8WoXQ="},"senderSigningKey":{"public":"BUbVS9oB4uz4AtKPYoM5wXTfU++Eqi4exG0hHKuUH81Y"},"senderMessageKeys":[]},{"senderKeyId":932251850,"senderChainKey":{"iteration":20,"seed":"/8HhZLpvq478nxQYP9u2HExCzAvxBiHHcbxYHci7PzE="},"senderSigningKey":{"public":"BetH6lvWJAYwJFpoXuZHsHIG8+aqKE79lEKvxQmaMpkE"},"senderMessageKeys":[]}]