[{"senderKeyId":1690491377,"senderChainKey":{"iteration":0,"seed":"AcHnFemplCMhxGdlD1qDPdEF5c4n9iNLdX+UZe3BDf0="},"senderSigningKey":{"public":"BdjAdpwoWhBEffKQstp/Wtkg7lE8tmUaPL6wngshZz1a"},"senderMessageKeys":[]},{"senderKeyId":1690491377,"senderChainKey":{"iteration":0,"seed":"AcHnFemplCMhxGdlD1qDPdEF5c4n9iNLdX+UZe3BDf0="},"senderSigningKey":{"public":"BdjAdpwoWhBEffKQstp/Wtkg7lE8tmUaPL6wngshZz1a"},"senderMessageKeys":[]},{"senderKeyId":1960011897,"senderChainKey":{"iteration":0,"seed":"Tcb4kH5oM5n9RTQTL5mnnWM5hK0J6PFjvTIdPdV1zX8="},"senderSigningKey":{"public":"Ba+ftOzGrjtRj9FGFhRRJ/TD1AiiXrTjk+raRd5Xcdwe"},"senderMessageKeys":[]},{"senderKeyId":1960011897,"senderChainKey":{"iteration":0,"seed":"Tcb4kH5oM5n9RTQTL5mnnWM5hK0J6PFjvTIdPdV1zX8="},"senderSigningKey":{"public":"Ba+ftOzGrjtRj9FGFhRRJ/TD1AiiXrTjk+raRd5Xcdwe"},"senderMessageKeys":[]},{"senderKeyId":117459631,"senderChainKey":{"iteration":0,"seed":"SjUOrxIa4rtz1X5KH2kwInwDRqoduEEPvbK02gHH3hs="},"senderSigningKey":{"public":"BSYirp6Dc0tapuGLOpaaRaBCi9i4+XlVrkpajk8I/rM3"}}]