[{"senderKeyId":1186289103,"senderChainKey":{"iteration":1,"seed":"wUSnamXO8xKszC37ii/5slp+TVlBGdUhIoZ6cL4jYK8="},"senderSigningKey":{"public":"BYGIJt/uKoqRdWvlneYRudzUIw9KllzklK8zRKX7awgl"},"senderMessageKeys":[]},{"senderKeyId":1861453613,"senderChainKey":{"iteration":0,"seed":"isbWEdRDLIhap5AlgSU9aKhGNNBkBcpBdyluI4k7t3s="},"senderSigningKey":{"public":"BSOlRBRzCrumbfuUz1aGtobnodDvWGjyozXwAZI1BoVj"},"senderMessageKeys":[]},{"senderKeyId":1911605680,"senderChainKey":{"iteration":0,"seed":"CebGVGgsFKWtdZu8OuZYBRFAiy47WRkG+LmnOi8Je4U="},"senderSigningKey":{"public":"BT6Qn+lInMZQSo7wHyPHljS7GsUPqe6jZuThXP8+A+sM"},"senderMessageKeys":[]},{"senderKeyId":1911605680,"senderChainKey":{"iteration":0,"seed":"CebGVGgsFKWtdZu8OuZYBRFAiy47WRkG+LmnOi8Je4U="},"senderSigningKey":{"public":"BT6Qn+lInMZQSo7wHyPHljS7GsUPqe6jZuThXP8+A+sM"},"senderMessageKeys":[]},{"senderKeyId":218328021,"senderChainKey":{"iteration":0,"seed":"U/7tjZrw5VY0awrhXNQAZdKIqtp1WzCuQMa0x4JR304="},"senderSigningKey":{"public":"BayuCoaUe0cfu7sni8kdhVY4Iwzza4nLjhfFuveCFFMF"}}]