[{"senderKeyId":444610885,"senderChainKey":{"iteration":1,"seed":"T4Xd4ucu2lJLm5QxkcTNkCkm0rty0nTE9bszRoy3Sow="},"senderSigningKey":{"public":"BZCLY72tBlK16dErGc/miOgK9UbbjJeZDsKO4MqXO398"},"senderMessageKeys":[]},{"senderKeyId":346582408,"senderChainKey":{"iteration":13,"seed":"KMvriClyuyO/9rGdtqlVG6Fauf6VtOPvM4e70evYwV4="},"senderSigningKey":{"public":"BT5PSsQeastK4ubb1lGbUq99P624HunF7bT6UZL5uRJP"},"senderMessageKeys":[]},{"senderKeyId":346582408,"senderChainKey":{"iteration":7,"seed":"VaDquJ08Tt9IakvUYlAI6ivdZfIW8CUVLDTX+ILI0+E="},"senderSigningKey":{"public":"BT5PSsQeastK4ubb1lGbUq99P624HunF7bT6UZL5uRJP"},"senderMessageKeys":[]}]