[{"senderKeyId":220949363,"senderChainKey":{"iteration":2,"seed":"aD6ntgFG7XVxdiN4I1tPidcX9xtNGXL+4xPpzDmY8LU="},"senderSigningKey":{"public":"BWQF8+a4FfTQoJaviUoPGzhP9+QrQhFwZRbw3ZrNOTYe"},"senderMessageKeys":[]},{"senderKeyId":220949363,"senderChainKey":{"iteration":3,"seed":"5oDebJcDrAIkRRH6sMz3DMkoZYzmQqiDT6Lo528Rv20="},"senderSigningKey":{"public":"BWQF8+a4FfTQoJaviUoPGzhP9+QrQhFwZRbw3ZrNOTYe"},"senderMessageKeys":[]},{"senderKeyId":220949363,"senderChainKey":{"iteration":7,"seed":"6dMKthE5t1yZ9tPsQ+nW1g1eHeWRneyM2DaH7AnIqCg="},"senderSigningKey":{"public":"BWQF8+a4FfTQoJaviUoPGzhP9+QrQhFwZRbw3ZrNOTYe"},"senderMessageKeys":[]},{"senderKeyId":220949363,"senderChainKey":{"iteration":8,"seed":"5HkJH2OygN5hNqaOqSVZScEvBYvLDnrXerErQhZcfsU="},"senderSigningKey":{"public":"BWQF8+a4FfTQoJaviUoPGzhP9+QrQhFwZRbw3ZrNOTYe"},"senderMessageKeys":[]},{"senderKeyId":951050848,"senderChainKey":{"iteration":15,"seed":"QEzyocUR2784aeiJZDq0d0MV+osr6Cs2MPF+GBsKxx8="},"senderSigningKey":{"public":"BZ/ifBz+b9HMjL09OKRwjOfFuNuFU3NM7djQ1Lfv9xsz"},"senderMessageKeys":[]}]