[{"senderKeyId":141691141,"senderChainKey":{"iteration":1,"seed":"u+q+LtD1y2qKeoxIhwPbhn7LYwH1V4qxaVsxBTltuJs="},"senderSigningKey":{"public":"BZ12aMZtLkkcTA73JOYJOBKc5DZ/Q0QJdharvlqCm3ER"},"senderMessageKeys":[]},{"senderKeyId":186278853,"senderChainKey":{"iteration":1,"seed":"wiT0HXOUJlja/S8B2w/gkvg7vKPETJm+naTih42IzhE="},"senderSigningKey":{"public":"BQRkwR+N6Z+58ouGxPk/tBmT2rdFQcJWDm1MbVypZfcQ"},"senderMessageKeys":[]},{"senderKeyId":186278853,"senderChainKey":{"iteration":0,"seed":"eIu8xGDeWffXbfqZiWZC9Mc9SfoJ0GeFoqXtdnYPP04="},"senderSigningKey":{"public":"BQRkwR+N6Z+58ouGxPk/tBmT2rdFQcJWDm1MbVypZfcQ"},"senderMessageKeys":[]},{"senderKeyId":1073611211,"senderChainKey":{"iteration":0,"seed":"shEVQBWOvaDt9mob6dioRchSDtK31DrS0xwfUwtSbJw="},"senderSigningKey":{"public":"BYJFVNgJtQP/iJBjdw65zQX6goAsgd2wgkEP+q0GVIcu"},"senderMessageKeys":[]},{"senderKeyId":1472495933,"senderChainKey":{"iteration":12,"seed":"oGkmibxSIcJbq5LkZERT4TmlpmzyhnTJknlpLc4TPTo="},"senderSigningKey":{"public":"BThaAnW/VmO0jTb0z6AbvQy+8RQmqNOZM3jMQ8WDrh91"},"senderMessageKeys":[]}]