[{"senderKeyId":2131333044,"senderChainKey":{"iteration":0,"seed":"p4/o8H62Hu5dEPGk57fAZg2OSwW4jmpdjaY5rgNgn5Q="},"senderSigningKey":{"public":"BX3c3LYPXr+w76orhh9eQlMwua6QpZpWIUwht6mTCkxt"},"senderMessageKeys":[]},{"senderKeyId":2091858226,"senderChainKey":{"iteration":0,"seed":"wrBymlmYcfjwtBMF1LoFb0vWwfitelDvYmcTrOcJsks="},"senderSigningKey":{"public":"BU/DwI8/6zeVQtfqtst6Q2sLx4fPYCrMzNlYfyvieaEI"},"senderMessageKeys":[]},{"senderKeyId":980631756,"senderChainKey":{"iteration":0,"seed":"fisuq0hcT/iAVXpgbmIttcF2y8qXxKT1pf4q8NxMMLY="},"senderSigningKey":{"public":"BQfiItgjf5UdUmxCgz4AYfeN0lz+Jq6m24kiRzMLs35c"},"senderMessageKeys":[]},{"senderKeyId":980631756,"senderChainKey":{"iteration":0,"seed":"fisuq0hcT/iAVXpgbmIttcF2y8qXxKT1pf4q8NxMMLY="},"senderSigningKey":{"public":"BQfiItgjf5UdUmxCgz4AYfeN0lz+Jq6m24kiRzMLs35c"},"senderMessageKeys":[]},{"senderKeyId":980631756,"senderChainKey":{"iteration":0,"seed":"fisuq0hcT/iAVXpgbmIttcF2y8qXxKT1pf4q8NxMMLY="},"senderSigningKey":{"public":"BQfiItgjf5UdUmxCgz4AYfeN0lz+Jq6m24kiRzMLs35c"}}]