[{"senderKeyId":1186045288,"senderChainKey":{"iteration":1,"seed":"fIJvYyWNjDKgest7kF5hawlFjwY5m+4r/fMswjrbjBA="},"senderSigningKey":{"public":"BX7SLg2sah/BYWNcTPdJ3k/r3Al9R6W9GpEdFfcsjLt9"},"senderMessageKeys":[]},{"senderKeyId":1186045288,"senderChainKey":{"iteration":1,"seed":"fIJvYyWNjDKgest7kF5hawlFjwY5m+4r/fMswjrbjBA="},"senderSigningKey":{"public":"BX7SLg2sah/BYWNcTPdJ3k/r3Al9R6W9GpEdFfcsjLt9"},"senderMessageKeys":[]},{"senderKeyId":1863345109,"senderChainKey":{"iteration":0,"seed":"uWS7NCog7toYXSVNwYMIyF74eVyAYDxAGNsfi5yD86g="},"senderSigningKey":{"public":"BUXz0KLVxsF2b7zppD0uNZOzkfu+UFn6OMCRqjOjwgh3"},"senderMessageKeys":[]},{"senderKeyId":1863345109,"senderChainKey":{"iteration":0,"seed":"uWS7NCog7toYXSVNwYMIyF74eVyAYDxAGNsfi5yD86g="},"senderSigningKey":{"public":"BUXz0KLVxsF2b7zppD0uNZOzkfu+UFn6OMCRqjOjwgh3"},"senderMessageKeys":[]},{"senderKeyId":1708182761,"senderChainKey":{"iteration":0,"seed":"uDCr45x6qWP8b7qTwR/mXfKcvyQEAVtGSiMZwYbQR8o="},"senderSigningKey":{"public":"BSRFF0X/6lb/zxBBDyB0EUYvoQpsxVQ2a1+0x/0Mfmoo"}}]