[{"senderKeyId":491183757,"senderChainKey":{"iteration":9,"seed":"tcvGL3R706DlGTpKNsyEpp8RNSM87KNnKPkcl1ThLV8="},"senderSigningKey":{"public":"BeiiHSHHQlnrvNKQVsGgIcu6CKxK2T9MTxnKajbX3ts+"},"senderMessageKeys":[]},{"senderKeyId":1575426324,"senderChainKey":{"iteration":41,"seed":"eiWaOwVFT9O5RIw539VN8rjQ6Lmrnm4d2JuHz//AJJc="},"senderSigningKey":{"public":"BZUEFJNh6dkHfPx6/hTpVAAbFJEuxWaeys/loJCaIIlF"},"senderMessageKeys":[]},{"senderKeyId":1575426324,"senderChainKey":{"iteration":36,"seed":"Yz9+kk+0Rs2kSMC2lVPC7YUyd1CtnL3ZJqi7rMFA2+E="},"senderSigningKey":{"public":"BZUEFJNh6dkHfPx6/hTpVAAbFJEuxWaeys/loJCaIIlF"},"senderMessageKeys":[]},{"senderKeyId":768341924,"senderChainKey":{"iteration":16,"seed":"sZm9TjfzCPUzcv/PDJc2CyY16kX0glnxvfdgmtQeTeA="},"senderSigningKey":{"public":"Bdutx+YmS8zqgm6UOojmQNNzsUCiFlseqpYb3kWoo+Md"},"senderMessageKeys":[]},{"senderKeyId":1467066803,"senderChainKey":{"iteration":1,"seed":"t6D7ns2U9hFlx4XBl32ufDchN8sENZ4RMKMRuSzYi8E="},"senderSigningKey":{"public":"BYeWD48o3XldXpRg/5uxv5gwW1ZVYIAfsmpgl2wuwRYI"}}]