[{"senderKeyId":176357477,"senderChainKey":{"iteration":1,"seed":"KesfEA8ZYJF/9balDIcdY52H8GCYatBqN6FAZ24DFMI="},"senderSigningKey":{"public":"BeBFx/Ng/dxER+rvL18//q9vOQQAVWKE9K6fwhNTiwkg"},"senderMessageKeys":[]},{"senderKeyId":861384397,"senderChainKey":{"iteration":0,"seed":"SsjLKdJ5fyHWlo+Prvg909rrmBRrbnc+VGC6LLZXQRc="},"senderSigningKey":{"public":"BSrIl/FU2aKoWP1ALuyPHmqQ2hxt+ezIZoYpSlY0UFJL"},"senderMessageKeys":[]},{"senderKeyId":1062029123,"senderChainKey":{"iteration":3,"seed":"axsTXWKrdretiDjvbDU+9wrgSDeBOnNOeEykghaEfFY="},"senderSigningKey":{"public":"BeLZFx6R+992M6cINJzv7lph35p6lpup4Y2tpE3dKcwq"},"senderMessageKeys":[]},{"senderKeyId":1763791213,"senderChainKey":{"iteration":2,"seed":"dipF1ahRTp2Fntpzn4vLR7TTgq01r5t26zQMqFPmmpo="},"senderSigningKey":{"public":"BT7xiNpMU4jpXDRYBVxcD0T/+8yHEEshDOcjCOD3bZpL"},"senderMessageKeys":[]},{"senderKeyId":1763791213,"senderChainKey":{"iteration":2,"seed":"dipF1ahRTp2Fntpzn4vLR7TTgq01r5t26zQMqFPmmpo="},"senderSigningKey":{"public":"BT7xiNpMU4jpXDRYBVxcD0T/+8yHEEshDOcjCOD3bZpL"}}]