[{"senderKeyId":1615256188,"senderChainKey":{"iteration":0,"seed":"B4w/kuq2+JOB8JFrMfhbwf92NOLHqEi+SZtnzaXCiuc="},"senderSigningKey":{"public":"BYOtEwbW7hFB9ZdbvuPHBT8bfP3C4yQINdoq1ETb4Sdz"},"senderMessageKeys":[]},{"senderKeyId":1789827248,"senderChainKey":{"iteration":0,"seed":"25IXzXd5nKuaDfeVBwtWR2oUohub5COMoaJ+9ie37B0="},"senderSigningKey":{"public":"BUBzEEChg4D4XBk5DOv+QGVwvFcwOHt8jGN3wqdsG6st"},"senderMessageKeys":[]},{"senderKeyId":1789798339,"senderChainKey":{"iteration":0,"seed":"aNOhzfd2VxylR5xDEKhUpifxtb1D2UVzHXMIb1HwUVc="},"senderSigningKey":{"public":"BV7jkBcAR6ZnCEOFJ+3CRyAx8d5sWqCLl2NzoNi4VCJJ"},"senderMessageKeys":[]},{"senderKeyId":1789798339,"senderChainKey":{"iteration":0,"seed":"aNOhzfd2VxylR5xDEKhUpifxtb1D2UVzHXMIb1HwUVc="},"senderSigningKey":{"public":"BV7jkBcAR6ZnCEOFJ+3CRyAx8d5sWqCLl2NzoNi4VCJJ"},"senderMessageKeys":[]},{"senderKeyId":2038197871,"senderChainKey":{"iteration":0,"seed":"6tEUIL/FOZRD0hGNcDrnywkDBIgQ6b5MhwXWvc4jp/I="},"senderSigningKey":{"public":"BW8EOAokU6CSVs/KJUoIuZT6DI86QRjJUNCYfmEKqyM1"}}]