[{"senderKeyId":1939482789,"senderChainKey":{"iteration":0,"seed":"3BAhj9xTVttcgEIEddxIQhhU8OWTg/ws1n3X/pNz4IM="},"senderSigningKey":{"public":"BY8mRkVk5kt9YjE/bD/yWgXMKn8DwKngpaSxND/ST8UW"},"senderMessageKeys":[]},{"senderKeyId":735714684,"senderChainKey":{"iteration":0,"seed":"sqHtULD0L+GWmF0cz6z/Er4KfeqpJV9BYvjhzJIuyBY="},"senderSigningKey":{"public":"BYArYeT7Kq9UPmhpGWHXfqIwxQ8DU/+AkMGvGGN6u6gM"},"senderMessageKeys":[]},{"senderKeyId":947045430,"senderChainKey":{"iteration":0,"seed":"6z6+QcLU+9GuBMLAFkpYDyBgMDeAb7mD4VYQX1ueVOQ="},"senderSigningKey":{"public":"BdidE2XY8fT9vkYADWWgABUGxnmKTpQI47rbdKo+wg0Q"},"senderMessageKeys":[]},{"senderKeyId":1027975673,"senderChainKey":{"iteration":0,"seed":"/3VErCSUkFRcN6XFRChRY8UE4ssQcAMjSmUvBxjE3BM="},"senderSigningKey":{"public":"BfE1z83Pakc5Hhf83mfeI73lQHYEoOEHmbQ4xAE6dRp3"},"senderMessageKeys":[]},{"senderKeyId":2078614827,"senderChainKey":{"iteration":0,"seed":"MAiGVzQe/0+57TqARuck3982KF3s/XW6tTy87r4OeOg="},"senderSigningKey":{"public":"BcS6eUBKvj0YATdWetfpcP1TU6trv1+GOlE1xF5uOCkw"}}]