[{"senderKeyId":66895623,"senderChainKey":{"iteration":0,"seed":"Q8zwbQbnzPZ1ToQmElF52V8V5xhbme3MSK6ij0jSVaA="},"senderSigningKey":{"public":"BYfdtJpSh6b6DNtEZ5Xqwfa5zuulVQrtWxhhRJRJkmVA"},"senderMessageKeys":[]},{"senderKeyId":66895623,"senderChainKey":{"iteration":0,"seed":"Q8zwbQbnzPZ1ToQmElF52V8V5xhbme3MSK6ij0jSVaA="},"senderSigningKey":{"public":"BYfdtJpSh6b6DNtEZ5Xqwfa5zuulVQrtWxhhRJRJkmVA"},"senderMessageKeys":[]},{"senderKeyId":66895623,"senderChainKey":{"iteration":0,"seed":"Q8zwbQbnzPZ1ToQmElF52V8V5xhbme3MSK6ij0jSVaA="},"senderSigningKey":{"public":"BYfdtJpSh6b6DNtEZ5Xqwfa5zuulVQrtWxhhRJRJkmVA"},"senderMessageKeys":[]},{"senderKeyId":66895623,"senderChainKey":{"iteration":0,"seed":"Q8zwbQbnzPZ1ToQmElF52V8V5xhbme3MSK6ij0jSVaA="},"senderSigningKey":{"public":"BYfdtJpSh6b6DNtEZ5Xqwfa5zuulVQrtWxhhRJRJkmVA"},"senderMessageKeys":[]},{"senderKeyId":1437157987,"senderChainKey":{"iteration":0,"seed":"uqcEVeVzmAxA0qCJVPYElzB6byzRDbCyHfznAFtV+bw="},"senderSigningKey":{"public":"BbuAHlt6fTLXT+DA0gsWS2Rc1rBe+jGLYRgZJn2136xy"}}]