[{"senderKeyId":176104018,"senderChainKey":{"iteration":0,"seed":"pupjUiUhIiJ5NVvnrwj0jSt1MtZbaEfVDXuYqGPb5/k="},"senderSigningKey":{"public":"BSCZZ+j0C/MmOjPurETQf1SLHoRUsjZPft3v9/MTvIZC"},"senderMessageKeys":[]},{"senderKeyId":121344564,"senderChainKey":{"iteration":0,"seed":"E9gL/UDjD3h+UQ18LAx3zodVSsuJejiRVkz8niuJtRs="},"senderSigningKey":{"public":"Bec2xQ/0DNsGHexFgYGSn3nT/d6X1B9UQsahVWhmyys2"},"senderMessageKeys":[]},{"senderKeyId":414297898,"senderChainKey":{"iteration":1,"seed":"3v+CrirUEyK1KIvvQAdzOZPFi2sTnWMfFbiEM/CobYM="},"senderSigningKey":{"public":"Bfr5oDxdq5Un7PkO7K6tcwi83p/BGPmJ1lpmcGw/FfBm"},"senderMessageKeys":[]},{"senderKeyId":414297898,"senderChainKey":{"iteration":0,"seed":"gOF1HDv9p2SLoEV8waVytMeBjCIMTvWv8cOEnACw+S8="},"senderSigningKey":{"public":"Bfr5oDxdq5Un7PkO7K6tcwi83p/BGPmJ1lpmcGw/FfBm"},"senderMessageKeys":[]},{"senderKeyId":414297898,"senderChainKey":{"iteration":0,"seed":"gOF1HDv9p2SLoEV8waVytMeBjCIMTvWv8cOEnACw+S8="},"senderSigningKey":{"public":"Bfr5oDxdq5Un7PkO7K6tcwi83p/BGPmJ1lpmcGw/FfBm"}}]