[{"senderKeyId":2058845308,"senderChainKey":{"iteration":1,"seed":"IlthS7mMmMPjxaJdl+M0Ywnm0nk1BVnzAQxdgz1DdWk="},"senderSigningKey":{"public":"BQ8kbay+2Sgo90/WkHoV3puxKZlZGvVZGWqaMiPtpYF6"},"senderMessageKeys":[]},{"senderKeyId":154422564,"senderChainKey":{"iteration":0,"seed":"K63LFk4RZDZHT9NvvjQfQyq1hcOmWt+8BT7ZYp2jJJs="},"senderSigningKey":{"public":"BSV+THBx5NqSyEAnS2HlepMgDWz3kPUKUhRPlcArMYwc"},"senderMessageKeys":[]},{"senderKeyId":154422564,"senderChainKey":{"iteration":0,"seed":"K63LFk4RZDZHT9NvvjQfQyq1hcOmWt+8BT7ZYp2jJJs="},"senderSigningKey":{"public":"BSV+THBx5NqSyEAnS2HlepMgDWz3kPUKUhRPlcArMYwc"},"senderMessageKeys":[]},{"senderKeyId":320540933,"senderChainKey":{"iteration":0,"seed":"0zIu3+a+Qsi32CCpnHqwsgvU0ko0fmpjdKnH0sPdVIQ="},"senderSigningKey":{"public":"BVHFNwj2St829UxLx0Bf+f0F8JRg73xE3o6mIsiMOO1r"},"senderMessageKeys":[]},{"senderKeyId":723676562,"senderChainKey":{"iteration":0,"seed":"HbNKXVROpmVbSN3ocg4FAWUm/EngUApUuTvdGhgGrn4="},"senderSigningKey":{"public":"BXOrfrKAGy9t+PIxqgAF06oXTKLMgW8+LcPmLAQNGYk7"}}]