[{"senderKeyId":1785618914,"senderChainKey":{"iteration":0,"seed":"KmoUxsOHTvZGoimFMwD5R0DYWXri9lhlFlbkea/y/Vo="},"senderSigningKey":{"public":"Bb/E8lPk3+JEmQ/BMC3FmKLx8WGg9H58WKQ8fIAHYkoT"},"senderMessageKeys":[]},{"senderKeyId":1458858434,"senderChainKey":{"iteration":0,"seed":"T5DUe46MTNkg7eSU1LdiH802LEhGlmQMXD2bm3Dfjnw="},"senderSigningKey":{"public":"BTcYr3NTHnNydUtgXO/drG5NW1YT7Mfa9tz2GPF03qtY"},"senderMessageKeys":[]},{"senderKeyId":1458858434,"senderChainKey":{"iteration":0,"seed":"T5DUe46MTNkg7eSU1LdiH802LEhGlmQMXD2bm3Dfjnw="},"senderSigningKey":{"public":"BTcYr3NTHnNydUtgXO/drG5NW1YT7Mfa9tz2GPF03qtY"},"senderMessageKeys":[]},{"senderKeyId":812694885,"senderChainKey":{"iteration":0,"seed":"ZcnLh3++L7Ns5qirhEbHeE3dOLxXY/384f+lgRrhaLY="},"senderSigningKey":{"public":"BZ6x6gvIUkXzxv8qlbIGn73JeosvdPqTjAFDnSueL4N4"},"senderMessageKeys":[]},{"senderKeyId":812694885,"senderChainKey":{"iteration":0,"seed":"ZcnLh3++L7Ns5qirhEbHeE3dOLxXY/384f+lgRrhaLY="},"senderSigningKey":{"public":"BZ6x6gvIUkXzxv8qlbIGn73JeosvdPqTjAFDnSueL4N4"}}]