[{"senderKeyId":343160979,"senderChainKey":{"iteration":0,"seed":"W2h/bj3S+lFsjSIOmU8iUhXDuUiMlUiu6YZ6kYvxGkM="},"senderSigningKey":{"public":"BYwF72ysDk/0OtBul93e7lu9QCWwQF4UeSZqn0Ysy91y"},"senderMessageKeys":[]},{"senderKeyId":77014537,"senderChainKey":{"iteration":0,"seed":"juSTY8k/VWzPezLBbS3MX3bGPTjHnNchaQk9UDBsUsI="},"senderSigningKey":{"public":"BXNk5+W+Um6c4PWEe8k57ug7tfPgmQ12AHvAYNOTDsNP"},"senderMessageKeys":[]},{"senderKeyId":1616974772,"senderChainKey":{"iteration":0,"seed":"RX1Cq8yp+0fIPwhU7DBQxFqg4qtK9t+XNMA7LH7NUMk="},"senderSigningKey":{"public":"BWjGAyuDbEXnaigrpOjMaxoqiqncErUSPulYv2kBl+lY"},"senderMessageKeys":[]},{"senderKeyId":1665752268,"senderChainKey":{"iteration":0,"seed":"XlbLoS8k0RIorDPfvZylhRKWnOWBqI1v9aWbZq+ZRJw="},"senderSigningKey":{"public":"BfecyU1WSmsKIKuERDclzu4+bn0h5xV4pIROG+rSlRhV"},"senderMessageKeys":[]},{"senderKeyId":1543771727,"senderChainKey":{"iteration":0,"seed":"8X2B9O89GKNASvP/Zf2qIwq7yBKzWzkvgEVwYVXxu3M="},"senderSigningKey":{"public":"BbI4dtRlR2RCx4fLikTFwQDBAs9rLtVVskdTA1DqFoI1"}}]