[{"senderKeyId":1087127135,"senderChainKey":{"iteration":0,"seed":"+LZsYmCwKy78MXrJoVFS3S93EL4WGlOKo2Z7Qv1mJ9g="},"senderSigningKey":{"public":"BaCn5vfFk7Oug1D+QNCc5uWubCaFst5Wa4K3OoAKzF9i"},"senderMessageKeys":[]},{"senderKeyId":1889404259,"senderChainKey":{"iteration":0,"seed":"qVH/BJNKQGy6K4fO0JvdpuPD6cXGkTa/CqwoeTuGS54="},"senderSigningKey":{"public":"BYbVXqxAxkpW0GjTWQGZ8yhNQ03oPeH1jN7Z+Lz2blV+"},"senderMessageKeys":[]},{"senderKeyId":664552457,"senderChainKey":{"iteration":0,"seed":"SZpgEXWaPkY/lTiIdIhw9qwih9j5uzdPSEwVR6pKM54="},"senderSigningKey":{"public":"BcupbNVN2f0tzczU2xw2VRwfr5ktw3XUT7UYwhNolCpt"},"senderMessageKeys":[]},{"senderKeyId":1506664907,"senderChainKey":{"iteration":0,"seed":"EirdKTHFsbMhm5aaeIgqTDK1+r8wkpp3Su7MKSEwx/A="},"senderSigningKey":{"public":"BTCJHQGtiPEfJWuncAZx5uAjZHIpBlLrdxE7DdI1txMX"},"senderMessageKeys":[]},{"senderKeyId":312258890,"senderChainKey":{"iteration":0,"seed":"88s8QSMOUqnxLAb4GPuo/rCmor+haPw03slev+l0c8k="},"senderSigningKey":{"public":"BcwP8IEEKXCIenSRO1u9KHxvFiMLTV/H0nDpJ4/N5Q0E"}}]