[{"senderKeyId":369295261,"senderChainKey":{"iteration":59,"seed":"JUfc1bb5N3g5+auw/VqjjQH9BAtbNyVL5RwAPvfTEz0="},"senderSigningKey":{"public":"BbsXLDqpPTB2H0JR1zgxc40UVpEocykleNCqHxnDE0kV"},"senderMessageKeys":[{},{},{},{},{},{},{},{},{},{},{},{},{},{},{},{},{},{},{},{},{},{},{},{},{},{},{},{},{},{},{},{},{},{},{},{},{},{},{},{},{},{},{},{},{}]},{"senderKeyId":369295261,"senderChainKey":{"iteration":23,"seed":"VCAgLzTVgWYsSTbFG8jI6atldt3YLA4wiFrTAim+bR8="},"senderSigningKey":{"public":"BbsXLDqpPTB2H0JR1zgxc40UVpEocykleNCqHxnDE0kV"},"senderMessageKeys":[]},{"senderKeyId":369295261,"senderChainKey":{"iteration":31,"seed":"J5HPgAxb0cEU+Alf3l98NEg310UCpyO7qeEAIKHvSHY="},"senderSigningKey":{"public":"BbsXLDqpPTB2H0JR1zgxc40UVpEocykleNCqHxnDE0kV"},"senderMessageKeys":[]},{"senderKeyId":369295261,"senderChainKey":{"iteration":33,"seed":"yST5iCuPpUpxVJaP4kd1UUuV0QNBuUrL2b5vlvuzGUY="},"senderSigningKey":{"public":"BbsXLDqpPTB2H0JR1zgxc40UVpEocykleNCqHxnDE0kV"},"senderMessageKeys":[]},{"senderKeyId":369295261,"senderChainKey":{"iteration":49,"seed":"CyfTcYJhkmaxfuoeGGzm4KgS7jTy8IyAdA0j96LcH1Y="},"senderSigningKey":{"public":"BbsXLDqpPTB2H0JR1zgxc40UVpEocykleNCqHxnDE0kV"},"senderMessageKeys":[]}]