[{"senderKeyId":1307065805,"senderChainKey":{"iteration":0,"seed":"0wD9d+sbpORm6bd4BhFdWGfetPoU/iFq5XLtzUslW60="},"senderSigningKey":{"public":"BUkxLSLiHVjbtoDP6AiPR4dj0v9fEWGpyHIS1dWLE9Ia"},"senderMessageKeys":[]},{"senderKeyId":1099653806,"senderChainKey":{"iteration":0,"seed":"KjNtuqPMWlMQa6akO24SXewL46i7aeLRTEHYk+VrUWM="},"senderSigningKey":{"public":"BVT8UgEmkMISSwan5zwCrgKlNdGnOLtdSl2x2opi4v54"},"senderMessageKeys":[]},{"senderKeyId":1099653806,"senderChainKey":{"iteration":0,"seed":"KjNtuqPMWlMQa6akO24SXewL46i7aeLRTEHYk+VrUWM="},"senderSigningKey":{"public":"BVT8UgEmkMISSwan5zwCrgKlNdGnOLtdSl2x2opi4v54"},"senderMessageKeys":[]},{"senderKeyId":1099653806,"senderChainKey":{"iteration":0,"seed":"KjNtuqPMWlMQa6akO24SXewL46i7aeLRTEHYk+VrUWM="},"senderSigningKey":{"public":"BVT8UgEmkMISSwan5zwCrgKlNdGnOLtdSl2x2opi4v54"},"senderMessageKeys":[]},{"senderKeyId":1193389297,"senderChainKey":{"iteration":0,"seed":"eKtgUcbkSUUXemlK8BgLsDQlwJhKwdjXNIj8vRk46S0="},"senderSigningKey":{"public":"BWHglCN8yOAyroBcE9DJW9knXl9VYsSA0OjZRbBX5V0a"}}]