[{"senderKeyId":506151184,"senderChainKey":{"iteration":0,"seed":"zUlJyiml7QOqwHyK3yZktFQx+vW9hBSfHCP5d5o/NcY="},"senderSigningKey":{"public":"BQAHXOKXfj3sl6Oa4m0ZUe9O3vWu86vUwgGyXrABfCUn"},"senderMessageKeys":[]},{"senderKeyId":506151184,"senderChainKey":{"iteration":0,"seed":"zUlJyiml7QOqwHyK3yZktFQx+vW9hBSfHCP5d5o/NcY="},"senderSigningKey":{"public":"BQAHXOKXfj3sl6Oa4m0ZUe9O3vWu86vUwgGyXrABfCUn"},"senderMessageKeys":[]},{"senderKeyId":1297288756,"senderChainKey":{"iteration":0,"seed":"A2+SOoJI4ere+5Kjg/JIrpiiz+Y9tTQI+oVe5CcH/k4="},"senderSigningKey":{"public":"BfgcCqBfgEaT+SnivAs+kMLU12F24y1F+wcVhFMmIOVp"},"senderMessageKeys":[]},{"senderKeyId":1361391210,"senderChainKey":{"iteration":0,"seed":"adYHR949w8ow5DRJ5CwlAjCFHCw9kx2iuc+P9zkRkqs="},"senderSigningKey":{"public":"BdROszAV8G92ywTzQCIo6SI3ZCUMYEY4801NfIWla/Bv"},"senderMessageKeys":[]},{"senderKeyId":1361391210,"senderChainKey":{"iteration":0,"seed":"adYHR949w8ow5DRJ5CwlAjCFHCw9kx2iuc+P9zkRkqs="},"senderSigningKey":{"public":"BdROszAV8G92ywTzQCIo6SI3ZCUMYEY4801NfIWla/Bv"}}]