[{"senderKeyId":1965288098,"senderChainKey":{"iteration":0,"seed":"a4fUH+OkCixlk1/xuSDbezAz1S6z5DTho+AO9Z73sSU="},"senderSigningKey":{"public":"BUhIgXuRLlsIcMAVjnSkTIaeAEKR7jQZ/fXs97biBcdM"},"senderMessageKeys":[]},{"senderKeyId":801617507,"senderChainKey":{"iteration":0,"seed":"TXwYiJCFOwGSfwKeCe6bsDrjBDJj4LPGmnuSSt9EPMQ="},"senderSigningKey":{"public":"BZ7T3W8E2G2ipOPotEuzbcgoay/x/pyVl7yJ5etFeCVd"},"senderMessageKeys":[]},{"senderKeyId":958361122,"senderChainKey":{"iteration":0,"seed":"qXRWvf527JRDvc8WcSQ9l6czfnvpbmy5B0sTd3qxDQM="},"senderSigningKey":{"public":"BYKj6QKYGSa9qwNlHTPJhLnqFwz/u7m6Y5zOeWVCWFQU"},"senderMessageKeys":[]},{"senderKeyId":334861574,"senderChainKey":{"iteration":0,"seed":"37AemKnYoC+ywhO+D59nLPIKoPQUkF+Kakbutj4EIl0="},"senderSigningKey":{"public":"BdGhjOYX5pd7EfJYujf2cycJwK1JgziQ2WZm0+/i3GJL"},"senderMessageKeys":[]},{"senderKeyId":1874376347,"senderChainKey":{"iteration":0,"seed":"zMTnU9Yo6XpLp/1NbF7jFRAb99gigkUstWuR8BW1vaw="},"senderSigningKey":{"public":"BRGxmfqewZ4SEpo2JN/uwfq9CRxi1EdO+ZZKnfinpSlQ"}}]