[{"senderKeyId":2047615809,"senderChainKey":{"iteration":0,"seed":"g3NaPUYZaPjwmtbfbs1bVSuUExnHD+LXiGz98+Zgn6E="},"senderSigningKey":{"public":"BZRfJyI//S/9qO3/y3/efUfTFn7iyR+sYoBwNQ+zE48m"},"senderMessageKeys":[]},{"senderKeyId":1929871150,"senderChainKey":{"iteration":0,"seed":"ObleJnLK9hCMlDHiozFOexKcHHmzBZiC0yXXW0RDp24="},"senderSigningKey":{"public":"BbbzdpH3Ejykb9ypmY3Z9zr7BV/eBcAwYKv/Gr/VhRM3"},"senderMessageKeys":[]},{"senderKeyId":2028460698,"senderChainKey":{"iteration":0,"seed":"RCf938rv9XW0pylRfg9xAbM+vr/oVVSO9LXKcCkOmSQ="},"senderSigningKey":{"public":"BZGRirpPEtWz4wYWHJ4IPrMt4QcKUAYF0gP40wRTbVpI"},"senderMessageKeys":[]},{"senderKeyId":2028460698,"senderChainKey":{"iteration":0,"seed":"RCf938rv9XW0pylRfg9xAbM+vr/oVVSO9LXKcCkOmSQ="},"senderSigningKey":{"public":"BZGRirpPEtWz4wYWHJ4IPrMt4QcKUAYF0gP40wRTbVpI"},"senderMessageKeys":[]},{"senderKeyId":1605975074,"senderChainKey":{"iteration":0,"seed":"26FIgV56PXVEryYljM4xVWFJecy9NHrM3Z7xTzzTctQ="},"senderSigningKey":{"public":"BTp1BUpJ5ybylZPrADmJS+/6tTosHXtfYN3jSaMjO2kV"}}]