[{"senderKeyId":502597848,"senderChainKey":{"iteration":0,"seed":"7qILasjoXgog8jzh6gKkUzw+OCzlixCOAGtzq6Xsqj8="},"senderSigningKey":{"public":"BSWFyU3DQ6ApRfuNVBb7oj9qw+KhDjxscYV4pe6S1WQn"},"senderMessageKeys":[]},{"senderKeyId":617170114,"senderChainKey":{"iteration":0,"seed":"uLwI7FCxr7SEMcrnh/O6blyT10kYr8En5QrGxgW7acg="},"senderSigningKey":{"public":"BX0/0ra3J3GtMMMuUNVqeh7yLr/07SSvuwzRIm85CREA"},"senderMessageKeys":[]},{"senderKeyId":2102562702,"senderChainKey":{"iteration":0,"seed":"/ZGqZoKEUaHB2B9IgytlcMnsw2Xtd9NVSfOPiCOZvco="},"senderSigningKey":{"public":"BQrLzvKkmKTYYIPT2kGj+0nr1XH7Q6siWNBAEBqywuFd"},"senderMessageKeys":[]},{"senderKeyId":1791542453,"senderChainKey":{"iteration":0,"seed":"J2bK/3nRaWI0Ljjx/yCOVARckVp98O7z0uNQnhNzIU4="},"senderSigningKey":{"public":"BYbHekGH1URfttK0mLrx9qEsr+eqIHVxQ3E0vgy+uLBF"},"senderMessageKeys":[]},{"senderKeyId":1008950723,"senderChainKey":{"iteration":0,"seed":"jisyzOZpo68HIRN0SpCXUKU+g1psB53k7BPL/sY5yJ4="},"senderSigningKey":{"public":"BcSQtcHHRQLUKuKUCzgF4PEWrdowtXxVToowy6vJO1QT"}}]