[{"senderKeyId":451830426,"senderChainKey":{"iteration":0,"seed":"Rwl11y66DkW58Fzez4djqdQxGNJYC/rT+kq3Uk8Hh3c="},"senderSigningKey":{"public":"BXiXQqB9JeF+jG9C2gVP1uwwqWYpJvHtC04rCQuYB3Mo"},"senderMessageKeys":[]},{"senderKeyId":188696801,"senderChainKey":{"iteration":0,"seed":"12yg5XD6emA5fnl2C8oYGQS4vuLrBZGjRV83JMVZpXI="},"senderSigningKey":{"public":"Ba6jovI2Zl2A6NqvHY5Dp/sP0D2x00ak2NH8r/PnhXlj"},"senderMessageKeys":[]},{"senderKeyId":1705255891,"senderChainKey":{"iteration":0,"seed":"es0ugocCxui8RCDJE0KkBgR9o/l+bbHFsSpDBmkGzxg="},"senderSigningKey":{"public":"BeHHOP5BE/LCbOKqCM92r61Kyia5vheECqzZjh5yL5h2"},"senderMessageKeys":[]},{"senderKeyId":1051295939,"senderChainKey":{"iteration":0,"seed":"VjIm/NAfFHbYgNX881FJggYDiFSzqPdBy3ckXfHb7wc="},"senderSigningKey":{"public":"BQvPckwA0lDPF2gqo3rp9iV3UKmnf/EWxJ6eBr2tnjYa"},"senderMessageKeys":[]},{"senderKeyId":387009496,"senderChainKey":{"iteration":16,"seed":"rW1IHMw/+5IeNXAt84m+alZr5Q+u91p9J2wpp3oyOUk="},"senderSigningKey":{"public":"BZujq3WU+CAtf2WgvDIrajz4cuIhVAKop2ZUoGUBQdtI"},"senderMessageKeys":[]}]