[{"senderKeyId":106430667,"senderChainKey":{"iteration":0,"seed":"bhWzAe+S+QqICr4hRxz6URvSjRfmEZxUNiXTvwATTRY="},"senderSigningKey":{"public":"Be8vOyOcvtPnezagl/u9cSCbpqviUkDdLZxI7uiQExU2"},"senderMessageKeys":[]},{"senderKeyId":2048134451,"senderChainKey":{"iteration":0,"seed":"BAVx+vqglkGXASUufteEPT6lQnzsMNFNupwv8MDn914="},"senderSigningKey":{"public":"BS9zzq1Yo6UoO0yxH6b5Agb7eGwwx2y6PLmadjgc0r0r"},"senderMessageKeys":[]},{"senderKeyId":2048134451,"senderChainKey":{"iteration":0,"seed":"BAVx+vqglkGXASUufteEPT6lQnzsMNFNupwv8MDn914="},"senderSigningKey":{"public":"BS9zzq1Yo6UoO0yxH6b5Agb7eGwwx2y6PLmadjgc0r0r"},"senderMessageKeys":[]},{"senderKeyId":1612318576,"senderChainKey":{"iteration":0,"seed":"fIF9v9EgcWxb9G6NGO5/LMR7BCp3HPcTlMD+CogvZP0="},"senderSigningKey":{"public":"BbSkhvd4+Mef4FQyUWlfMzLX2LRPNopI8SVAjc5i9xEW"}},{"senderKeyId":1612318576,"senderChainKey":{"iteration":0,"seed":"fIF9v9EgcWxb9G6NGO5/LMR7BCp3HPcTlMD+CogvZP0="},"senderSigningKey":{"public":"BbSkhvd4+Mef4FQyUWlfMzLX2LRPNopI8SVAjc5i9xEW"}}]