[{"senderKeyId":1696502355,"senderChainKey":{"iteration":0,"seed":"k3J4WTMqEspCYk8G0XwMEZ4f1wQV9igES234ROBh12Q="},"senderSigningKey":{"public":"BbYOAWH7Lss3pbQ5EN8+MpOaDEIYljEQtpsLNdhmhyoH"},"senderMessageKeys":[]},{"senderKeyId":1672569849,"senderChainKey":{"iteration":2,"seed":"x6RZ3kFhzv+dADZHJS6F6ET+wMBHshYjY2FukWUFCWs="},"senderSigningKey":{"public":"BYVU/cEL0VwP2cX4kJ7VjEOTX68UUGYoWAy65sq1qt8u"}},{"senderKeyId":770495713,"senderChainKey":{"iteration":1,"seed":"3SUHeSIfNISr+3/0L05UfiCU55chutFmHgd0OYPmLBc="},"senderSigningKey":{"public":"BeFI45na+Dh0j4U9mPOI3zIFg5hrOfPQ6RNocUivb5Vd"}}]