[{"senderKeyId":1842821880,"senderChainKey":{"iteration":1,"seed":"x5DKrVriC/tfwd7edSweD/6Y2Q6Y6x5fTLhxzgn4ack="},"senderSigningKey":{"public":"BaA5SS4YG9FcDNRQTxE2sFb1d3iKyFiyVYnczDPTmCAu"},"senderMessageKeys":[]},{"senderKeyId":1370487994,"senderChainKey":{"iteration":0,"seed":"YcNQxIPvGVFtSsHN4wbSsrCfLMnhzMmVjDtBEdz4zH0="},"senderSigningKey":{"public":"BWTTQXfxwDw5tK5GGnn4nYNB6FclCDkRGhFB+d4QIyZt"},"senderMessageKeys":[]},{"senderKeyId":1179642782,"senderChainKey":{"iteration":5,"seed":"5pxCweaJqoUw3fSSiNmrxL/i8rbXrG2nrbykCeqorQU="},"senderSigningKey":{"public":"BZSfLxTT2q1ex+oulUnYX7F8XZUwoy71FghP63+qIgdn"},"senderMessageKeys":[]},{"senderKeyId":201455004,"senderChainKey":{"iteration":0,"seed":"zQcbMAO+lmcFRlxj7NP9Bptj5d3fJfRCdgFw15Hc7/Q="},"senderSigningKey":{"public":"BX1hY4c2c8l0A6RG8PDQ6qHaolaBHDg3EJJsE1ydpAI7"},"senderMessageKeys":[]},{"senderKeyId":995630508,"senderChainKey":{"iteration":95,"seed":"5Al70TeNAPPrs+d4GyxAWGEv/25X4ssz8fteImeUruM="},"senderSigningKey":{"public":"BWI2QKWrKsLhJyf8imlG21qBOJfpeQwK9aivEDs3wIko"},"senderMessageKeys":[]}]