[{"senderKeyId":976925334,"senderChainKey":{"iteration":0,"seed":"r1oUys6O0pq1dcVEptz4GqGrgobm9J3+Hf46eI2dw5w="},"senderSigningKey":{"public":"BRsbLtA0mLmOYAnoxS3YFBYgVsBSEY7PjSEMxncZ1Zg7"},"senderMessageKeys":[]},{"senderKeyId":980951139,"senderChainKey":{"iteration":0,"seed":"nkBZqEN0ZVv8N0FluEjNMHzV3KWfbL2G7tPUWjfpATY="},"senderSigningKey":{"public":"BRYadaibEud95uTo28GqFMockUW7OT5PMaohaqYk5+Ra"},"senderMessageKeys":[]},{"senderKeyId":501695070,"senderChainKey":{"iteration":0,"seed":"3iI4wKDMYSqjveGWCqmr1a7FR1euH2sAH+FFzbHLbdM="},"senderSigningKey":{"public":"BRY7fUyPbPXQd8nU5xIChSdYEDqnvpdy9E3dp4dYjG4E"},"senderMessageKeys":[]},{"senderKeyId":501695070,"senderChainKey":{"iteration":0,"seed":"3iI4wKDMYSqjveGWCqmr1a7FR1euH2sAH+FFzbHLbdM="},"senderSigningKey":{"public":"BRY7fUyPbPXQd8nU5xIChSdYEDqnvpdy9E3dp4dYjG4E"},"senderMessageKeys":[]},{"senderKeyId":805225583,"senderChainKey":{"iteration":0,"seed":"KaLHBUJKdmOpB4zVcuKI7IjmWIIWubxZ85ZjBGouwC0="},"senderSigningKey":{"public":"BUutm8eMeaUbdEe5ODV3DMK8c2ACnYqNg8csk3TKrS9a"}}]