[{"senderKeyId":178571702,"senderChainKey":{"iteration":0,"seed":"MPydjbxPPSAITi2W9m6D2pJM47u7y1dzgWIDhHumlIA="},"senderSigningKey":{"public":"BQyEAE3WulLfa6xq8T73O3LuxSMx3k7RpiANmOwR95ga"},"senderMessageKeys":[]},{"senderKeyId":1232298754,"senderChainKey":{"iteration":1,"seed":"Cupfg4nr4WAWOqX47BHVNA4CfV7HFHdFg90SEvD7YN4="},"senderSigningKey":{"public":"BZ+P0FsCHUmucSzZ175ks4vh/BS5VctJdOgIYXHeBZsc"},"senderMessageKeys":[]},{"senderKeyId":1232298754,"senderChainKey":{"iteration":1,"seed":"Cupfg4nr4WAWOqX47BHVNA4CfV7HFHdFg90SEvD7YN4="},"senderSigningKey":{"public":"BZ+P0FsCHUmucSzZ175ks4vh/BS5VctJdOgIYXHeBZsc"},"senderMessageKeys":[]},{"senderKeyId":37033595,"senderChainKey":{"iteration":1,"seed":"uDh1X8rqbZZhxZQBU7Rd8WgVPSncAKZUHRagoUnePA4="},"senderSigningKey":{"public":"BZNEtfuve7B7SAuthyDtp4qjzLPoOjnPiT7Nh+SJPKVa"},"senderMessageKeys":[]},{"senderKeyId":1083711493,"senderChainKey":{"iteration":3,"seed":"RoTYxSZAqFrq71lvF0ZXZ6MOxKpuChj4C7pfDogSByM="},"senderSigningKey":{"public":"BWzuPhvLVUSq+8UIgFxNeox7dCieC1kZP5bawFnZdfIW"}}]