[{"senderKeyId":129784061,"senderChainKey":{"iteration":0,"seed":"iKRjbHf55TESL721ALJxBaTM/4hZNF6K25Phl5/uJMc="},"senderSigningKey":{"public":"Bf4MkIZDFhyUAnadpwjSl2SavvXfDZvSOIJx5n/2yPRw"},"senderMessageKeys":[]},{"senderKeyId":228844165,"senderChainKey":{"iteration":0,"seed":"KPEaRiwe1n+xy6kBczeNnOxEBexAN7Dz+EuZI8MQqhg="},"senderSigningKey":{"public":"BeRhC+Z1+VoSkG8vfQJLwrMSMZO6IiwQ1uTdlqrEmnML"},"senderMessageKeys":[]},{"senderKeyId":228844165,"senderChainKey":{"iteration":0,"seed":"KPEaRiwe1n+xy6kBczeNnOxEBexAN7Dz+EuZI8MQqhg="},"senderSigningKey":{"public":"BeRhC+Z1+VoSkG8vfQJLwrMSMZO6IiwQ1uTdlqrEmnML"},"senderMessageKeys":[]},{"senderKeyId":228844165,"senderChainKey":{"iteration":0,"seed":"KPEaRiwe1n+xy6kBczeNnOxEBexAN7Dz+EuZI8MQqhg="},"senderSigningKey":{"public":"BeRhC+Z1+VoSkG8vfQJLwrMSMZO6IiwQ1uTdlqrEmnML"},"senderMessageKeys":[]},{"senderKeyId":175874527,"senderChainKey":{"iteration":0,"seed":"B/Mz0TJKa8UctJZzOla2crx0+UlZQOO+Cxg1x1RX3Zs="},"senderSigningKey":{"public":"BSBCnX337uz/k9wwDuTKYlndENQ24sLDSj4mMK8x08Ym"}}]