[{"senderKeyId":315424874,"senderChainKey":{"iteration":0,"seed":"OwDFIZlKeBfbYDF6se0aY8BUhuQwoSEPcWvvzocIyCg="},"senderSigningKey":{"public":"Bb7Co80jrLMovdyTryv8eG2cmVBaaV+kDyl/dT6NVVJm"},"senderMessageKeys":[]},{"senderKeyId":374718380,"senderChainKey":{"iteration":0,"seed":"hau4WkjZMbzEy1nRoKht7Xf8Z4TdHvChvHnC7XW24qE="},"senderSigningKey":{"public":"BaHzJ/AO10qB5s0KVi2RtBvOLd/UGvRqw67GszXIxcoB"},"senderMessageKeys":[]},{"senderKeyId":1724475580,"senderChainKey":{"iteration":0,"seed":"ZgGrnzy32iglefrhdo7HBcW//6wDD+TRKDbaA/R2Jms="},"senderSigningKey":{"public":"BV+m3mMOrsAbghjnQafGyJ+uec/k7C3APPEn8KAMn0gN"},"senderMessageKeys":[]},{"senderKeyId":394653546,"senderChainKey":{"iteration":0,"seed":"iqivvkXPCBrDhfQdg44gC2wHyONeM6fBnPC0fnYNLUU="},"senderSigningKey":{"public":"BVg3jnVjxmnniTOHv/h1Y970XfgPDXj6DrDvwz+k78sM"},"senderMessageKeys":[]},{"senderKeyId":1267464526,"senderChainKey":{"iteration":0,"seed":"/kTltuIY8SJwkYW4uRk9ROTXhd/7qOKtqCkXq6QwOb4="},"senderSigningKey":{"public":"Bf2IrMfj6eMRs3HjKIHRAR9dyyXsifafkJdH6P0U+N0x"}}]