[{"senderKeyId":21770305,"senderChainKey":{"iteration":0,"seed":"4+zXzrRsPlxyEVnwQ1rQCVkjhY4m1epoOxmc8G2yeTY="},"senderSigningKey":{"public":"BSC9fn9WUEykxZezIgtEcGBByOGULJjOmwM95Y6jRsAc"},"senderMessageKeys":[]},{"senderKeyId":21770305,"senderChainKey":{"iteration":3,"seed":"K1dI6Jlu766GRoUMSAYaxlkS+bNJaK57tB+YShSEJqw="},"senderSigningKey":{"public":"BSC9fn9WUEykxZezIgtEcGBByOGULJjOmwM95Y6jRsAc"},"senderMessageKeys":[]},{"senderKeyId":959827824,"senderChainKey":{"iteration":0,"seed":"OvQXKxZEY25JH5NqciajFxy72bzM3iTNXlF6wSpifDg="},"senderSigningKey":{"public":"BafgWlRbKNAXFQYJ0vVffnszLkbGZoTCfJyjDfY/wu4C"},"senderMessageKeys":[]},{"senderKeyId":959827824,"senderChainKey":{"iteration":0,"seed":"OvQXKxZEY25JH5NqciajFxy72bzM3iTNXlF6wSpifDg="},"senderSigningKey":{"public":"BafgWlRbKNAXFQYJ0vVffnszLkbGZoTCfJyjDfY/wu4C"},"senderMessageKeys":[]},{"senderKeyId":1194188353,"senderChainKey":{"iteration":0,"seed":"Ajxd2XUCw3jYKVJTwFp8hfhUlPDrOpPuQIJqrjkmp2E="},"senderSigningKey":{"public":"BUc3mtMm/ga55BEK00Zoo2YR/BbLAv7AAa6n5ckYlaZN"}}]