[{"senderKeyId":1236634904,"senderChainKey":{"iteration":42,"seed":"5LNj74w3/D686e2OzQWTzVSyYDsjmbsDVTNIazfzjr4="},"senderSigningKey":{"public":"BQjcJzjuW3rN/Oa2+DZu7KHjfucM4pXW4M4jWvHkdCsn"},"senderMessageKeys":[]},{"senderKeyId":815179488,"senderChainKey":{"iteration":14,"seed":"UVm6Lg7MzYuvmxvOs73/tG1+wAQESIOFYklzcEOpEDE="},"senderSigningKey":{"public":"Ba+B5jq1TVWQoTNfcXWXu43zsezQLeH/Rt5Ixh8DByU4"},"senderMessageKeys":[]},{"senderKeyId":194198369,"senderChainKey":{"iteration":5,"seed":"POxvduBKL+M7Tz48Rh+5jzC7kTgCzMLF2hU2nM+jj3Y="},"senderSigningKey":{"public":"BTM5Jzageb1fuHno0t7xAc9HvbgAMlsj77nvZ60eIPpq"},"senderMessageKeys":[]},{"senderKeyId":497685287,"senderChainKey":{"iteration":1,"seed":"gfGcwJfXq3stIFd4DVRyb6RDT5adionYLxdVZiSfMhU="},"senderSigningKey":{"public":"Ba6nM1Hsjm7nC9j3Q5+jTvTjkGVVxaNjBLXrb2zx/hQf"},"senderMessageKeys":[]},{"senderKeyId":1301937484,"senderChainKey":{"iteration":5,"seed":"iR1Fo7H8dNxRDGEnoxTkfnI44ZlcCxO5jnNlHD4jjfY="},"senderSigningKey":{"public":"BRPBPuLg4IFz6AMsR2jfbTqZoVNRkT0nt+sQyrlurN5r"},"senderMessageKeys":[]}]