[{"senderKeyId":963940503,"senderChainKey":{"iteration":1,"seed":"gGU+xuT3AYHTpJ9wg9yet1Suaej5yhLwfE88zdtZzAI="},"senderSigningKey":{"public":"BZF5uXnlVzkRITJuPJmx2vuD/6x/XEkzez6wiI7BqZJh"},"senderMessageKeys":[]},{"senderKeyId":963940503,"senderChainKey":{"iteration":0,"seed":"gqwbJQVsJ8wrotolAh5J+q6cZRetc/PD0B1RDIG+ygE="},"senderSigningKey":{"public":"BZF5uXnlVzkRITJuPJmx2vuD/6x/XEkzez6wiI7BqZJh"},"senderMessageKeys":[]},{"senderKeyId":963940503,"senderChainKey":{"iteration":0,"seed":"gqwbJQVsJ8wrotolAh5J+q6cZRetc/PD0B1RDIG+ygE="},"senderSigningKey":{"public":"BZF5uXnlVzkRITJuPJmx2vuD/6x/XEkzez6wiI7BqZJh"},"senderMessageKeys":[]},{"senderKeyId":1420769746,"senderChainKey":{"iteration":0,"seed":"q3soUFbzHlxXC9UkBCRMYgk95WifwcF8sA9krydQths="},"senderSigningKey":{"public":"BYM5IpkEOCg4vl2j/MTubHNyy2uL5M2TFa0opL+1/oAE"},"senderMessageKeys":[]},{"senderKeyId":995048951,"senderChainKey":{"iteration":0,"seed":"T+4gnE8iJvaOJwEBvw9Meja/qy0H0wqYxH14N7CFBZg="},"senderSigningKey":{"public":"BXsWvUIBHSQDQwyIPgeLG+GbU4qrX4HnEwwfSePwTUg8"}}]