[{"senderKeyId":711220754,"senderChainKey":{"iteration":0,"seed":"wrHdF6otQQp6PBGdH2IIsvK7Ym1fSV2bIn0SmYcO+U8="},"senderSigningKey":{"public":"BYQKCJTn4pvRXv9yBG5B886pkzWijYFj3zjDgAjSqNk/"},"senderMessageKeys":[]},{"senderKeyId":406305336,"senderChainKey":{"iteration":0,"seed":"Tb36HqE3VNAyXaD79O/8++TbuIReVRKaFHKyUxGmlKs="},"senderSigningKey":{"public":"Bb0uceD8fj9T+JXrDFiNpz+imMuinqzMGoEnc2ddBehm"},"senderMessageKeys":[]},{"senderKeyId":1398057910,"senderChainKey":{"iteration":0,"seed":"87hN/aes1Iecb3+OT4qTTeHO5/1eiS72nXHPUpt3YJ4="},"senderSigningKey":{"public":"BceeHuKuYn4zfJPkjeFDFw+OsMNOPJz3vrwi2IaXSBkk"},"senderMessageKeys":[]},{"senderKeyId":1398057910,"senderChainKey":{"iteration":0,"seed":"87hN/aes1Iecb3+OT4qTTeHO5/1eiS72nXHPUpt3YJ4="},"senderSigningKey":{"public":"BceeHuKuYn4zfJPkjeFDFw+OsMNOPJz3vrwi2IaXSBkk"},"senderMessageKeys":[]},{"senderKeyId":1078025756,"senderChainKey":{"iteration":0,"seed":"Jqt+8kJT062/3jOOOGMzv1/FolzqU7CPa64Uzsq9Tkw="},"senderSigningKey":{"public":"BfZn71x2hrJb/R96PsT72v5gyxIrC7M/hrfHPc0WAIYy"}}]