[{"senderKeyId":1320026831,"senderChainKey":{"iteration":0,"seed":"BIrXOxAAw2M0OwXTJgSUBxkywcTdvi6UG56XmVpSFVc="},"senderSigningKey":{"public":"BdM+S9+6OjFIZyAYZkeEm152bmiP7lGryrX21KqOLJwa"},"senderMessageKeys":[]},{"senderKeyId":1320026831,"senderChainKey":{"iteration":0,"seed":"BIrXOxAAw2M0OwXTJgSUBxkywcTdvi6UG56XmVpSFVc="},"senderSigningKey":{"public":"BdM+S9+6OjFIZyAYZkeEm152bmiP7lGryrX21KqOLJwa"},"senderMessageKeys":[]},{"senderKeyId":1320026831,"senderChainKey":{"iteration":0,"seed":"BIrXOxAAw2M0OwXTJgSUBxkywcTdvi6UG56XmVpSFVc="},"senderSigningKey":{"public":"BdM+S9+6OjFIZyAYZkeEm152bmiP7lGryrX21KqOLJwa"},"senderMessageKeys":[]},{"senderKeyId":1320026831,"senderChainKey":{"iteration":0,"seed":"BIrXOxAAw2M0OwXTJgSUBxkywcTdvi6UG56XmVpSFVc="},"senderSigningKey":{"public":"BdM+S9+6OjFIZyAYZkeEm152bmiP7lGryrX21KqOLJwa"},"senderMessageKeys":[]},{"senderKeyId":2004821485,"senderChainKey":{"iteration":0,"seed":"rAyCJA0v4c1kql3jrqPtIih6zbb7A/BPieQd6utZ78s="},"senderSigningKey":{"public":"BcZBVC1/IuNkQtoxA3y9Z9xy9qHzRdba/7VF2rwD5pVr"}}]