[{"senderKeyId":261831724,"senderChainKey":{"iteration":0,"seed":"XRJ0/nCVdyg8TfurCnYwSt18LbaMa6boslupClg0XXg="},"senderSigningKey":{"public":"Be7HJfCQIEx+lPILxYJLi78ayfBAiwey9CbdGSLIUM56"},"senderMessageKeys":[]},{"senderKeyId":689949598,"senderChainKey":{"iteration":0,"seed":"icN1ksBUTVpr7Wslp1BLg3apgiHTeoM3aTqWPo6X2Rk="},"senderSigningKey":{"public":"BS20ndxN40P0lYZwK7W6OLJ7JrfEHYOazCydXw2v4hNo"},"senderMessageKeys":[]},{"senderKeyId":376768408,"senderChainKey":{"iteration":0,"seed":"n2r+XgkMCqpWYIh8IQyijGm1+w48txmIxGGF2GlKsd0="},"senderSigningKey":{"public":"BcnD1w7fnunV5ycm77grro4DbL2R8dLR/3EOct2ykZZu"},"senderMessageKeys":[]},{"senderKeyId":1216034568,"senderChainKey":{"iteration":0,"seed":"lCf0KWLaU2NE9Ziybe942g1VYg6QPP+Ima0Oz7jPGxM="},"senderSigningKey":{"public":"BfDBZ4CJPp5wPA0ykxT9wDBOr22E5UlfBkVcyIRgo/15"},"senderMessageKeys":[]},{"senderKeyId":2009311795,"senderChainKey":{"iteration":0,"seed":"yUhYXAWDswn7yqjJiVmtCNGNnPD9R2NByAllO7PjHHA="},"senderSigningKey":{"public":"BXQg+5FThDyMIrGupnDoITG2psc4vUKgAyZBGPQrDfsE"}}]