[{"senderKeyId":1739795205,"senderChainKey":{"iteration":2,"seed":"mIEQ3npC1g/Sc15xyUx8xCHX4v61AjjTCVorTjMxQkk="},"senderSigningKey":{"public":"BVGVKXyJgn7c//RQKMpww/JRzZRcq10zF29DyitoSqo0"},"senderMessageKeys":[]},{"senderKeyId":1085990190,"senderChainKey":{"iteration":20,"seed":"6EbLPgKJs/Oz8xjna3n2mBqgBzxSIw2adX1dV+hiuCc="},"senderSigningKey":{"public":"BXZHywSroZ3qqaB5ii/4KpKbxlaPtpe+zfcZ2yZZzW0/"},"senderMessageKeys":[]},{"senderKeyId":1975259505,"senderChainKey":{"iteration":12,"seed":"qBFA8xAFnaylNqTbS9GnYuwpil3WQ7LzSeE82Kx+OwI="},"senderSigningKey":{"public":"BZBxAQ01cZ5LbeMEyvBYwVs8c5DJs/k4mYaS/LEBGzVy"},"senderMessageKeys":[]},{"senderKeyId":1975259505,"senderChainKey":{"iteration":7,"seed":"M25tNefgP3eAsKB0MZ2vtmUKDdu/Mk93hYI1CRbUJl4="},"senderSigningKey":{"public":"BZBxAQ01cZ5LbeMEyvBYwVs8c5DJs/k4mYaS/LEBGzVy"}},{"senderKeyId":1888042068,"senderChainKey":{"iteration":4,"seed":"82AqHffQ9tWbNfg7xysUCc9cxqE97K+MD3g5r7ZTK5M="},"senderSigningKey":{"public":"BfBRfDz4/QlHyUouB/uBm9obj60ufBgic/42EMyAethy"}}]