[{"senderKeyId":318474392,"senderChainKey":{"iteration":0,"seed":"qW9lJV1yrih1y7UFZgqOd+85Lly0Odu+3jL38ER/zSY="},"senderSigningKey":{"public":"BQoSQE4SRhrawtUFhXAQKgz5myt7+6r9EH8zaHkeQEtJ"},"senderMessageKeys":[]},{"senderKeyId":43591472,"senderChainKey":{"iteration":0,"seed":"k0Q92HNcxRKC8CXZfvWkRiIUHhA/x7vTJwN+eEaOeWU="},"senderSigningKey":{"public":"Bay5+PEkVk5TrKfrxVxtzZHEh/1/PGOVULIr9iO3nhFK"},"senderMessageKeys":[]},{"senderKeyId":43591472,"senderChainKey":{"iteration":0,"seed":"k0Q92HNcxRKC8CXZfvWkRiIUHhA/x7vTJwN+eEaOeWU="},"senderSigningKey":{"public":"Bay5+PEkVk5TrKfrxVxtzZHEh/1/PGOVULIr9iO3nhFK"},"senderMessageKeys":[]},{"senderKeyId":368207752,"senderChainKey":{"iteration":0,"seed":"5nP/0Wd3vjabuQBcvMZdGm75E/ejy/Z3gCg8DuZ5H44="},"senderSigningKey":{"public":"BTkOQAW5yy0npowVexnpFCAu0dDCepPh5RIzA48GHz0i"},"senderMessageKeys":[]},{"senderKeyId":2066076972,"senderChainKey":{"iteration":0,"seed":"i6T0IiG2IUT52Cd135aR86jDI8RiEEJdocmEAnnuDCo="},"senderSigningKey":{"public":"BSaTlIitDDn2Vlx8fWa7mNoKJxbe5d/PeqD1mXKXVU4J"}}]