[{"senderKeyId":1960816983,"senderChainKey":{"iteration":74,"seed":"cdo5vy4XVhHOLdmIDu/RaVZDaLDsggJlDtuVNVxEz9Q="},"senderSigningKey":{"public":"Bb3UF02C4R0/rVBDOKg9FxRurNRa8QjNZarjrRg2GWt/"},"senderMessageKeys":[]},{"senderKeyId":1960816983,"senderChainKey":{"iteration":66,"seed":"VFRz4mve5MSCpdpkhkgF1YNCOeiIPdor1sSP3qmeQME="},"senderSigningKey":{"public":"Bb3UF02C4R0/rVBDOKg9FxRurNRa8QjNZarjrRg2GWt/"},"senderMessageKeys":[]},{"senderKeyId":923221165,"senderChainKey":{"iteration":2,"seed":"7MR+qjOtnaIbN1GQg3xDweIMxSdynyaSr0kUxRqGRvw="},"senderSigningKey":{"public":"BV3tohjzEbM7xMNoErtG1DgDXfaf4YvJoSD4FcMLUtNx"},"senderMessageKeys":[]},{"senderKeyId":923221165,"senderChainKey":{"iteration":2,"seed":"7MR+qjOtnaIbN1GQg3xDweIMxSdynyaSr0kUxRqGRvw="},"senderSigningKey":{"public":"BV3tohjzEbM7xMNoErtG1DgDXfaf4YvJoSD4FcMLUtNx"},"senderMessageKeys":[]},{"senderKeyId":1214170261,"senderChainKey":{"iteration":1,"seed":"HNDsMxcgsogfugknL4wIhVvmMOq+/FbJL/8tCAKwo54="},"senderSigningKey":{"public":"BaBLc113hmkv55XHoYnp83sgf+bQ/uuYisO/ICZSt58w"}}]