[{"senderKeyId":1374300691,"senderChainKey":{"iteration":1,"seed":"rz0npYVCIY7FpdQSZCKkh2s5o3PkMJ5MbD9BEVOgKk4="},"senderSigningKey":{"public":"BQH5BEPJah+agGdrZ2w1aY3y8bgD4WgitaSPzzxajWot"},"senderMessageKeys":[]},{"senderKeyId":979036872,"senderChainKey":{"iteration":1,"seed":"HrhW1n6Bc2AbF80kPV/4q54f31s5zXF5T1S+NZtXkC0="},"senderSigningKey":{"public":"BZCVDgUlRj2LGpZYzjwQpkOjJOMe7P+76HDqHTnh/DgK"},"senderMessageKeys":[]},{"senderKeyId":443920854,"senderChainKey":{"iteration":1,"seed":"MyC0gR1Bu2i3ELeymU/tjWVXzwPL8izu43BaFzvT9lo="},"senderSigningKey":{"public":"BWWPvXCF3YBFefcgG38nN9agUTvYr9AFGjpKxLEEUYoo"}}]