[{"senderKeyId":1034506377,"senderChainKey":{"iteration":0,"seed":"e9OVo6xMEOe9Qtsxdy/ob6QlcDtwHdmUjTp/IGB1B6Y="},"senderSigningKey":{"public":"BaYBwcDS7Uq0uJ9d02zkIZVnlKQAn1Zkz8Y0ho2MiLsG"},"senderMessageKeys":[]},{"senderKeyId":1034506377,"senderChainKey":{"iteration":0,"seed":"e9OVo6xMEOe9Qtsxdy/ob6QlcDtwHdmUjTp/IGB1B6Y="},"senderSigningKey":{"public":"BaYBwcDS7Uq0uJ9d02zkIZVnlKQAn1Zkz8Y0ho2MiLsG"},"senderMessageKeys":[]},{"senderKeyId":525326251,"senderChainKey":{"iteration":0,"seed":"ATs5Ba9Fy5d9rOyPc+G8s6jbLp06VW4oi7R4VD9scfk="},"senderSigningKey":{"public":"Ba4WL8pDtNv9tVUDiTGc8xbW/4xd2BhZ/QASv9o6Ckgp"},"senderMessageKeys":[]},{"senderKeyId":768169814,"senderChainKey":{"iteration":26,"seed":"+X9z7WfEzXX+TKO5mVcLR6Jy1aK9EHD+lUpOkWLc0CQ="},"senderSigningKey":{"public":"BQHnpy7CL8DD53pJaD3bbWVJu00wiOi/11JxLPLBkaRR"},"senderMessageKeys":[]},{"senderKeyId":768169814,"senderChainKey":{"iteration":21,"seed":"irGorLdvRZWT/aFIBR2BY7bs3KQ/W+N165p1CVx+4Vo="},"senderSigningKey":{"public":"BQHnpy7CL8DD53pJaD3bbWVJu00wiOi/11JxLPLBkaRR"}}]