[{"senderKeyId":1265825852,"senderChainKey":{"iteration":186,"seed":"HhYdW3zgWLLw9v0rKqAP5NrqrHifYfU9avHZZAlCA5M="},"senderSigningKey":{"public":"BfoIAwEw2T+Ye1xNGUwDmlXvO9QsgCrPNneRzEU/neto"},"senderMessageKeys":[]},{"senderKeyId":1265825852,"senderChainKey":{"iteration":194,"seed":"ldAP70af0i3zrapQYMIdS5CKNuFvPFHJdbherpmqGY4="},"senderSigningKey":{"public":"BfoIAwEw2T+Ye1xNGUwDmlXvO9QsgCrPNneRzEU/neto"},"senderMessageKeys":[]},{"senderKeyId":1265825852,"senderChainKey":{"iteration":303,"seed":"LFVlrNYE/vpEKDLfH4/POFCfny+iFbcY9Cv3sncEj48="},"senderSigningKey":{"public":"BfoIAwEw2T+Ye1xNGUwDmlXvO9QsgCrPNneRzEU/neto"},"senderMessageKeys":[]},{"senderKeyId":19812170,"senderChainKey":{"iteration":6,"seed":"HrVDCp4wgaLpCmiSLCQfpi5yJmyF3mir1mV8IAAs+7Y="},"senderSigningKey":{"public":"BZxrjE6h1OzxLKesRp6VMyv8dJeBIrpx+k7GMlPbrlAx"}},{"senderKeyId":46349665,"senderChainKey":{"iteration":8,"seed":"Q9h3QQD4vMUV76afxiSzUqAjnVSaMB90dnpa6IWhsEY="},"senderSigningKey":{"public":"BS2N8Ct6H8yzrSMySRynrS5Rcb61xiMSymVwjz2LXNAW"}}]