[{"senderKeyId":1174696886,"senderChainKey":{"iteration":0,"seed":"qhypNPqMzzdTj1j3gNI03ksiTh8dUU2exAawE7cK47o="},"senderSigningKey":{"public":"BcZYRago2fa9QMCMukAPNFu29I0s7dxg5JUtLi9rMfBC"},"senderMessageKeys":[]},{"senderKeyId":1078777975,"senderChainKey":{"iteration":0,"seed":"baflbOmM6zuzAXEsVBRiZMqTLh54Iz+4+2wf5vn/1XI="},"senderSigningKey":{"public":"BYP2XZWOJ43Ow2NuZyZETzWMRqr+BeH9gJzPdBz45EVr"},"senderMessageKeys":[]},{"senderKeyId":735184574,"senderChainKey":{"iteration":0,"seed":"fqaL3uss1RZyFbJqsq8uTHW8Zx3xYXIUz3CoWIYF6IY="},"senderSigningKey":{"public":"BQnlibiWMuduqOv1IiWIMHZ5c2j1Q7GjNWIxFWNFjWUX"},"senderMessageKeys":[]},{"senderKeyId":488649527,"senderChainKey":{"iteration":0,"seed":"y+5gzgemQx1cMeC2EhMr4igJ624xrdxTx9fRd8hAXcE="},"senderSigningKey":{"public":"BVg0clm4DAiyfcIJvIQtsawBj3vrz8GA763ZenWyXvlJ"},"senderMessageKeys":[]},{"senderKeyId":1115797449,"senderChainKey":{"iteration":0,"seed":"tZbOzQBqrtSdN7eoz1aP8ZndTkQUoJys2UrPvma2Fho="},"senderSigningKey":{"public":"BeDUoGhIymcK/juuByTegaKK0GA3V2eXlX1M3TKC8BNR"}}]