[{"senderKeyId":1760948283,"senderChainKey":{"iteration":0,"seed":"w69s3amO0yQ+Ic/8nJugRRBBufy59N3O2ZlYlrY/B30="},"senderSigningKey":{"public":"BTLNGtrXXZ6lGGt8L1rhr9TCM95Df2Rh5ya39sVuM88R"},"senderMessageKeys":[]},{"senderKeyId":1760948283,"senderChainKey":{"iteration":0,"seed":"w69s3amO0yQ+Ic/8nJugRRBBufy59N3O2ZlYlrY/B30="},"senderSigningKey":{"public":"BTLNGtrXXZ6lGGt8L1rhr9TCM95Df2Rh5ya39sVuM88R"},"senderMessageKeys":[]},{"senderKeyId":1474515280,"senderChainKey":{"iteration":0,"seed":"wYci3ijqDxIbwlVviAb+9Nygv/IwsngPjFwMXE9rxbA="},"senderSigningKey":{"public":"BQyVSG1zWZr6/unUzVd5iPT2LhiFuwgHAL2FeUoRU19m"},"senderMessageKeys":[]},{"senderKeyId":209709830,"senderChainKey":{"iteration":0,"seed":"ym1UX/Cegcjwdd+0HFzu0sdXItVtz/cMaaO/6kXxfUE="},"senderSigningKey":{"public":"Bc/RXT5iLdNp7xkb7M4G0sJy5mYk18U4gzCVguHLhQVg"},"senderMessageKeys":[]},{"senderKeyId":209709830,"senderChainKey":{"iteration":0,"seed":"ym1UX/Cegcjwdd+0HFzu0sdXItVtz/cMaaO/6kXxfUE="},"senderSigningKey":{"public":"Bc/RXT5iLdNp7xkb7M4G0sJy5mYk18U4gzCVguHLhQVg"}}]