[{"senderKeyId":877027615,"senderChainKey":{"iteration":0,"seed":"1OdrXFXjxatvLPl6NIgujhBFENlK1pZ0X3+YilmLfQM="},"senderSigningKey":{"public":"BYG35wSxG5wZ1wz/yPX4Pq+Pgbtbiafdydt24rafNj48"},"senderMessageKeys":[]},{"senderKeyId":114828690,"senderChainKey":{"iteration":0,"seed":"mm8iyQi7QZYjvgG6TzU82hToZzAJG48jg/VKAm+jvD8="},"senderSigningKey":{"public":"Ba5sWzD4fDEtq2eJxc1Z9LSfCMEhk/TrW1WGUHNZtfMe"},"senderMessageKeys":[]},{"senderKeyId":562871848,"senderChainKey":{"iteration":0,"seed":"YMWWAXuQXh+9qmoFACZ27kKNmtcePGiAM8qylBqkApI="},"senderSigningKey":{"public":"BbS4Cg5jwwqGitm0+Z3BqIcf9YYqiIibOSClKKfiXC0n"},"senderMessageKeys":[]},{"senderKeyId":1333347399,"senderChainKey":{"iteration":5,"seed":"1AMPUx8Z7LDhN2JHiP44bHdSj4NwMCRQuZYeydgWzuc="},"senderSigningKey":{"public":"BRtzFucfLMLvZwTRWZ7ih2NMOieSdwNEnQnqtqPnsr1b"},"senderMessageKeys":[]},{"senderKeyId":1333347399,"senderChainKey":{"iteration":0,"seed":"ekErP709Yxn15jTLV11EwLwiTMS2u19gyGHcO/Jsihg="},"senderSigningKey":{"public":"BRtzFucfLMLvZwTRWZ7ih2NMOieSdwNEnQnqtqPnsr1b"},"senderMessageKeys":[]}]