[{"senderKeyId":2117148466,"senderChainKey":{"iteration":0,"seed":"ED1ac5doLAiMh9yMtVetjlOJ1r5IKuWB6RXaGMLfgF0="},"senderSigningKey":{"public":"BckiSr8kpa/OnODix5UVhtebyVzVkF3Rtb5OY2+jtgQw"},"senderMessageKeys":[]},{"senderKeyId":1724773841,"senderChainKey":{"iteration":0,"seed":"ICp3Do3bEHAx/VXs9yGW8tnIP6mX4GwlYmoqNcsxwTQ="},"senderSigningKey":{"public":"BS7Ndr26c+624xBaZIPkSa08P2MY1dpXXOUvZUMPiPJG"},"senderMessageKeys":[]},{"senderKeyId":1519046300,"senderChainKey":{"iteration":0,"seed":"hwEztEc/t8GymPnsD03ksgosOyy5OSCRBNYjKpB7An4="},"senderSigningKey":{"public":"BUho7sF0dDc1YkfpxXemOFf+wt3WHGTchiR2ZnyDxyR+"},"senderMessageKeys":[]},{"senderKeyId":2042676758,"senderChainKey":{"iteration":0,"seed":"IBr4utKW/bJrD5+7SmuU+ydNDZxi0saVcvTgdd5eEuU="},"senderSigningKey":{"public":"BUkAxDY/KH/rxVYxmo95WTb0DHUrPc755OUyI5oW69J3"},"senderMessageKeys":[]},{"senderKeyId":1081294087,"senderChainKey":{"iteration":0,"seed":"wiWYgtqMjH5iwMDfK2xHKDmp43dP9niuIyiKIerSxCQ="},"senderSigningKey":{"public":"Baif+bCxldvpFqth+/DOHZnsEqtaKU94+B79gMl6mCEH"}}]