{"_sessions":{"BWoUdwQ39e/f248QGBtnHG45lv0O1d/801YDahoT/x1k":{"registrationId":535291625,"currentRatchet":{"ephemeralKeyPair":{"pubKey":"BarI0q+it5fsE2Gf6jGrjNnFqnJ+P4YZ/mWoHfcSJkNf","privKey":"8FwY+TuJCb+XcygRefq2HM7LiaK1jm2DlxQkIaH9VHY="},"lastRemoteEphemeralKey":"BXXIE9CgS/lDIEoTwZQLX32K6FGlDH5gJEYQj2C1fsNH","previousCounter":2,"rootKey":"kO2KhgqQu96c25w5udirxo3k7I4vmE/jEg6kUDmbMm4="},"indexInfo":{"baseKey":"BWoUdwQ39e/f248QGBtnHG45lv0O1d/801YDahoT/x1k","baseKeyType":2,"closed":-1,"used":1696688697096,"created":1695852500821,"remoteIdentityKey":"BSLsZGKJrETkRwVNwfR+aod6BjIp6mXTpVU+r+KCjvRf"},"_chains":{"BeaRLmMp0gEsKDY6WSIYh7uXkN+Kwdf77AZqsaF3boE5":{"chainKey":{"counter":0},"chainType":2,"messageKeys":{}},"Ba4edmTcilFMBUt6A1V4kewIq41so6B/iNKA7Ow0m3UJ":{"chainKey":{"counter":0},"chainType":2,"messageKeys":{}},"BWkjLBM1iDjaqo/fYnhrvGvMY4rpBKioVXdACBjlANNf":{"chainKey":{"counter":1},"chainType":2,"messageKeys":{}},"BfmmY8dxqUOWL8LK+GtlHRrQ3j0B8EjiCVE34OCYLWhi":{"chainKey":{"counter":0},"chainType":2,"messageKeys":{}},"BeVOBGdDs1rZMahSKYC7S3itLL7o3ijGcBXVMWGMTSdp":{"chainKey":{"counter":0},"chainType":2,"messageKeys":{}},"BbsfwZB767cz3d7uT7XjOHfN3UbyVG7TYxrnPE4nXScl":{"chainKey":{"counter":0},"chainType":2,"messageKeys":{}},"BW/YI21pFIuZ7Od6KK1RdmF/XA558nJoauK5vPVEznUL":{"chainKey":{"counter":0},"chainType":2,"messageKeys":{}},"BStmk/PwL+LyKylH+2S7CIg9h6QL/0XwASZPfU4FgwJT":{"chainKey":{"counter":0},"chainType":2,"messageKeys":{}},"BYwZmvqfAdloTWZpRwTWvp78AlbpL1cXX2Fc6UHTiYVj":{"chainKey":{"counter":2},"chainType":2,"messageKeys":{}},"BSAJkQ+eiXK8+qx4/GYoYIz8bFdHZ+bw7ypHmVeNwXo2":{"chainKey":{"counter":0},"chainType":2,"messageKeys":{}},"BXxBiGKhMOkWoz0bzm/ZsTmNcsqGB1TTnFWlBpulz0gU":{"chainKey":{"counter":0},"chainType":2,"messageKeys":{}},"BRV2cE4EWCasX+9BX9oRl3/LftTBCJgTBkqE++SF52ww":{"chainKey":{"counter":0},"chainType":2,"messageKeys":{}},"BckNkGCj0BlRBJ9pDyoVol4Zo6CCGsNY0DUHgdJbKk1/":{"chainKey":{"counter":1},"chainType":2,"messageKeys":{}},"BTEgwve8E5a0iAyTezr++Ng3WmVy65ISAZG8zj253QlW":{"chainKey":{"counter":0},"chainType":2,"messageKeys":{}},"BXXIE9CgS/lDIEoTwZQLX32K6FGlDH5gJEYQj2C1fsNH":{"chainKey":{"counter":0,"key":"fYVJloMCQsaWc46s6E7XHMbqlc+GXDH0aG/Jh30pJok="},"chainType":2,"messageKeys":{}},"BarI0q+it5fsE2Gf6jGrjNnFqnJ+P4YZ/mWoHfcSJkNf":{"chainKey":{"counter":1,"key":"XBqlkBP+7EauhzWkP0f0LlU9qtB5njDEOxuELdTwADw="},"chainType":1,"messageKeys":{}}}}},"version":"v1"}