{"_sessions":{"BUY+KjukU8qhnDAJoVZOWV9nAJISbBMop6RsSRjUl7w+":{"registrationId":1647542164,"currentRatchet":{"ephemeralKeyPair":{"pubKey":"Bbl7yEKgFj2+F5x47/MdFd0T8NPom0RZ/GEP10Zj169X","privKey":"WPV5EQPdCWoKLLFzwlst/WhIvL+/9e7ozhWggdt4u2s="},"lastRemoteEphemeralKey":"BTMc8S58cCDg1FSwhWQjHaBS96OZNRdrbejCMBPb2Vgn","previousCounter":1,"rootKey":"qzwUnY12sc7kvYjPa+lzsNTGnlToihAv0yFH2ZNlsOw="},"indexInfo":{"baseKey":"BUY+KjukU8qhnDAJoVZOWV9nAJISbBMop6RsSRjUl7w+","baseKeyType":1,"closed":-1,"used":1696434819968,"created":1695944785249,"remoteIdentityKey":"BbDP/t93XkzH0iNrWDDKkBG9ybDtf9tU4PU4EG7rwMsG"},"_chains":{"Bd8yFqVAkTkq/JlyOwOKseXNKPmDaA0gCj8CcEuLxGAR":{"chainKey":{"counter":0},"chainType":2,"messageKeys":{}},"BV64klAHxg5CoZb1AvKTRv2j7h5TNBM91uIuXI3+gSZ0":{"chainKey":{"counter":0},"chainType":2,"messageKeys":{}},"BS+7H4elmeu+SsRKEcdtUAASTJyC1ZvyFqqj/rdKXLdt":{"chainKey":{"counter":0},"chainType":2,"messageKeys":{}},"BfWSJ215z2ITJ7gdQbDCaeb3lmpGWE8QQcR24nPochcb":{"chainKey":{"counter":0},"chainType":2,"messageKeys":{}},"BQgEJkA0TiQXCnlG+e+38kauocfqr/hf3Q+qOa6+ZTY1":{"chainKey":{"counter":7},"chainType":2,"messageKeys":{}},"BURrI53DhSgiIsrEuhxStAUkqWeXdE0t0OIrOFyiDulN":{"chainKey":{"counter":0},"chainType":2,"messageKeys":{}},"BUQVsHI2EyAeIbruIX5Mr2eaKIkqY8sq3W74dTRKJh41":{"chainKey":{"counter":12},"chainType":2,"messageKeys":{}},"BRZP2qxIGrL+gTMaE+aY9/JZXGwUoazGWlCrWxduBx4f":{"chainKey":{"counter":1},"chainType":2,"messageKeys":{}},"BTMc8S58cCDg1FSwhWQjHaBS96OZNRdrbejCMBPb2Vgn":{"chainKey":{"counter":1,"key":"9WSnS2O294LNX+xZDW4V59MRDMt5kZm6H15Ht0dhLkk="},"chainType":2,"messageKeys":{}},"Bbl7yEKgFj2+F5x47/MdFd0T8NPom0RZ/GEP10Zj169X":{"chainKey":{"counter":-1,"key":"BP/QXqlXAhgjifidSZsCYZ7tqEafC9QEvuiE4B5UCRo="},"chainType":1,"messageKeys":{}}}}},"version":"v1"}