{"_sessions":{"BVJmBIGEscTr/Z19+yuppboi2biRSmqrhAKptqM7Vj9c":{"registrationId":1236344663,"currentRatchet":{"ephemeralKeyPair":{"pubKey":"BeUU7il+C/EzGhRHHRbdhE0SoJKngM3qlvpo8EskAz8U","privKey":"ADMRATKNnfjViQw5xrqnrwAznP27gfbqPJzohEidg3w="},"lastRemoteEphemeralKey":"BbLoAG+Pf3TxgjmHp28nqjfXF9ATRPvvU3x/JGnoUxBa","previousCounter":2,"rootKey":"f2R2viCqLtmwt+mFRZ+bn7i6qRcHBWb1cRUh6j2BQ8k="},"indexInfo":{"baseKey":"BVJmBIGEscTr/Z19+yuppboi2biRSmqrhAKptqM7Vj9c","baseKeyType":2,"closed":-1,"used":1696688713900,"created":1695852500284,"remoteIdentityKey":"Bfp7a7DcqOUbXpsjuQ6BSveVdaJUrJ3SxEtfa40Xp8Yh"},"_chains":{"BWX6nHM8FhwIoeTsVP1eRFO81xpbMhmh/VV6RPFnFepx":{"chainKey":{"counter":0},"chainType":2,"messageKeys":{}},"Be5b75rbaQCNNtxxuA0e71jfAITNPmIh6C2XdOpk9Sc5":{"chainKey":{"counter":0},"chainType":2,"messageKeys":{}},"BeZZu9CbT0NF2VXOux9o+Dtqqrl/SDrK4QzXVbpBIMRw":{"chainKey":{"counter":1},"chainType":2,"messageKeys":{}},"BZJpClGjB24vUnoLQs1Ncbnx8oHwwj9IMjbF2ruF3C9P":{"chainKey":{"counter":0},"chainType":2,"messageKeys":{}},"BddkKuRo9t5VHRusJBfRrlBSCaHLvQyPI8GQALG/2j83":{"chainKey":{"counter":1},"chainType":2,"messageKeys":{}},"Bbcbb9IUywza5HwhUEaE8TjX9xnxklr53uccCjV3H+tU":{"chainKey":{"counter":0},"chainType":2,"messageKeys":{}},"BS/O7PVkVd7PpwhPV+6xXjYg93mPm7lU2MCJRNVwmC17":{"chainKey":{"counter":2},"chainType":2,"messageKeys":{}},"BX/V7J40Rdcj6xnKIt1+DysdJz/Ot45RxKCA8h5nVmss":{"chainKey":{"counter":0},"chainType":2,"messageKeys":{}},"BcVvSCSaD3xz86jXxJu1/d2Q8cAqaP/W65pXvP4ISNJQ":{"chainKey":{"counter":0},"chainType":2,"messageKeys":{}},"BTOPmsF4m5DohO6XQerwiPEfTJxuVsJR27SpVtNniCJv":{"chainKey":{"counter":0},"chainType":2,"messageKeys":{}},"BarwgSX22p4fLSdGGh/A1LODVNlY/7mg5PUqCgOkDKA2":{"chainKey":{"counter":0},"chainType":2,"messageKeys":{}},"BbLoAG+Pf3TxgjmHp28nqjfXF9ATRPvvU3x/JGnoUxBa":{"chainKey":{"counter":0,"key":"3+cjNlwyq0ydROxmfNhJa9+J+NPiv7lFdTox0QuJPAE="},"chainType":2,"messageKeys":{}},"BeUU7il+C/EzGhRHHRbdhE0SoJKngM3qlvpo8EskAz8U":{"chainKey":{"counter":1,"key":"BnIFXc0l1yBIh0ONj6Cycq8RQauf+WHuskp9JEXD+u0="},"chainType":1,"messageKeys":{}}}}},"version":"v1"}