{"_sessions":{"BaE7pSpk6ADYrGNj5mpgwrFG3D6ahAvYkhb88W5SA94Y":{"registrationId":1943734879,"currentRatchet":{"ephemeralKeyPair":{"pubKey":"BbiauClh0KiB71DcZ2hjVVM0LTJ0qMSyD7D3oh5z6lQG","privKey":"WFjcPes97+eG9GGRovm2xsuwf8n6ma+Vc+c1YDG2M0g="},"lastRemoteEphemeralKey":"BbLe8nf/hlJu94oy6y34EmWKjrSM1MNIiedB6qpsbYMc","previousCounter":1,"rootKey":"G/Ke1DLZhEjtE1dfjVrvGCLxIr4ARsjaBPBXkrbbsow="},"indexInfo":{"baseKey":"BaE7pSpk6ADYrGNj5mpgwrFG3D6ahAvYkhb88W5SA94Y","baseKeyType":2,"closed":-1,"used":1696725053696,"created":1695852499518,"remoteIdentityKey":"BY0lCvuFbO6EBIyFjAJZhKLC+rEWEBa1Bxre8FVuV8oP"},"_chains":{"Bd4eLPsUaCo9e2U6Ur1NFKj33QueaLjCDnQfyHY8wm1u":{"chainKey":{"counter":0},"chainType":2,"messageKeys":{}},"BcDT3g79tZ9110+Z4E8YA7+oX0CuSPK6m3GOf85GqgtQ":{"chainKey":{"counter":5},"chainType":2,"messageKeys":{}},"BazOHwIltRG10p855GVFqBlDOXAlaML+YveVghxrywsL":{"chainKey":{"counter":1},"chainType":2,"messageKeys":{}},"BQJIWkn61RkLEwxx+HMKPwp5e3Am1ZSGOOOHmlhn2zkg":{"chainKey":{"counter":0},"chainType":2,"messageKeys":{}},"BZYESon64JAgEXofW4adXR6kPmdigQiVrgVvpig3RMda":{"chainKey":{"counter":1},"chainType":2,"messageKeys":{}},"BWXnzRABJ3A5EQrABCo0LfjVULajqBD7uDO7myJZcj95":{"chainKey":{"counter":0},"chainType":2,"messageKeys":{}},"BVspP/sYxCkuXhSQiwQhfR+34vT0/awJXzwj2XoQ2Vot":{"chainKey":{"counter":4},"chainType":2,"messageKeys":{}},"BWYNB5JYnTHZrcigVoJhGYjM9dDG79CtakpiFm/VS3tL":{"chainKey":{"counter":0},"chainType":2,"messageKeys":{}},"BTNlcVTaMFmMeWUsddVj84Kg0McN2BedIT0dxc2CeiBd":{"chainKey":{"counter":3},"chainType":2,"messageKeys":{}},"BetPxbS5dkvo6BZ2jfLigLFvxW8WV3Fsc1QGmYHs2BwX":{"chainKey":{"counter":0},"chainType":2,"messageKeys":{}},"BTsG5V9ZHqiham2Oa4zgn+iOeTJQ9t0saj4CI2zTeVAj":{"chainKey":{"counter":1},"chainType":2,"messageKeys":{}},"BTM3UXRdgvV1BUFlvVkzqkgiM8Zrb1QYYw3v6FxkAIZ0":{"chainKey":{"counter":1},"chainType":2,"messageKeys":{}},"BS/7yFC01dKL6OUUfN3m8MCUsyUcaE9V3Bu3wu/10YYX":{"chainKey":{"counter":1},"chainType":2,"messageKeys":{}},"Bad+oFpdtJIM0ydLRk67lMqwRacj6xVEhEPzU7PTzUV7":{"chainKey":{"counter":0},"chainType":2,"messageKeys":{}},"BZeV7GXI368jnukQCycnGorRhQACdGldVEGw79BQlTl9":{"chainKey":{"counter":0},"chainType":2,"messageKeys":{}},"BZt79gV9eODZM9ikCWGLkUcDqWkPVXSQlo3L/CMlqd4S":{"chainKey":{"counter":0},"chainType":2,"messageKeys":{}},"BbLe8nf/hlJu94oy6y34EmWKjrSM1MNIiedB6qpsbYMc":{"chainKey":{"counter":1,"key":"iq7O7CdCFX94gq6/kaymm710+hCQiCh1Q6bw9SVPXPw="},"chainType":2,"messageKeys":{}},"BbiauClh0KiB71DcZ2hjVVM0LTJ0qMSyD7D3oh5z6lQG":{"chainKey":{"counter":-1,"key":"XRxQiAFrkcfVJXUYiJYQTkixgW5cBrTN5PVx3D4Yy2g="},"chainType":1,"messageKeys":{}}}}},"version":"v1"}