{"_sessions":{"BVwBgR0pgUoEnTV1+THNS4UWjgu4IF15EMLziaUbw0Bv":{"registrationId":788026814,"currentRatchet":{"ephemeralKeyPair":{"pubKey":"BVv4DSPyhurZXOhOByxETl8hOlOfIfUhmZuXMEDIMh46","privKey":"kKh0N6YeQIL23Ahlpqkz8xbSZ+rgoQrK0VdFJ44Penc="},"lastRemoteEphemeralKey":"BYYe4InvDJWEL+aGsvJjduRRHQmxoWNmJgeAXvy4nPYS","previousCounter":3,"rootKey":"fAsLXbciYPaSWXV3UBntVRbJWraZ72Z78ZzKCMkLoyQ="},"indexInfo":{"baseKey":"BVwBgR0pgUoEnTV1+THNS4UWjgu4IF15EMLziaUbw0Bv","baseKeyType":2,"closed":-1,"used":1696713429860,"created":1695852499840,"remoteIdentityKey":"BUWAC28bMIACz+UVmI4fB7lRQ45gyK+WFlfrQUxPh7kB"},"_chains":{"BYguLjF+4bSYiIxRntjL5gF5qWu+ZJ7j8KdpUEsnZCwi":{"chainKey":{"counter":0},"chainType":2,"messageKeys":{}},"BbGkwwbmTf4gjT7r5HHp5zjLk8m/i93TPEyHkPJscYpa":{"chainKey":{"counter":0},"chainType":2,"messageKeys":{}},"BVZ5vDqnrpI8Ze6AkkOm4JL3yA0swYaWgHCyqC5P6gtD":{"chainKey":{"counter":0},"chainType":2,"messageKeys":{}},"BdWo+b94zBbomY59MUSq1SQiueQRfhHsr0xt249YUGUG":{"chainKey":{"counter":1},"chainType":2,"messageKeys":{"0":"V89NMFZTywdLG6o38KB6vaihEiEA8Q0Kt6XTtre/jq0="}},"BdDlXs4GbbFhjcKEnPRofrmXh9tYpkphhD8LBa8GL3lo":{"chainKey":{"counter":0},"chainType":2,"messageKeys":{}},"BZgx7PgsGHCcG6gTQFRC0FZZ9WoPkVIdYH061cTtPO4R":{"chainKey":{"counter":0},"chainType":2,"messageKeys":{}},"BTmqs6hNk1xYSusQlYCPk/KgNLSf22WtsLelLhQCrekG":{"chainKey":{"counter":0},"chainType":2,"messageKeys":{}},"BfJs0irrQgL/0NnYQ2s1r46IKZ7SHw7nLfoAAjN40ARO":{"chainKey":{"counter":0},"chainType":2,"messageKeys":{}},"BYSXc4O+voAW+e2YB0d/K1xq0hrXbDQG6K4nUGToAwpD":{"chainKey":{"counter":2},"chainType":2,"messageKeys":{}},"BdloKD34FYIvMLE1ezvw+GM2xDq8KTupjy1WCrx1vHMl":{"chainKey":{"counter":0},"chainType":2,"messageKeys":{}},"BW7e5V0YuD9YaxcP0huZF31nhipLRjazc2od0EWRAHhm":{"chainKey":{"counter":0},"chainType":2,"messageKeys":{}},"BYohNP9GEeRKCP9hqp/73ShMqLFo321R7v8l1gzj1o9j":{"chainKey":{"counter":0},"chainType":2,"messageKeys":{}},"BaCIQaNbBictmIogJDFLhEDfXf2t8BML6NfLhEuiO/dT":{"chainKey":{"counter":0},"chainType":2,"messageKeys":{}},"BYYe4InvDJWEL+aGsvJjduRRHQmxoWNmJgeAXvy4nPYS":{"chainKey":{"counter":0,"key":"U+ggUXnnzZuBT61+DildheqDux2fNi/3s3c/JBKCM9A="},"chainType":2,"messageKeys":{}},"BVv4DSPyhurZXOhOByxETl8hOlOfIfUhmZuXMEDIMh46":{"chainKey":{"counter":0,"key":"m2nwQfYqw6sMQIzdMrSUtWWlYEXpj7ScO8aBbAatWNk="},"chainType":1,"messageKeys":{}}}}},"version":"v1"}