{"_sessions":{"Bf73o4DL3CGEZY8h+MUJ4WB9KtqtoQHrMBhP8DtAOCYf":{"registrationId":280018171,"currentRatchet":{"ephemeralKeyPair":{"pubKey":"BYf2dJ6hyuNBjcdTZA0bRSPkQyQOWQ27XQgOLMXqpO8o","privKey":"sJHjqRkTtKKN/47/g35N3rfIGS+bEjN6o26oYbAdvEw="},"lastRemoteEphemeralKey":"BZiiW5S7wJXoZvNp1xaLf0XW2iZxOWFx/FByKO2qT55X","previousCounter":1,"rootKey":"XtuZx7jr0Af94LdiZzY36BjKur6BttCRoggEAh0hCGw="},"indexInfo":{"baseKey":"Bf73o4DL3CGEZY8h+MUJ4WB9KtqtoQHrMBhP8DtAOCYf","baseKeyType":2,"closed":-1,"used":1696723075288,"created":1695852499351,"remoteIdentityKey":"BTMq1dbkcAhrLSCfeeAg8riosZQAGyGSVYV2J3hJRmEh"},"_chains":{"BdMi9czlYrVHBgg6RP4nwaNvN5R4307XdrUdnMRpUa9t":{"chainKey":{"counter":0},"chainType":2,"messageKeys":{}},"Bd7awlu0MNw0/U4I2lxARoOZysXHsUeuxQnsyGDEHGkZ":{"chainKey":{"counter":0},"chainType":2,"messageKeys":{}},"BeyOeVz05l0F4kmzjlePbR4lZwflpo9YesmUgT5Zr0Yl":{"chainKey":{"counter":1},"chainType":2,"messageKeys":{}},"BbDSOwgrxj+1unU3qjhtdWU0BJ8P+wAsZdtWvQmfIYI2":{"chainKey":{"counter":0},"chainType":2,"messageKeys":{}},"BZ14mJKnurnhul+ncRaZFQPkK3ZdJBx/nB/TcTyp2PZi":{"chainKey":{"counter":0},"chainType":2,"messageKeys":{}},"BTSC2OpLjPaenTmvUM556nhE640FtaapPRTsAEfgkZ5X":{"chainKey":{"counter":0},"chainType":2,"messageKeys":{}},"BTl1/6gdCSgVexEolSDEV9zTLqtR/VzU3dm98esYpCIF":{"chainKey":{"counter":0},"chainType":2,"messageKeys":{}},"BQ6hUIButSmUcE3zg2o/kC/mtnj+sXA6PkxzHWI6falJ":{"chainKey":{"counter":2},"chainType":2,"messageKeys":{}},"Bd6aMTJlrs3aMR7I4Ti1II8LzA/hMo0Cghka763yBexY":{"chainKey":{"counter":0},"chainType":2,"messageKeys":{}},"BdGzH7UtdaUQhLDQnpZsnwTUJrCohk+JLdtY4yH4X/Ba":{"chainKey":{"counter":0},"chainType":2,"messageKeys":{}},"BVZ16GfHmgjV4RhZBWRm0EtNJkD4Fg7Ao/b1Mz1VfTtN":{"chainKey":{"counter":0},"chainType":2,"messageKeys":{}},"BWT4xQ7/iYsm9K5xnfiklEGBvB8w009ynY3kifttZ6YP":{"chainKey":{"counter":0},"chainType":2,"messageKeys":{}},"BepgKK1CJO/8pZChFaImWxBYERUgLL4/K6d6Zxn/T7hE":{"chainKey":{"counter":0},"chainType":2,"messageKeys":{}},"BX0SL75zTRC0aIvrZ6Of3yTPiofANiN6AMghtQGkYF1M":{"chainKey":{"counter":0},"chainType":2,"messageKeys":{}},"BZiiW5S7wJXoZvNp1xaLf0XW2iZxOWFx/FByKO2qT55X":{"chainKey":{"counter":0,"key":"8Saq8shn9VuNQ6bKBUYcvqhb79oDkzXwB7bRanssJnw="},"chainType":2,"messageKeys":{}},"BYf2dJ6hyuNBjcdTZA0bRSPkQyQOWQ27XQgOLMXqpO8o":{"chainKey":{"counter":-1,"key":"RiaZqv/ibHJNILiNYeCPA7sv4JBAPkGirTaaW4bHP6w="},"chainType":1,"messageKeys":{}}}}},"version":"v1"}