{"_sessions":{"BTWQy5VPxXAdm5AuXyBxuBolJGCqSk3im6OTPN3CsExY":{"registrationId":934423533,"currentRatchet":{"ephemeralKeyPair":{"pubKey":"BcXb+XU7ovVC6BDwSi4+WGJ5qGOkgJ73tSmlIRGiyVsQ","privKey":"wFtk5bRHSGijwZ2UVIyO1dNxDwyxN4yT5wZ5tSfL+14="},"lastRemoteEphemeralKey":"BaV34NZjSLqW/KNYdx6+7+tQhl9zWq0DM3bHDwyo8NZ4","previousCounter":0,"rootKey":"UH/cdZKDSE7qk187b8vCvXR8ItavScClxVobpUbFhnc="},"indexInfo":{"baseKey":"BTWQy5VPxXAdm5AuXyBxuBolJGCqSk3im6OTPN3CsExY","baseKeyType":2,"closed":1695888051803,"used":1695852499571,"created":1695852499571,"remoteIdentityKey":"BYqbaoILohB7HDw0RLZ8jf8bpC0XhKrCnS5sdO5FIhpf"},"_chains":{"BaV34NZjSLqW/KNYdx6+7+tQhl9zWq0DM3bHDwyo8NZ4":{"chainKey":{"counter":0,"key":"t8w190ZornocOqGH8Id7/fSNdriX212oJNTcNTnVPSE="},"chainType":2,"messageKeys":{}},"BcXb+XU7ovVC6BDwSi4+WGJ5qGOkgJ73tSmlIRGiyVsQ":{"chainKey":{"counter":2,"key":"ZWLF/IYG+ooNTAsbdYUvOCrZsBKdHm+tWLfJ5getvJw="},"chainType":1,"messageKeys":{}}}},"BaRDNi2GPz2HOsCExAhL73+kxy259B9B71FycOfBPQx7":{"registrationId":934423533,"currentRatchet":{"ephemeralKeyPair":{"pubKey":"BX7PKVt6FA0K2UD3vAjvBoE6zx/XrkOuwOkL3iA+3w09","privKey":"0IT+EYmtY8/ti8ZC14kQQaIqofbWtCttfuxVW7zaVk0="},"lastRemoteEphemeralKey":"BWjYeIccF4xVvMBBo9sCpD0HU/X6+Kds44YSPQJ3oTsO","previousCounter":0,"rootKey":"AnHbLfMWUGoVxcsUczUtQQEja7UqEXOd75J8ptH0wsA="},"indexInfo":{"baseKey":"BaRDNi2GPz2HOsCExAhL73+kxy259B9B71FycOfBPQx7","baseKeyType":1,"closed":1695888059358,"used":1695888051768,"created":1695888051768,"remoteIdentityKey":"BYqbaoILohB7HDw0RLZ8jf8bpC0XhKrCnS5sdO5FIhpf"},"_chains":{"BX7PKVt6FA0K2UD3vAjvBoE6zx/XrkOuwOkL3iA+3w09":{"chainKey":{"counter":-1,"key":"rh/ltOwAx4JhR9voM5lrgqYm7FYTFbOD++XEF5wy83E="},"chainType":1,"messageKeys":{}}},"pendingPreKey":{"signedKeyId":9,"baseKey":"BaRDNi2GPz2HOsCExAhL73+kxy259B9B71FycOfBPQx7","preKeyId":16773045}},"BSQi8WHvp0s44ehuLLswIpCpUHGuvE2euY5AiN98Yc4m":{"registrationId":934423533,"currentRatchet":{"ephemeralKeyPair":{"pubKey":"BaUsE28wdlXPdEVUOxwPkbfgWsBeX/L6f/Wlzjt2vEVD","privKey":"2MRERpYIp13P2/HPDzQ6H2xVtl6HzdK9HkXlS9UCvlk="},"lastRemoteEphemeralKey":"BWjYeIccF4xVvMBBo9sCpD0HU/X6+Kds44YSPQJ3oTsO","previousCounter":0,"rootKey":"mev0p07eFCAiEcigGxIwMN9se8i9sAFNQUoyPHLAik4="},"indexInfo":{"baseKey":"BSQi8WHvp0s44ehuLLswIpCpUHGuvE2euY5AiN98Yc4m","baseKeyType":1,"closed":1695888063549,"used":1695888059356,"created":1695888059356,"remoteIdentityKey":"BYqbaoILohB7HDw0RLZ8jf8bpC0XhKrCnS5sdO5FIhpf"},"_chains":{"BaUsE28wdlXPdEVUOxwPkbfgWsBeX/L6f/Wlzjt2vEVD":{"chainKey":{"counter":-1,"key":"VksKarT84jAynnHqdJoZYiZUjkIqXQKah6iWzbZX4Pw="},"chainType":1,"messageKeys":{}}},"pendingPreKey":{"signedKeyId":9,"baseKey":"BSQi8WHvp0s44ehuLLswIpCpUHGuvE2euY5AiN98Yc4m","preKeyId":16773025}},"BUOKG2Pi18subYrfWZc/cAqAHK9EMEi1PJkd8u94wkco":{"registrationId":934423533,"currentRatchet":{"ephemeralKeyPair":{"pubKey":"Bdv799UahNuK1MJwK2yv07XQo2YRtjzjsH4OYPIpiXBg","privKey":"sHvttpniFDSZFw0z9Xo1s55kF0I/8GRuUSKM/1RUVVg="},"lastRemoteEphemeralKey":"BWjYeIccF4xVvMBBo9sCpD0HU/X6+Kds44YSPQJ3oTsO","previousCounter":0,"rootKey":"zWk2WVP8ajnSkofmjD+8Ncc/2RAleGc5s1QnouzFiH0="},"indexInfo":{"baseKey":"BUOKG2Pi18subYrfWZc/cAqAHK9EMEi1PJkd8u94wkco","baseKeyType":1,"closed":1695888070183,"used":1695888063547,"created":1695888063547,"remoteIdentityKey":"BYqbaoILohB7HDw0RLZ8jf8bpC0XhKrCnS5sdO5FIhpf"},"_chains":{"Bdv799UahNuK1MJwK2yv07XQo2YRtjzjsH4OYPIpiXBg":{"chainKey":{"counter":-1,"key":"U1bfm4o4fs6Yl7SN6+t0JA2tbA0Set0D9z7IZPKugOI="},"chainType":1,"messageKeys":{}}},"pendingPreKey":{"signedKeyId":9,"baseKey":"BUOKG2Pi18subYrfWZc/cAqAHK9EMEi1PJkd8u94wkco","preKeyId":16772711}},"BWEn7SM0dnL7drAPw6vxjKiZcO/hTWQtRQGqPiJnpnUG":{"registrationId":934423533,"currentRatchet":{"ephemeralKeyPair":{"pubKey":"BT5+s9yDPKBCujm2FEG8MonuOvLZRBHbgV9LiFqIrqZf","privKey":"oN8XPso6WqnJm+6rTNaWFp+GnS7tVtlmgQjf1BUaw1k="},"lastRemoteEphemeralKey":"BWjYeIccF4xVvMBBo9sCpD0HU/X6+Kds44YSPQJ3oTsO","previousCounter":0,"rootKey":"7O6M1bClcCfSJ1FlQXZSZRs7ucMP0C17HWuDtMhomIg="},"indexInfo":{"baseKey":"BWEn7SM0dnL7drAPw6vxjKiZcO/hTWQtRQGqPiJnpnUG","baseKeyType":1,"closed":1695888070273,"used":1695888070181,"created":1695888070181,"remoteIdentityKey":"BYqbaoILohB7HDw0RLZ8jf8bpC0XhKrCnS5sdO5FIhpf"},"_chains":{"BT5+s9yDPKBCujm2FEG8MonuOvLZRBHbgV9LiFqIrqZf":{"chainKey":{"counter":-1,"key":"WAuar1dCTXMRBCcIXySLZfGcZXT1fJz9li9POOTQngw="},"chainType":1,"messageKeys":{}}},"pendingPreKey":{"signedKeyId":9,"baseKey":"BWEn7SM0dnL7drAPw6vxjKiZcO/hTWQtRQGqPiJnpnUG","preKeyId":16772713}},"BQSHWyYtVJBx1QO0scs/Ksj9CzmDuiUtxV4TUQeCRSZ/":{"registrationId":934423533,"currentRatchet":{"ephemeralKeyPair":{"pubKey":"BZl1z0kqPeCy99EEpZlqWmkI5gzaLqJXuIIXE+5JDIIK","privKey":"yIJWFriqdzPVUydRMOlnL3BUouZvkODkkYvGCuc2pE8="},"lastRemoteEphemeralKey":"BWjYeIccF4xVvMBBo9sCpD0HU/X6+Kds44YSPQJ3oTsO","previousCounter":0,"rootKey":"MjJTn1qGkMDTPrvJFoEnKpo04APSprwZb56tlWLBeBQ="},"indexInfo":{"baseKey":"BQSHWyYtVJBx1QO0scs/Ksj9CzmDuiUtxV4TUQeCRSZ/","baseKeyType":1,"closed":1695888070581,"used":1695888070270,"created":1695888070270,"remoteIdentityKey":"BYqbaoILohB7HDw0RLZ8jf8bpC0XhKrCnS5sdO5FIhpf"},"_chains":{"BZl1z0kqPeCy99EEpZlqWmkI5gzaLqJXuIIXE+5JDIIK":{"chainKey":{"counter":-1,"key":"uLF1ZUu5hXwC5G5g8wvATc/kLv0DvvTptgQnhvOXd/k="},"chainType":1,"messageKeys":{}}},"pendingPreKey":{"signedKeyId":9,"baseKey":"BQSHWyYtVJBx1QO0scs/Ksj9CzmDuiUtxV4TUQeCRSZ/","preKeyId":16772848}},"BcIBvfHItaJQbVcnWruzZrT1yO2dV6Pr7cZAbH3YNm5b":{"registrationId":934423533,"currentRatchet":{"ephemeralKeyPair":{"pubKey":"BfLH60eVetieXhX9aj7YA6jhyz1aQQOIW6lQPV+3rd8Y","privKey":"2BGlcbxUI79ARj+YWWwrqWqQ7HhE59raAmFib77OAWs="},"lastRemoteEphemeralKey":"BWjYeIccF4xVvMBBo9sCpD0HU/X6+Kds44YSPQJ3oTsO","previousCounter":0,"rootKey":"QXFd8+fMNFkVGuMPWoz/0yEgzC3xzieneXpy4d95b1o="},"indexInfo":{"baseKey":"BcIBvfHItaJQbVcnWruzZrT1yO2dV6Pr7cZAbH3YNm5b","baseKeyType":1,"closed":1695888070675,"used":1695888070578,"created":1695888070578,"remoteIdentityKey":"BYqbaoILohB7HDw0RLZ8jf8bpC0XhKrCnS5sdO5FIhpf"},"_chains":{"BfLH60eVetieXhX9aj7YA6jhyz1aQQOIW6lQPV+3rd8Y":{"chainKey":{"counter":-1,"key":"M4R/5+ZwCTZB39N0AkMVE3ibX4T8ZHnfAJUKQJqyjrE="},"chainType":1,"messageKeys":{}}},"pendingPreKey":{"signedKeyId":9,"baseKey":"BcIBvfHItaJQbVcnWruzZrT1yO2dV6Pr7cZAbH3YNm5b","preKeyId":16772741}},"BV7LGOrr/KKECwieYeQeo+i9Dl/x/S6ZZXsCt2Vieyg/":{"registrationId":934423533,"currentRatchet":{"ephemeralKeyPair":{"pubKey":"BbdyUP2SKefuK//W6aUiClI7cPeO1mKKOnI/rsysVaVI","privKey":"gH1rhrKcJy8kIRVePn94P6q3lBrhW+68MwrDuoH8AXA="},"lastRemoteEphemeralKey":"BWjYeIccF4xVvMBBo9sCpD0HU/X6+Kds44YSPQJ3oTsO","previousCounter":0,"rootKey":"1tQBKQ9s5KTVSqsKrPuWBNdhPkIFL3u6WuvVC3opl1s="},"indexInfo":{"baseKey":"BV7LGOrr/KKECwieYeQeo+i9Dl/x/S6ZZXsCt2Vieyg/","baseKeyType":1,"closed":1695890318687,"used":1695888070673,"created":1695888070673,"remoteIdentityKey":"BYqbaoILohB7HDw0RLZ8jf8bpC0XhKrCnS5sdO5FIhpf"},"_chains":{"BbdyUP2SKefuK//W6aUiClI7cPeO1mKKOnI/rsysVaVI":{"chainKey":{"counter":-1,"key":"vWxV87ZQRrNSLpyNFdK62WSvNKET5LGBMNJmxCHR00Q="},"chainType":1,"messageKeys":{}}},"pendingPreKey":{"signedKeyId":9,"baseKey":"BV7LGOrr/KKECwieYeQeo+i9Dl/x/S6ZZXsCt2Vieyg/","preKeyId":16772624}},"BasnJHmSkcwvHX7l9bvgQT/yzAsK8JNfpwN3Ggxp5/Ja":{"registrationId":934423533,"currentRatchet":{"ephemeralKeyPair":{"pubKey":"BbsUdITNpp71qp54zmRlt0m3ka0VdSwBuU6PkmECV0Ye","privKey":"GN0s0o/PweZoepMEM7zkcuvxNvswFtT6PljzwF+WzmA="},"lastRemoteEphemeralKey":"BVFtPOTptnlahtRz1G1XGRIrDXsE8z7w3Zy9bFPgMZsw","previousCounter":2,"rootKey":"fepfVVdEwAh+hBXQx+vPjDkhpkl4le5IIVz6liPOQeQ="},"indexInfo":{"baseKey":"BasnJHmSkcwvHX7l9bvgQT/yzAsK8JNfpwN3Ggxp5/Ja","baseKeyType":2,"closed":-1,"used":1696688698717,"created":1695890318691,"remoteIdentityKey":"BYqbaoILohB7HDw0RLZ8jf8bpC0XhKrCnS5sdO5FIhpf"},"_chains":{"BQCFn4MsIIKygY7d0PKP1o6Bdeq2XedEsw+XFTnq8K8i":{"chainKey":{"counter":0},"chainType":2,"messageKeys":{}},"Bbaq7aJgV6APIGcanQkOVPGB7azyrN/rLOa8LaTpWPto":{"chainKey":{"counter":2},"chainType":2,"messageKeys":{}},"BRgaQ1WHapbrn0pYepnEY5f0usg3jBD3MrwR+nIa3Zto":{"chainKey":{"counter":0},"chainType":2,"messageKeys":{}},"BW5VWDocsO2pf4x2l4ulYEhJnn+X957OTsk1jdd6LX16":{"chainKey":{"counter":0},"chainType":2,"messageKeys":{}},"Bbv7BJhb17diYNJikkbowfVytz5EpGrtnk/7tBIZzOdt":{"chainKey":{"counter":1},"chainType":2,"messageKeys":{"0":"iXRiwJZz3z1kjezyDpoc+gku4abChLzCngXmT/Y+z7o="}},"BfvhIEe3YD30qbqCsgDtFYBSac0hW1amYLWyDqF5+MYl":{"chainKey":{"counter":0},"chainType":2,"messageKeys":{}},"Bclevx2PCUPA9eWUh94fh5RHKxvdU4x1KZHjgmWzPe1S":{"chainKey":{"counter":0},"chainType":2,"messageKeys":{}},"Bbao8Vowr69ziOhI3/zaENYEnrAQvYIEGpCeYolie+dB":{"chainKey":{"counter":0},"chainType":2,"messageKeys":{}},"BfUUo3kVtRkTPHR03NJS2yjTo53LXXGRhRFOwx6dNOAG":{"chainKey":{"counter":0},"chainType":2,"messageKeys":{}},"BX1CcN+HDh5guKCrdGyuag9wlvGFZrLNjbNC3zxinq1i":{"chainKey":{"counter":0},"chainType":2,"messageKeys":{}},"BS+kemwYl0HrFCemHIKO3fOzEGYbq/pl5XvuxWQniDQi":{"chainKey":{"counter":0},"chainType":2,"messageKeys":{}},"BVFtPOTptnlahtRz1G1XGRIrDXsE8z7w3Zy9bFPgMZsw":{"chainKey":{"counter":0,"key":"V8Q5w5fivkpI2RLo+Wu6oT7aA0UTAJEAfWI6tFV/r74="},"chainType":2,"messageKeys":{}},"BbsUdITNpp71qp54zmRlt0m3ka0VdSwBuU6PkmECV0Ye":{"chainKey":{"counter":1,"key":"Bl+nqP72TVh+T15HcmoLYI0WH3p20wYHyM0yt0y/+ZA="},"chainType":1,"messageKeys":{}}}}},"version":"v1"}