{"_sessions":{"BT50+btX27mp+vRL1LXVYYS/zmEmldiX+ub5NB0S/zYh":{"registrationId":432,"currentRatchet":{"ephemeralKeyPair":{"pubKey":"BVZiO9DWVMEFq8leu87v9Fx7pIHn51Q3nLVx0Mm+ORwP","privKey":"UBCb/SMFrEaExYrKkJ4wuz2hyJyTwerY4TkoRBSu2G0="},"lastRemoteEphemeralKey":"BbNDlkgmK6E+OLFhzZ8rcNt1hY4Zw9/Iti2xG0JpJJhe","previousCounter":0,"rootKey":"9rcO+lLrgLDT2Sx9DSiC8t5d5IkXwAZZDxjc8TUPNSQ="},"indexInfo":{"baseKey":"BT50+btX27mp+vRL1LXVYYS/zmEmldiX+ub5NB0S/zYh","baseKeyType":1,"closed":-1,"used":1696035855500,"created":1696035855500,"remoteIdentityKey":"BfV97tUelWO+cJmmgZ7k0Z3ZZQuBqF2ZIqzA+FkqfeQn"},"_chains":{"BVZiO9DWVMEFq8leu87v9Fx7pIHn51Q3nLVx0Mm+ORwP":{"chainKey":{"counter":19,"key":"SgZcoLdUZmC0wp7f0xG/0Hva5bBneHQ9gCcFRqZ220k="},"chainType":1,"messageKeys":{}}},"pendingPreKey":{"signedKeyId":1,"baseKey":"BT50+btX27mp+vRL1LXVYYS/zmEmldiX+ub5NB0S/zYh","preKeyId":177}}},"version":"v1"}