{"_sessions":{"BWfAWMLqSfheJWPvNKXEBM5VY+zU96BgDRcTL8kVeU8W":{"registrationId":8609,"currentRatchet":{"ephemeralKeyPair":{"pubKey":"BSbyAoOO0uqJQMtj7O0JZ8qYmq/HlMMygnucjE8EltdK","privKey":"qOiXty9KsyA6bca3c8ENeE7bYKPvEKb+gzvpVAzpC04="},"lastRemoteEphemeralKey":"BWx9YtIsj+Lt+HluCxgMJei3XSxdW67Xt4OdcYG46UAO","previousCounter":0,"rootKey":"GoN7VMNKVI/EK67l8x5mexz/v7KBMnUXtJtxhMh7byQ="},"indexInfo":{"baseKey":"BWfAWMLqSfheJWPvNKXEBM5VY+zU96BgDRcTL8kVeU8W","baseKeyType":1,"closed":-1,"used":1695853014482,"created":1695853014482,"remoteIdentityKey":"BUrjpo6/PzdLuzeepaE1uo4QBanob5hQI1wPXjSmiPEk"},"_chains":{"BSbyAoOO0uqJQMtj7O0JZ8qYmq/HlMMygnucjE8EltdK":{"chainKey":{"counter":27,"key":"tPaBpUnGxwGzRZEb2sBVtuMAJEEJOkE+xTYDzCfxr2w="},"chainType":1,"messageKeys":{}}},"pendingPreKey":{"signedKeyId":1,"baseKey":"BWfAWMLqSfheJWPvNKXEBM5VY+zU96BgDRcTL8kVeU8W"}}},"version":"v1"}