{"_sessions":{"BbUHkMVGq1Us8ljVfS1MqJpwVblM3VUCF3DkU2hZ2TAp":{"registrationId":250935511,"currentRatchet":{"ephemeralKeyPair":{"pubKey":"BQhVqTBQWp837Wbum6BaGFZurHH3M6fOthsrxraP3jRU","privKey":"8ELXrR0wclS/Y6hJQhwbDaEr2x0Q7xghouV08CgEGH0="},"lastRemoteEphemeralKey":"BdeNis+l/rPE2pQp/s1h2D1VGZkt85OEj5agUvKER+Mw","previousCounter":0,"rootKey":"dtevMWAJ6GwYcjhI23lds7fuPGXMEmiHlqm8W2WjlEY="},"indexInfo":{"baseKey":"BbUHkMVGq1Us8ljVfS1MqJpwVblM3VUCF3DkU2hZ2TAp","baseKeyType":1,"closed":-1,"used":1695853014893,"created":1695853014893,"remoteIdentityKey":"Bfo1qtCFwLS0rEEFOXmYe0XzsoD1Sai3mUIzSdThxsVs"},"_chains":{"BQhVqTBQWp837Wbum6BaGFZurHH3M6fOthsrxraP3jRU":{"chainKey":{"counter":7,"key":"YyGfwkjfyO8ChScKapTUNpFZqTaSl38/TVbZuTL0qZw="},"chainType":1,"messageKeys":{}}},"pendingPreKey":{"signedKeyId":0,"baseKey":"BbUHkMVGq1Us8ljVfS1MqJpwVblM3VUCF3DkU2hZ2TAp"}}},"version":"v1"}