{"_sessions":{"BfGt0YDkflatIOgXKUwyjbx/x9yt/YTjEK+DqWLSkfo7":{"registrationId":1858248917,"currentRatchet":{"ephemeralKeyPair":{"pubKey":"Bd4J6ZAHcUpQwJ0uIjKevSIOJcZsH+XoFJXZap6Yixkv","privKey":"YC1Qy8istzWLNvQD+s7LX00iGbjf3sOyJxl7/zb7a2g="},"lastRemoteEphemeralKey":"BewMYJhk6w4lUdr9X0aZ01hHFLr+1W8CBOov+rhIPmB+","previousCounter":1,"rootKey":"t314hGUHs39GfEMZUP1M4c5g6uLbx0S8ksXRKwYE6Xk="},"indexInfo":{"baseKey":"BfGt0YDkflatIOgXKUwyjbx/x9yt/YTjEK+DqWLSkfo7","baseKeyType":2,"closed":-1,"used":1696723988006,"created":1695852499614,"remoteIdentityKey":"BYuE1vzeNkOtxqoNJbPStyZUY2/iEh4S0GeqNWuRe4gD"},"_chains":{"BaZRB2ic1X93D3dIevrf0c1B+idFlpu8RVs/pq/f2KUJ":{"chainKey":{"counter":0},"chainType":2,"messageKeys":{}},"BdStJV77fMCF1qU4XWtYmR+DVfHRL1KUY/i6fh5SVokg":{"chainKey":{"counter":4},"chainType":2,"messageKeys":{}},"Bd1+Zg7TcQtYa1IYtbVSGXIAmKG1Hn8HFu2pfEG3hbVd":{"chainKey":{"counter":1},"chainType":2,"messageKeys":{}},"BVdxWa/th7N4iio9tdjT/QurDKcPYZwqSaOTIz4zdgAb":{"chainKey":{"counter":0},"chainType":2,"messageKeys":{}},"BewMYJhk6w4lUdr9X0aZ01hHFLr+1W8CBOov+rhIPmB+":{"chainKey":{"counter":2,"key":"BtN1ngZvcJojU6MTYhSSJ6UkK8Xv6KbnUdtBfIg+iz0="},"chainType":2,"messageKeys":{}},"Bd4J6ZAHcUpQwJ0uIjKevSIOJcZsH+XoFJXZap6Yixkv":{"chainKey":{"counter":-1,"key":"7Jj93uz5Iib/0d6a/7wFlR1RlyDQHMJYqp7eVyx083k="},"chainType":1,"messageKeys":{}}}}},"version":"v1"}