{"_sessions":{"Bb1XrqD7lCLWTHJziTLTPuPBHPcgM9IObWiBiSyXZw86":{"registrationId":1750299379,"currentRatchet":{"ephemeralKeyPair":{"pubKey":"BQh8oiGpBPb0igjMK2FpO86ae8fPbM2DowohFD34+d8T","privKey":"MKRGkyvyKvVfh0ZeoBcaBHw0bppBqZE6jioJLp2qZmY="},"lastRemoteEphemeralKey":"BQ+Ez5bWQq5Dhp18SX5UXP9u5Ci1OFrSlMU2baV9zBlM","previousCounter":4,"rootKey":"mS/7dAyfe8Kzv8QdkZd9v37hMp1dovU4P1oSvvVxgms="},"indexInfo":{"baseKey":"Bb1XrqD7lCLWTHJziTLTPuPBHPcgM9IObWiBiSyXZw86","baseKeyType":2,"closed":-1,"used":1696713322259,"created":1695852755271,"remoteIdentityKey":"BbWllVcyRFxqivk6KfK+1+BSCdDk+9Iu27684tvptW0S"},"_chains":{"BSluL67lhcNIBBdljUZxjisRPM+hT3Ww8368LDvHc6o7":{"chainKey":{"counter":0},"chainType":2,"messageKeys":{}},"BYz20QUq8LlLyv9k4r7fUf08tUcBHTDgoxVZUaRh/dB9":{"chainKey":{"counter":0},"chainType":2,"messageKeys":{}},"BQWKbo69MEePZQkjpaKdaML3/rRWoT1OlfwEWisYKwEv":{"chainKey":{"counter":1},"chainType":2,"messageKeys":{"0":"/n5pxzpji+j4zKEYtDoa+nbBCFbfOJ8jaMIXQ5JttyM="}},"BVt6XoQDHpx7TmOOniUvrW+Q66jqfZOeiCtjTOZEo5N+":{"chainKey":{"counter":0},"chainType":2,"messageKeys":{}},"BdJP08crNTIE4JHEl6lE0i6c7YtYMAzRDepQsy63rmoA":{"chainKey":{"counter":0},"chainType":2,"messageKeys":{}},"BQoQpe2TaoVy/BuWlz+6hh89sEhXiGKC5hF8WXHVXupw":{"chainKey":{"counter":0},"chainType":2,"messageKeys":{}},"Bfga95Ewm3WSlB8caDmriL3lPhspxdtxZHHex/upXK5N":{"chainKey":{"counter":0},"chainType":2,"messageKeys":{}},"BQKHovqkaOGoMpdBPmb+NuCCsCGiQT0c2XJGAFID+sQG":{"chainKey":{"counter":0},"chainType":2,"messageKeys":{}},"Bd1Zo1Si03vHTXiIqIknRpD+399PK6ZtzU/UKDKMkUNs":{"chainKey":{"counter":0},"chainType":2,"messageKeys":{}},"BQ+Ez5bWQq5Dhp18SX5UXP9u5Ci1OFrSlMU2baV9zBlM":{"chainKey":{"counter":0,"key":"xvWyw1Ixn3NtpjeNhtnZnNOWZkSF4oOJBfsnsCKMdac="},"chainType":2,"messageKeys":{}},"BQh8oiGpBPb0igjMK2FpO86ae8fPbM2DowohFD34+d8T":{"chainKey":{"counter":0,"key":"91lIWkJcP8++R16HWe1L7vYXjkxSuo7vK2tHnSHN1y8="},"chainType":1,"messageKeys":{}}}}},"version":"v1"}