{"_sessions":{"BcB258u6fwB1wzHD9uqKdjTrySELx+rzEPzhpyiz+201":{"registrationId":71,"currentRatchet":{"ephemeralKeyPair":{"pubKey":"Bab0Inas6wMrasWDmI1JvhXwsTQ6YbVWHYqUNGle70gi","privKey":"kHwUAvX3MrliW34PG6GUsyKRlVwZxC2wciv1p7ODnWk="},"lastRemoteEphemeralKey":"BVlM3JAKKOndVB1tYvkDj25SZO+d/x5GuQ0h2s24mB9y","previousCounter":0,"rootKey":"YQGP8/tcNv4lVyDSfdG/EcwuE3NYE1DifmGwaw6EHZM="},"indexInfo":{"baseKey":"BcB258u6fwB1wzHD9uqKdjTrySELx+rzEPzhpyiz+201","baseKeyType":1,"closed":-1,"used":1695853014324,"created":1695853014324,"remoteIdentityKey":"BQbK7OZHQZxMKcjz2/CtSLNFnoetbubQJsfeoUxDT5kZ"},"_chains":{"Bab0Inas6wMrasWDmI1JvhXwsTQ6YbVWHYqUNGle70gi":{"chainKey":{"counter":2,"key":"qZVztoCH04g078lbxAzXN5/x6zv+VbgsCc7PULh3BNw="},"chainType":1,"messageKeys":{}}},"pendingPreKey":{"signedKeyId":1,"baseKey":"BcB258u6fwB1wzHD9uqKdjTrySELx+rzEPzhpyiz+201"}}},"version":"v1"}