{"_sessions":{"BRMrse56BrCmWhQM0y+0A5sH1XUjOJzzR0TxdNyRXEAI":{"registrationId":1148687268,"currentRatchet":{"ephemeralKeyPair":{"pubKey":"BSX0Yjdbjo+hVj1pAviR+zZtqUbe7VI5STJSqsXEXYwo","privKey":"6PrIIy9McsdCszatULGEZkS6qthYc5DhKHDNHCUuzEw="},"lastRemoteEphemeralKey":"BW3V6joZSHXZpM18z3ib0Gs92RE2bufdYvvZRaDVvIIh","previousCounter":0,"rootKey":"y/j2IyxU85Wto09C6QQ4CVeJLxKvPEH1VCkA1OHY91U="},"indexInfo":{"baseKey":"BRMrse56BrCmWhQM0y+0A5sH1XUjOJzzR0TxdNyRXEAI","baseKeyType":1,"closed":1696167095758,"used":1696167093895,"created":1696167093895,"remoteIdentityKey":"Bdc1Z0/xuUm0QkbJI6zPzuJ/Wg9U1mwCdEtgdhfoNpYR"},"_chains":{"BSX0Yjdbjo+hVj1pAviR+zZtqUbe7VI5STJSqsXEXYwo":{"chainKey":{"counter":-1,"key":"N99AI1Dn4L0YHKVTmN/oUR+8bkofy2DYD6iCSr499yw="},"chainType":1,"messageKeys":{}}},"pendingPreKey":{"signedKeyId":1,"baseKey":"BRMrse56BrCmWhQM0y+0A5sH1XUjOJzzR0TxdNyRXEAI","preKeyId":335354}},"Bb4vjyAbDXBmTALmHJVpP1ftNFdVWaFxcVNZUM03ZSUV":{"registrationId":1148687268,"currentRatchet":{"ephemeralKeyPair":{"pubKey":"BeNULZ/tGlmSyKUKb1I0a+ose4NPfYtRlqQhjyrwS5Fd","privKey":"gGfyuz66uV8bcYN1wYaNzS7uxYICDgWb9Ps/HMAEaGo="},"lastRemoteEphemeralKey":"BW3V6joZSHXZpM18z3ib0Gs92RE2bufdYvvZRaDVvIIh","previousCounter":0,"rootKey":"y+Bqd6UWYcenCZMiQaryW6g8+Yzok+kSj+ekBCwb5z8="},"indexInfo":{"baseKey":"Bb4vjyAbDXBmTALmHJVpP1ftNFdVWaFxcVNZUM03ZSUV","baseKeyType":1,"closed":1696167097037,"used":1696167095756,"created":1696167095756,"remoteIdentityKey":"Bdc1Z0/xuUm0QkbJI6zPzuJ/Wg9U1mwCdEtgdhfoNpYR"},"_chains":{"BeNULZ/tGlmSyKUKb1I0a+ose4NPfYtRlqQhjyrwS5Fd":{"chainKey":{"counter":-1,"key":"aMVparstM4MHj04W2pi8slipAc067EbkWikajMI2Mdw="},"chainType":1,"messageKeys":{}}},"pendingPreKey":{"signedKeyId":1,"baseKey":"Bb4vjyAbDXBmTALmHJVpP1ftNFdVWaFxcVNZUM03ZSUV","preKeyId":335307}},"Ba6ZuBd4d3Gbmo1NBdUsTJSwp1YpnC19VF47QDpGdQ8M":{"registrationId":1148687268,"currentRatchet":{"ephemeralKeyPair":{"pubKey":"BWd7MG5dMF9gSGanb/Gw+i2ttChO/hzP8DP0fXQB7vpQ","privKey":"ILSvI25wtOjWnk3HSWAyuYJjcys6GI9gY1b796NTolQ="},"lastRemoteEphemeralKey":"BW3V6joZSHXZpM18z3ib0Gs92RE2bufdYvvZRaDVvIIh","previousCounter":0,"rootKey":"JiOCWLreaOvmjlZiOT2v2b11kcD5TWCSaPETHbEz5ks="},"indexInfo":{"baseKey":"Ba6ZuBd4d3Gbmo1NBdUsTJSwp1YpnC19VF47QDpGdQ8M","baseKeyType":1,"closed":1696167097151,"used":1696167097035,"created":1696167097035,"remoteIdentityKey":"Bdc1Z0/xuUm0QkbJI6zPzuJ/Wg9U1mwCdEtgdhfoNpYR"},"_chains":{"BWd7MG5dMF9gSGanb/Gw+i2ttChO/hzP8DP0fXQB7vpQ":{"chainKey":{"counter":-1,"key":"7ffmLaNU3wy/NXp4/BRm83hy7ri+Tp1hPvsucG3Tu8o="},"chainType":1,"messageKeys":{}}},"pendingPreKey":{"signedKeyId":1,"baseKey":"Ba6ZuBd4d3Gbmo1NBdUsTJSwp1YpnC19VF47QDpGdQ8M","preKeyId":335455}},"BVl2uCkwfsqON5QIn7Wo2c3Mj6jichGNEHvNtQMCsfQW":{"registrationId":1148687268,"currentRatchet":{"ephemeralKeyPair":{"pubKey":"BdBNruNmrROGuaJKwLm+Tx2CZcCzFl1XemsPGJ5rA/xH","privKey":"iJ879SF8uf0RLraEcKUSGn9AlTorEk7HgcEMG3ytMWc="},"lastRemoteEphemeralKey":"BW3V6joZSHXZpM18z3ib0Gs92RE2bufdYvvZRaDVvIIh","previousCounter":0,"rootKey":"bBqTNf9JwNfYKjKyhB84gfkJCaxzXKPpgbQhCf+fSgw="},"indexInfo":{"baseKey":"BVl2uCkwfsqON5QIn7Wo2c3Mj6jichGNEHvNtQMCsfQW","baseKeyType":1,"closed":1696167097379,"used":1696167097149,"created":1696167097149,"remoteIdentityKey":"Bdc1Z0/xuUm0QkbJI6zPzuJ/Wg9U1mwCdEtgdhfoNpYR"},"_chains":{"BdBNruNmrROGuaJKwLm+Tx2CZcCzFl1XemsPGJ5rA/xH":{"chainKey":{"counter":-1,"key":"f/lkIKB0mBGXlzYwy4HQQqnknJtD8zIIkdVm2B8gT50="},"chainType":1,"messageKeys":{}}},"pendingPreKey":{"signedKeyId":1,"baseKey":"BVl2uCkwfsqON5QIn7Wo2c3Mj6jichGNEHvNtQMCsfQW","preKeyId":335366}},"BYLM6NiadMc0aIxj5xrZglbMtvsM2QsxhDAThJ6gjHof":{"registrationId":1148687268,"currentRatchet":{"ephemeralKeyPair":{"pubKey":"BcLkKnwWxIk48P5FW2XuvzHfa8fsaRIjfx0y3ZxQ7YYX","privKey":"WN/XMBdhGV6xEoBZSJ/nqJ4izSPGGgGlOLPYGEXgIm0="},"lastRemoteEphemeralKey":"BW3V6joZSHXZpM18z3ib0Gs92RE2bufdYvvZRaDVvIIh","previousCounter":0,"rootKey":"o7pP+UYcrBBpL6uDuxDdcsElhNIjBnpYYqLdAsMzIKw="},"indexInfo":{"baseKey":"BYLM6NiadMc0aIxj5xrZglbMtvsM2QsxhDAThJ6gjHof","baseKeyType":1,"closed":1696167098092,"used":1696167097377,"created":1696167097377,"remoteIdentityKey":"Bdc1Z0/xuUm0QkbJI6zPzuJ/Wg9U1mwCdEtgdhfoNpYR"},"_chains":{"BcLkKnwWxIk48P5FW2XuvzHfa8fsaRIjfx0y3ZxQ7YYX":{"chainKey":{"counter":-1,"key":"9jBe0UqzfftMobeDQJVk97h0MF1q5MDOVO4GKi8t6Q0="},"chainType":1,"messageKeys":{}}},"pendingPreKey":{"signedKeyId":1,"baseKey":"BYLM6NiadMc0aIxj5xrZglbMtvsM2QsxhDAThJ6gjHof","preKeyId":335496}},"Ber6+MG6O60MdmhSTrqtwRH2zXEro6cMy+ou5S4Yb9oE":{"registrationId":1148687268,"currentRatchet":{"ephemeralKeyPair":{"pubKey":"BQsXGjdBtYpnLq6qfkH4KSj8hTetk1Av/o9GLAV8EBwB","privKey":"IFlvs+gBvm0jDv1JAmxb4rExzw2Qrqjv0/dzTepaUWA="},"lastRemoteEphemeralKey":"BW3V6joZSHXZpM18z3ib0Gs92RE2bufdYvvZRaDVvIIh","previousCounter":0,"rootKey":"qThY0op+2HZm4ZOF/fS14OJbyzZk478+PQf3l4dwg5s="},"indexInfo":{"baseKey":"Ber6+MG6O60MdmhSTrqtwRH2zXEro6cMy+ou5S4Yb9oE","baseKeyType":1,"closed":1696167098935,"used":1696167098089,"created":1696167098089,"remoteIdentityKey":"Bdc1Z0/xuUm0QkbJI6zPzuJ/Wg9U1mwCdEtgdhfoNpYR"},"_chains":{"BQsXGjdBtYpnLq6qfkH4KSj8hTetk1Av/o9GLAV8EBwB":{"chainKey":{"counter":-1,"key":"8coZj9hdyWne+fGFhnrTB9F5Gp9OScujNr1hFx9Q6gA="},"chainType":1,"messageKeys":{}}},"pendingPreKey":{"signedKeyId":1,"baseKey":"Ber6+MG6O60MdmhSTrqtwRH2zXEro6cMy+ou5S4Yb9oE","preKeyId":335244}},"BTjCwOCGCggMlSJMLho+aACqs55fhMCMxhNJOK5O90YZ":{"registrationId":1148687268,"currentRatchet":{"ephemeralKeyPair":{"pubKey":"BQHceCb8uUumzoziECVtWngpgHyM3BMVZABL2u5Rf1Yp","privKey":"sGRpJNm688aHdRuy/X0wr3JDrLSGV+GHta/2y615GXY="},"lastRemoteEphemeralKey":"BW3V6joZSHXZpM18z3ib0Gs92RE2bufdYvvZRaDVvIIh","previousCounter":0,"rootKey":"ouJJhaXlgo/pazBHubjm7p4ETXugWFS6pjsB+GiOXD4="},"indexInfo":{"baseKey":"BTjCwOCGCggMlSJMLho+aACqs55fhMCMxhNJOK5O90YZ","baseKeyType":1,"closed":1696167099106,"used":1696167098931,"created":1696167098931,"remoteIdentityKey":"Bdc1Z0/xuUm0QkbJI6zPzuJ/Wg9U1mwCdEtgdhfoNpYR"},"_chains":{"BQHceCb8uUumzoziECVtWngpgHyM3BMVZABL2u5Rf1Yp":{"chainKey":{"counter":-1,"key":"N4gbwwt3kVTt7NrX1tZhQSHbyywP7QGncB5Ied74sRI="},"chainType":1,"messageKeys":{}}},"pendingPreKey":{"signedKeyId":1,"baseKey":"BTjCwOCGCggMlSJMLho+aACqs55fhMCMxhNJOK5O90YZ","preKeyId":335273}},"BWYByYYcZdsoCtrKxnauqcUE077ltowofxN4tp2qRYI5":{"registrationId":1148687268,"currentRatchet":{"ephemeralKeyPair":{"pubKey":"BfZ0HJRTxeQ9G+g/GgOBkx7QQ41Ha0Oqtrx0GfgqotQu","privKey":"SImhv/uyTD0X7MDYvaXY/2/Csnou0jjeHsC05dDGUWQ="},"lastRemoteEphemeralKey":"BW3V6joZSHXZpM18z3ib0Gs92RE2bufdYvvZRaDVvIIh","previousCounter":0,"rootKey":"xqU8cB7Ecu8JIQGIkbpMq1oGslzVRD0R0CXX7iIF50c="},"indexInfo":{"baseKey":"BWYByYYcZdsoCtrKxnauqcUE077ltowofxN4tp2qRYI5","baseKeyType":1,"closed":1696167099223,"used":1696167099104,"created":1696167099104,"remoteIdentityKey":"Bdc1Z0/xuUm0QkbJI6zPzuJ/Wg9U1mwCdEtgdhfoNpYR"},"_chains":{"BfZ0HJRTxeQ9G+g/GgOBkx7QQ41Ha0Oqtrx0GfgqotQu":{"chainKey":{"counter":-1,"key":"FWeKSn4Rfj7vPDGFB+uSbMAjoTp0q/q0NYtYxJsnRxU="},"chainType":1,"messageKeys":{}}},"pendingPreKey":{"signedKeyId":1,"baseKey":"BWYByYYcZdsoCtrKxnauqcUE077ltowofxN4tp2qRYI5","preKeyId":335340}},"BWxslsZHGisXWqOmCrs5q0YhCykTjmThXIvZ9TfAai8r":{"registrationId":1148687268,"currentRatchet":{"ephemeralKeyPair":{"pubKey":"BXl3yM7r4ZQ4KeZRoY/FgZ19aF+tThtXKyJO7z8lInhr","privKey":"CHAeuRBGpSvK7lJ4mx4GumOGc88OnxHz2cwNF/AqIns="},"lastRemoteEphemeralKey":"BW3V6joZSHXZpM18z3ib0Gs92RE2bufdYvvZRaDVvIIh","previousCounter":0,"rootKey":"or5qiK7hjLmoCnqkjzMRexfhkR9MHmk1ufGf5RyJX6Q="},"indexInfo":{"baseKey":"BWxslsZHGisXWqOmCrs5q0YhCykTjmThXIvZ9TfAai8r","baseKeyType":1,"closed":1696167099585,"used":1696167099221,"created":1696167099221,"remoteIdentityKey":"Bdc1Z0/xuUm0QkbJI6zPzuJ/Wg9U1mwCdEtgdhfoNpYR"},"_chains":{"BXl3yM7r4ZQ4KeZRoY/FgZ19aF+tThtXKyJO7z8lInhr":{"chainKey":{"counter":-1,"key":"23Of563kSKHkQg1wOK+6qsfZ5VKqhrhnkeY0azH06cg="},"chainType":1,"messageKeys":{}}},"pendingPreKey":{"signedKeyId":1,"baseKey":"BWxslsZHGisXWqOmCrs5q0YhCykTjmThXIvZ9TfAai8r","preKeyId":335546}},"BSR6Ms5Tyh+jwq74TbBEdgiDR6M26o3uQJLEeE8YdvNZ":{"registrationId":1148687268,"currentRatchet":{"ephemeralKeyPair":{"pubKey":"BW2NanUMircnC5jXZxAnBFHB32sp1U6gQG5iVWAdWqJy","privKey":"2O3z4YlNLHwMRQlIw6D+FDyiNa0edc3G6yCn0bxLyV8="},"lastRemoteEphemeralKey":"BW3V6joZSHXZpM18z3ib0Gs92RE2bufdYvvZRaDVvIIh","previousCounter":0,"rootKey":"dX+ASf4b0IKiGEMdgobrM2yeblI8kpGNw4BDElxlrdU="},"indexInfo":{"baseKey":"BSR6Ms5Tyh+jwq74TbBEdgiDR6M26o3uQJLEeE8YdvNZ","baseKeyType":1,"closed":1696167099717,"used":1696167099582,"created":1696167099582,"remoteIdentityKey":"Bdc1Z0/xuUm0QkbJI6zPzuJ/Wg9U1mwCdEtgdhfoNpYR"},"_chains":{"BW2NanUMircnC5jXZxAnBFHB32sp1U6gQG5iVWAdWqJy":{"chainKey":{"counter":-1,"key":"XBarY9PMpMDq003QMMAlfy1hfIgocBQcGYm3jyhNVEk="},"chainType":1,"messageKeys":{}}},"pendingPreKey":{"signedKeyId":1,"baseKey":"BSR6Ms5Tyh+jwq74TbBEdgiDR6M26o3uQJLEeE8YdvNZ","preKeyId":335373}},"BS1cybBA9r++uvrXlz5TRJNIFqzA2CZQZ4C6OITXKZQk":{"registrationId":1148687268,"currentRatchet":{"ephemeralKeyPair":{"pubKey":"BU0LerBoGhKSnG3ZVvBPaH423gr13TE3FHmrdZoyOD0h","privKey":"WFmrpDDLqu0ezTaZ8jlmVA/VuzeoQSamwriY+FdswEg="},"lastRemoteEphemeralKey":"BW3V6joZSHXZpM18z3ib0Gs92RE2bufdYvvZRaDVvIIh","previousCounter":0,"rootKey":"DWiqv4us3vd/mZKwu870QvbIsjF2gagKCgiewSE1Puk="},"indexInfo":{"baseKey":"BS1cybBA9r++uvrXlz5TRJNIFqzA2CZQZ4C6OITXKZQk","baseKeyType":1,"closed":1696167100850,"used":1696167099715,"created":1696167099715,"remoteIdentityKey":"Bdc1Z0/xuUm0QkbJI6zPzuJ/Wg9U1mwCdEtgdhfoNpYR"},"_chains":{"BU0LerBoGhKSnG3ZVvBPaH423gr13TE3FHmrdZoyOD0h":{"chainKey":{"counter":-1,"key":"tWLCDrziTOsjUfJYXelCGjyJJgJfWmuoLf3Obqg5qNM="},"chainType":1,"messageKeys":{}}},"pendingPreKey":{"signedKeyId":1,"baseKey":"BS1cybBA9r++uvrXlz5TRJNIFqzA2CZQZ4C6OITXKZQk","preKeyId":335743}},"BXvB5oLEw39R8LGusecnihburd2NMak5iR06oPM7PdB1":{"registrationId":1148687268,"currentRatchet":{"ephemeralKeyPair":{"pubKey":"BROJjWO8uq6jUyO+Km6ajB9YtlucPXiieS+J46Jbs4cj","privKey":"IG6LAJR5Z+T+xNdbv0v7IS0bFotjSXW5DNGOGUGW6mg="},"lastRemoteEphemeralKey":"BW3V6joZSHXZpM18z3ib0Gs92RE2bufdYvvZRaDVvIIh","previousCounter":0,"rootKey":"8xZM5vou5ly0YHUe6AGqKuObn6o5zU0wiXmZ5ijtWrY="},"indexInfo":{"baseKey":"BXvB5oLEw39R8LGusecnihburd2NMak5iR06oPM7PdB1","baseKeyType":1,"closed":1696167101238,"used":1696167100847,"created":1696167100847,"remoteIdentityKey":"Bdc1Z0/xuUm0QkbJI6zPzuJ/Wg9U1mwCdEtgdhfoNpYR"},"_chains":{"BROJjWO8uq6jUyO+Km6ajB9YtlucPXiieS+J46Jbs4cj":{"chainKey":{"counter":-1,"key":"Ktjc/CB/fjD005YSZq46Dbzt8/pfbf+ZEFxQjTQar+c="},"chainType":1,"messageKeys":{}}},"pendingPreKey":{"signedKeyId":1,"baseKey":"BXvB5oLEw39R8LGusecnihburd2NMak5iR06oPM7PdB1","preKeyId":335580}},"BbJ6frnQjuaWJBG2tkAX1CQO354jIaAzwvEj4RIJC8ot":{"registrationId":1148687268,"currentRatchet":{"ephemeralKeyPair":{"pubKey":"BXsJsq57oiHIxMHdN5CvP0VeqonHBiF9p3FJrAe5Ak8L","privKey":"eCMQpRV3tLjC08F3ZjUJRnFlLNlpimQDt4FMppiOaVw="},"lastRemoteEphemeralKey":"BW3V6joZSHXZpM18z3ib0Gs92RE2bufdYvvZRaDVvIIh","previousCounter":0,"rootKey":"7t5IR9I3xDmtL7vLIeClIC6yWBYD8k00NQRa8aOCerQ="},"indexInfo":{"baseKey":"BbJ6frnQjuaWJBG2tkAX1CQO354jIaAzwvEj4RIJC8ot","baseKeyType":1,"closed":1696167101934,"used":1696167101236,"created":1696167101236,"remoteIdentityKey":"Bdc1Z0/xuUm0QkbJI6zPzuJ/Wg9U1mwCdEtgdhfoNpYR"},"_chains":{"BXsJsq57oiHIxMHdN5CvP0VeqonHBiF9p3FJrAe5Ak8L":{"chainKey":{"counter":-1,"key":"XIV9a3EQ9qHT61n1e93qE1Pi0AHxgIpniaw+adp767Y="},"chainType":1,"messageKeys":{}}},"pendingPreKey":{"signedKeyId":1,"baseKey":"BbJ6frnQjuaWJBG2tkAX1CQO354jIaAzwvEj4RIJC8ot","preKeyId":335527}},"Bc8yEvXd4UIUi3fWRDBv8htG/TJGWu73LXK+brc2WScj":{"registrationId":1148687268,"currentRatchet":{"ephemeralKeyPair":{"pubKey":"BS2yIja0OH3kGfI6F8A3JY+FQcGLlIrNG7XZjcb+/Wtz","privKey":"ICG5bZa46WmE21+9HLmMSzxG0hWlIAKmoVBOReXvQ38="},"lastRemoteEphemeralKey":"BW3V6joZSHXZpM18z3ib0Gs92RE2bufdYvvZRaDVvIIh","previousCounter":0,"rootKey":"lhs6gQ7wCsJQAqWsdyJcqb++z4u720FrMsAitx/8rCg="},"indexInfo":{"baseKey":"Bc8yEvXd4UIUi3fWRDBv8htG/TJGWu73LXK+brc2WScj","baseKeyType":1,"closed":1696167214887,"used":1696167101932,"created":1696167101932,"remoteIdentityKey":"Bdc1Z0/xuUm0QkbJI6zPzuJ/Wg9U1mwCdEtgdhfoNpYR"},"_chains":{"BS2yIja0OH3kGfI6F8A3JY+FQcGLlIrNG7XZjcb+/Wtz":{"chainKey":{"counter":-1,"key":"Qz4FbIhLOKElGNnoXfaFeHdUI6A9d0MqQvo38yaFHYc="},"chainType":1,"messageKeys":{}}},"pendingPreKey":{"signedKeyId":1,"baseKey":"Bc8yEvXd4UIUi3fWRDBv8htG/TJGWu73LXK+brc2WScj","preKeyId":335279}},"BaEkChC6L1NKLnAFfuYW8scHpzW2lQfouvufTzs9yYUb":{"registrationId":1148687268,"currentRatchet":{"ephemeralKeyPair":{"pubKey":"BTFKJH50U+4Dv0fkV0gqCIivdVyIkbvuVAzjfEWQDNRY","privKey":"QIWXQzvkep+1TM+haLneYcrKtB+LFNuzSJC+/GELYEA="},"lastRemoteEphemeralKey":"BW3V6joZSHXZpM18z3ib0Gs92RE2bufdYvvZRaDVvIIh","previousCounter":0,"rootKey":"uHrdkbXfcGH38vjhJBV3xi23TqQe0pm8JUW0VoAERN0="},"indexInfo":{"baseKey":"BaEkChC6L1NKLnAFfuYW8scHpzW2lQfouvufTzs9yYUb","baseKeyType":1,"closed":1696167220438,"used":1696167214884,"created":1696167214884,"remoteIdentityKey":"Bdc1Z0/xuUm0QkbJI6zPzuJ/Wg9U1mwCdEtgdhfoNpYR"},"_chains":{"BTFKJH50U+4Dv0fkV0gqCIivdVyIkbvuVAzjfEWQDNRY":{"chainKey":{"counter":-1,"key":"EOc+l5NCEiu5+i90gOwO/yedMVZneUTnvATLBGQeu5Q="},"chainType":1,"messageKeys":{}}},"pendingPreKey":{"signedKeyId":1,"baseKey":"BaEkChC6L1NKLnAFfuYW8scHpzW2lQfouvufTzs9yYUb","preKeyId":335612}},"BZQ6MS3cIAZpF5Tvfw86Z2QAMRVjlGsKfoebOqYp+eFt":{"registrationId":1148687268,"currentRatchet":{"ephemeralKeyPair":{"pubKey":"BQbyN7b+MeWMztggSTry8OX9STV1883u4lkWPRelQ9Nf","privKey":"gLuLlaUYLp/NKIBZHNe4PZADn4mpMNuFDkebPVEVNX0="},"lastRemoteEphemeralKey":"BW3V6joZSHXZpM18z3ib0Gs92RE2bufdYvvZRaDVvIIh","previousCounter":0,"rootKey":"kOnRDaSQtvE7GiCW2QKUVJNp4hjXSnCXzIXPauE9GXE="},"indexInfo":{"baseKey":"BZQ6MS3cIAZpF5Tvfw86Z2QAMRVjlGsKfoebOqYp+eFt","baseKeyType":1,"closed":1696167238718,"used":1696167220436,"created":1696167220436,"remoteIdentityKey":"Bdc1Z0/xuUm0QkbJI6zPzuJ/Wg9U1mwCdEtgdhfoNpYR"},"_chains":{"BQbyN7b+MeWMztggSTry8OX9STV1883u4lkWPRelQ9Nf":{"chainKey":{"counter":-1,"key":"05kPQszNTRpBTRY5gftaMNO/CAQncl9+70gqY7S+Jas="},"chainType":1,"messageKeys":{}}},"pendingPreKey":{"signedKeyId":1,"baseKey":"BZQ6MS3cIAZpF5Tvfw86Z2QAMRVjlGsKfoebOqYp+eFt","preKeyId":335384}},"BTRiC8Okd5Mx34wr0MDuOVcOLHXm9Pwtnq+dY5hZMlJh":{"registrationId":1148687268,"currentRatchet":{"ephemeralKeyPair":{"pubKey":"Ba+6IGdGYNekG3P/Ti0i8X+T7MaxpHVVZrUwHEsF5QdP","privKey":"EELDqsDsFJvEVgO1yoPAcOC9mSOw4KK9sebJMR135FE="},"lastRemoteEphemeralKey":"BW3V6joZSHXZpM18z3ib0Gs92RE2bufdYvvZRaDVvIIh","previousCounter":0,"rootKey":"kYa8IRLdCNJyCiu15CLbwFXHi2Yyrk7YLhn2ijPXs6s="},"indexInfo":{"baseKey":"BTRiC8Okd5Mx34wr0MDuOVcOLHXm9Pwtnq+dY5hZMlJh","baseKeyType":1,"closed":1696167289736,"used":1696167238716,"created":1696167238716,"remoteIdentityKey":"Bdc1Z0/xuUm0QkbJI6zPzuJ/Wg9U1mwCdEtgdhfoNpYR"},"_chains":{"Ba+6IGdGYNekG3P/Ti0i8X+T7MaxpHVVZrUwHEsF5QdP":{"chainKey":{"counter":-1,"key":"NR3Y58+gVnH9l87Bu/NDO3Z0CYclUwEazD930NMqGfA="},"chainType":1,"messageKeys":{}}},"pendingPreKey":{"signedKeyId":1,"baseKey":"BTRiC8Okd5Mx34wr0MDuOVcOLHXm9Pwtnq+dY5hZMlJh","preKeyId":335553}},"BWFgV9gyIYqXxEYL5uGn10J6Tb1Fy5zg1Crq3q4RZzgb":{"registrationId":1148687268,"currentRatchet":{"ephemeralKeyPair":{"pubKey":"BfszG4dGCOPszj3/REdeRaewH7Uqe1Gd6Ui0Vwl5RwJ3","privKey":"EC/y4NCoXxL/lIm5E5w1Lr5MXarIrbm+jv74Kgy31lU="},"lastRemoteEphemeralKey":"BW3V6joZSHXZpM18z3ib0Gs92RE2bufdYvvZRaDVvIIh","previousCounter":0,"rootKey":"u+CyXNKDxsgikRlZ4DRxSVjIE3tsh/faPTGJSVg6q3k="},"indexInfo":{"baseKey":"BWFgV9gyIYqXxEYL5uGn10J6Tb1Fy5zg1Crq3q4RZzgb","baseKeyType":1,"closed":1696167290009,"used":1696167289734,"created":1696167289734,"remoteIdentityKey":"Bdc1Z0/xuUm0QkbJI6zPzuJ/Wg9U1mwCdEtgdhfoNpYR"},"_chains":{"BfszG4dGCOPszj3/REdeRaewH7Uqe1Gd6Ui0Vwl5RwJ3":{"chainKey":{"counter":-1,"key":"pggYVAOi8P4uO70rDnRB/iFMgAKSZlT2bkFK8J2if5M="},"chainType":1,"messageKeys":{}}},"pendingPreKey":{"signedKeyId":1,"baseKey":"BWFgV9gyIYqXxEYL5uGn10J6Tb1Fy5zg1Crq3q4RZzgb","preKeyId":335283}},"BWkHOiNyuPd+vO0uMNilrZwhBM+zFD7v6UJIByzdP0ox":{"registrationId":1148687268,"currentRatchet":{"ephemeralKeyPair":{"pubKey":"BYWv/Vgf6DRBt+oZUwHcNTqLeaJ0jHA2ETFv+HpWz6oQ","privKey":"GI9MbpxP246fdJveVmY95WAijJPJTYDwWuBL2lDpl0A="},"lastRemoteEphemeralKey":"BW3V6joZSHXZpM18z3ib0Gs92RE2bufdYvvZRaDVvIIh","previousCounter":0,"rootKey":"E29sZKcAJ/p4Xi+LJ1x1iQpCp3MZHcnF4u3HLJZxKvw="},"indexInfo":{"baseKey":"BWkHOiNyuPd+vO0uMNilrZwhBM+zFD7v6UJIByzdP0ox","baseKeyType":1,"closed":1696167292228,"used":1696167290005,"created":1696167290005,"remoteIdentityKey":"Bdc1Z0/xuUm0QkbJI6zPzuJ/Wg9U1mwCdEtgdhfoNpYR"},"_chains":{"BYWv/Vgf6DRBt+oZUwHcNTqLeaJ0jHA2ETFv+HpWz6oQ":{"chainKey":{"counter":-1,"key":"aNKwMwNx9GzBJRgXo/X/2oPLY4s/6w1e8exvXCzsKqw="},"chainType":1,"messageKeys":{}}},"pendingPreKey":{"signedKeyId":1,"baseKey":"BWkHOiNyuPd+vO0uMNilrZwhBM+zFD7v6UJIByzdP0ox","preKeyId":335548}},"BYFlni1OEO2Mu7PzAHBEpJEcG+4M1xfuVi4THNiJAoR6":{"registrationId":1148687268,"currentRatchet":{"ephemeralKeyPair":{"pubKey":"Ba+lbxsoLRfZzsTF0psI1EgSrsu52W5mY31wLyQt/Ocp","privKey":"uKKxtBDveg6p3jQaMbY+PbxwsMOZK+E60z8wMqHtlmc="},"lastRemoteEphemeralKey":"BW3V6joZSHXZpM18z3ib0Gs92RE2bufdYvvZRaDVvIIh","previousCounter":0,"rootKey":"Lsl2vuvYDzVBSipvPxB0T/RgmlGUBqkEu9U9E04GW+4="},"indexInfo":{"baseKey":"BYFlni1OEO2Mu7PzAHBEpJEcG+4M1xfuVi4THNiJAoR6","baseKeyType":1,"closed":1696167293391,"used":1696167292225,"created":1696167292225,"remoteIdentityKey":"Bdc1Z0/xuUm0QkbJI6zPzuJ/Wg9U1mwCdEtgdhfoNpYR"},"_chains":{"Ba+lbxsoLRfZzsTF0psI1EgSrsu52W5mY31wLyQt/Ocp":{"chainKey":{"counter":-1,"key":"a0kBGGdeYih6g6Faq3scL5rsb+gCLKCXG6IyStiQ7uA="},"chainType":1,"messageKeys":{}}},"pendingPreKey":{"signedKeyId":1,"baseKey":"BYFlni1OEO2Mu7PzAHBEpJEcG+4M1xfuVi4THNiJAoR6","preKeyId":335195}},"BaTWnnLPzIcuQDKE5H1Z9K5VQ3vcgZi2kKb4K7iGamx2":{"registrationId":1148687268,"currentRatchet":{"ephemeralKeyPair":{"pubKey":"BehLh+86BfScvNpmsVL/v1Zd88VmzY52iJ2uRkCiRVEf","privKey":"SMV7ss//Uqid2pYsy0M6dQGEJ0h/TmbwfqEi1VNdrnA="},"lastRemoteEphemeralKey":"BW3V6joZSHXZpM18z3ib0Gs92RE2bufdYvvZRaDVvIIh","previousCounter":0,"rootKey":"1CbfXmFNqf0oySVY478PzDTlG2n21OWHRbqeWqXgTlE="},"indexInfo":{"baseKey":"BaTWnnLPzIcuQDKE5H1Z9K5VQ3vcgZi2kKb4K7iGamx2","baseKeyType":1,"closed":1696167300214,"used":1696167293388,"created":1696167293388,"remoteIdentityKey":"Bdc1Z0/xuUm0QkbJI6zPzuJ/Wg9U1mwCdEtgdhfoNpYR"},"_chains":{"BehLh+86BfScvNpmsVL/v1Zd88VmzY52iJ2uRkCiRVEf":{"chainKey":{"counter":-1,"key":"Y8MUXn8u5DM1XT1M4ZL0maoYmmy3pl2GOsOUERCgp2Y="},"chainType":1,"messageKeys":{}}},"pendingPreKey":{"signedKeyId":1,"baseKey":"BaTWnnLPzIcuQDKE5H1Z9K5VQ3vcgZi2kKb4K7iGamx2","preKeyId":335445}},"BZaHgtpApxKrU80sRxkavGC4fn0Gu7kHVCzMfhHhY3BR":{"registrationId":1148687268,"currentRatchet":{"ephemeralKeyPair":{"pubKey":"BQNNh3XQiFdXxD+lxnLMZ1yXwgcq5Ohc3D3CA1m9CrFV","privKey":"OPjUSYyIdOMZrhGiZ5k480ubTjNh8c1za7mSxbwE71E="},"lastRemoteEphemeralKey":"BW3V6joZSHXZpM18z3ib0Gs92RE2bufdYvvZRaDVvIIh","previousCounter":0,"rootKey":"zkF2eSrEuJ3AgEYsYLt9RAH28AwoX0JLz1S0pTkDIM0="},"indexInfo":{"baseKey":"BZaHgtpApxKrU80sRxkavGC4fn0Gu7kHVCzMfhHhY3BR","baseKeyType":1,"closed":1696167303511,"used":1696167300210,"created":1696167300210,"remoteIdentityKey":"Bdc1Z0/xuUm0QkbJI6zPzuJ/Wg9U1mwCdEtgdhfoNpYR"},"_chains":{"BQNNh3XQiFdXxD+lxnLMZ1yXwgcq5Ohc3D3CA1m9CrFV":{"chainKey":{"counter":-1,"key":"cZb/s8jOWIYUgkSiW0eRc3XD2dte6o7Xiht9sJLbV1w="},"chainType":1,"messageKeys":{}}},"pendingPreKey":{"signedKeyId":1,"baseKey":"BZaHgtpApxKrU80sRxkavGC4fn0Gu7kHVCzMfhHhY3BR","preKeyId":335439}},"BV9mQr9coRPPwETojC0tp1GjHT+CZwsgnhrzny/wfWIc":{"registrationId":1148687268,"currentRatchet":{"ephemeralKeyPair":{"pubKey":"BUBbhJhvUI17Sj+zInAZEeY270V2n0tpDKr8pF7iB1Ij","privKey":"mD+pWyw3GIREcrSaaS4qAfNO27I+Egb848ALKc2t1m8="},"lastRemoteEphemeralKey":"BW3V6joZSHXZpM18z3ib0Gs92RE2bufdYvvZRaDVvIIh","previousCounter":0,"rootKey":"iICttYaIhJYRTY0JRSifKx6DtQ9bx9A4Bvb4kemQrBI="},"indexInfo":{"baseKey":"BV9mQr9coRPPwETojC0tp1GjHT+CZwsgnhrzny/wfWIc","baseKeyType":1,"closed":1696167317449,"used":1696167303508,"created":1696167303508,"remoteIdentityKey":"Bdc1Z0/xuUm0QkbJI6zPzuJ/Wg9U1mwCdEtgdhfoNpYR"},"_chains":{"BUBbhJhvUI17Sj+zInAZEeY270V2n0tpDKr8pF7iB1Ij":{"chainKey":{"counter":-1,"key":"Q3cO9uT44OEKfsnCmnFzwtiQdUWJ0Nxb225pV4g6ykk="},"chainType":1,"messageKeys":{}}},"pendingPreKey":{"signedKeyId":1,"baseKey":"BV9mQr9coRPPwETojC0tp1GjHT+CZwsgnhrzny/wfWIc","preKeyId":335267}},"BZFyjw+zCHM6LX+q2JblRCaYCEajTBMmXW+5TNaFN5AM":{"registrationId":1148687268,"currentRatchet":{"ephemeralKeyPair":{"pubKey":"Bf0yzXHoLhYOv6d7zg1SrR4y5GKzxbpwjmV44y1qprlq","privKey":"gOFASOr/S1qiT/WNtBlB29L86CY7ntMaAqsxJ/ImkU8="},"lastRemoteEphemeralKey":"BW3V6joZSHXZpM18z3ib0Gs92RE2bufdYvvZRaDVvIIh","previousCounter":0,"rootKey":"KENHTqT2Zp9sH/FT6F3i/uuRsYPy6yha6Arc3euTp8E="},"indexInfo":{"baseKey":"BZFyjw+zCHM6LX+q2JblRCaYCEajTBMmXW+5TNaFN5AM","baseKeyType":1,"closed":1696167318176,"used":1696167317445,"created":1696167317445,"remoteIdentityKey":"Bdc1Z0/xuUm0QkbJI6zPzuJ/Wg9U1mwCdEtgdhfoNpYR"},"_chains":{"Bf0yzXHoLhYOv6d7zg1SrR4y5GKzxbpwjmV44y1qprlq":{"chainKey":{"counter":-1,"key":"mjqmUTSqAVvCOTCxZNhqWfPy3qCPxEl9RZUa8PhQu78="},"chainType":1,"messageKeys":{}}},"pendingPreKey":{"signedKeyId":1,"baseKey":"BZFyjw+zCHM6LX+q2JblRCaYCEajTBMmXW+5TNaFN5AM","preKeyId":335383}},"BZ/xSg1ErQ9YCruxaklYdkTVWbWScaOrc8fQHsUxXr9o":{"registrationId":1148687268,"currentRatchet":{"ephemeralKeyPair":{"pubKey":"BbaJV39Z8y5MiiC+FaMMYYczgJSZdYqCFfc7g1b/G28Q","privKey":"+Ggs0H8zmdQqu00ZA0NT5I0yqjIbRMyERB3rpmr75Wk="},"lastRemoteEphemeralKey":"BW3V6joZSHXZpM18z3ib0Gs92RE2bufdYvvZRaDVvIIh","previousCounter":0,"rootKey":"d/YKFwLgTpmcGgu7mgOYK97aDCVMuw91500FF2I1/Rc="},"indexInfo":{"baseKey":"BZ/xSg1ErQ9YCruxaklYdkTVWbWScaOrc8fQHsUxXr9o","baseKeyType":1,"closed":1696167339799,"used":1696167318173,"created":1696167318173,"remoteIdentityKey":"Bdc1Z0/xuUm0QkbJI6zPzuJ/Wg9U1mwCdEtgdhfoNpYR"},"_chains":{"BbaJV39Z8y5MiiC+FaMMYYczgJSZdYqCFfc7g1b/G28Q":{"chainKey":{"counter":-1,"key":"1hZ3OGjbq30P/NyuR3xWw8Vxr58we7xZW/HxVnhMw6s="},"chainType":1,"messageKeys":{}}},"pendingPreKey":{"signedKeyId":1,"baseKey":"BZ/xSg1ErQ9YCruxaklYdkTVWbWScaOrc8fQHsUxXr9o","preKeyId":335386}},"BRWQ+frPtOTDA29+UkFZuiBg+UnydlNeYrNilSE66G4Q":{"registrationId":1148687268,"currentRatchet":{"ephemeralKeyPair":{"pubKey":"BZmI7nwCS362kebBKZk9R9JTiKsf8UaSDUAfRmiNLM1n","privKey":"KEAZHpyQDduQ0FSHSf/5vL5P8wFflUB+J6oJPJ7fzUg="},"lastRemoteEphemeralKey":"BW3V6joZSHXZpM18z3ib0Gs92RE2bufdYvvZRaDVvIIh","previousCounter":0,"rootKey":"gCZdfNVXPHRmp0WLfOP9zBRTOxw7l7uU+aL/pi+167s="},"indexInfo":{"baseKey":"BRWQ+frPtOTDA29+UkFZuiBg+UnydlNeYrNilSE66G4Q","baseKeyType":1,"closed":1696167353053,"used":1696167339796,"created":1696167339796,"remoteIdentityKey":"Bdc1Z0/xuUm0QkbJI6zPzuJ/Wg9U1mwCdEtgdhfoNpYR"},"_chains":{"BZmI7nwCS362kebBKZk9R9JTiKsf8UaSDUAfRmiNLM1n":{"chainKey":{"counter":-1,"key":"ppkf6UAaP+N3WCglaCfcOQV6BQpkpi7Tie5maNhg7go="},"chainType":1,"messageKeys":{}}},"pendingPreKey":{"signedKeyId":1,"baseKey":"BRWQ+frPtOTDA29+UkFZuiBg+UnydlNeYrNilSE66G4Q","preKeyId":335223}},"BUomkQonx8a83bSw56jjiyevMtzhRxWJ3guxvj3fM6ow":{"registrationId":1148687268,"currentRatchet":{"ephemeralKeyPair":{"pubKey":"BVM8+b2uUzJSDuZ9KyLHpa3uY4pEKmm+QP9etgN96rcs","privKey":"SNCqvWGbWnGA2XQ7sWKRFNlzcB7KmKmXss93V60Ptn0="},"lastRemoteEphemeralKey":"BW3V6joZSHXZpM18z3ib0Gs92RE2bufdYvvZRaDVvIIh","previousCounter":0,"rootKey":"AfT5rFtljfo3k8TAxwVEBCGrE2Q4Ehpd4ArabMUBzT8="},"indexInfo":{"baseKey":"BUomkQonx8a83bSw56jjiyevMtzhRxWJ3guxvj3fM6ow","baseKeyType":1,"closed":1696167380259,"used":1696167353050,"created":1696167353050,"remoteIdentityKey":"Bdc1Z0/xuUm0QkbJI6zPzuJ/Wg9U1mwCdEtgdhfoNpYR"},"_chains":{"BVM8+b2uUzJSDuZ9KyLHpa3uY4pEKmm+QP9etgN96rcs":{"chainKey":{"counter":-1,"key":"+uh866zdqo1taRWO+QuqmkjETN6AzOZ7tSsbgvx3XdE="},"chainType":1,"messageKeys":{}}},"pendingPreKey":{"signedKeyId":1,"baseKey":"BUomkQonx8a83bSw56jjiyevMtzhRxWJ3guxvj3fM6ow","preKeyId":335364}},"BQYAVkv59LXphDmaGi4uIC2xgSwWRICcnKxlfrY3t7JZ":{"registrationId":1148687268,"currentRatchet":{"ephemeralKeyPair":{"pubKey":"BYhIJJw00b4QR3y4cjduODjykOXV6BzTmtWJ3uB5W4IG","privKey":"OMDGN29TfY9a17CdgeXL2J5wn76Ua9w1dpazLnpG8nk="},"lastRemoteEphemeralKey":"BW3V6joZSHXZpM18z3ib0Gs92RE2bufdYvvZRaDVvIIh","previousCounter":0,"rootKey":"yTrywbMUe2Z8zqldpqenKzqJl9AK8+YPgKk+7dCV2Fw="},"indexInfo":{"baseKey":"BQYAVkv59LXphDmaGi4uIC2xgSwWRICcnKxlfrY3t7JZ","baseKeyType":1,"closed":1696167746502,"used":1696167380255,"created":1696167380255,"remoteIdentityKey":"Bdc1Z0/xuUm0QkbJI6zPzuJ/Wg9U1mwCdEtgdhfoNpYR"},"_chains":{"BYhIJJw00b4QR3y4cjduODjykOXV6BzTmtWJ3uB5W4IG":{"chainKey":{"counter":-1,"key":"4lvhjORLR+CbKgXeArbd1z6Pi58Mwjqu8TFj6u8hoEQ="},"chainType":1,"messageKeys":{}}},"pendingPreKey":{"signedKeyId":1,"baseKey":"BQYAVkv59LXphDmaGi4uIC2xgSwWRICcnKxlfrY3t7JZ","preKeyId":335561}},"BZ6mDsjBTGwegAijr9781Tg8kShLYR71Wof25/HLi3ZK":{"registrationId":1148687268,"currentRatchet":{"ephemeralKeyPair":{"pubKey":"BfOdjb0XYpSvg5sKk/ga3UNzWPMZMFqV0vuysYaG6LoZ","privKey":"6Ob4H98Wa/fHbSWRpIsYvu+lukZ/Ezuce4HfHv62wns="},"lastRemoteEphemeralKey":"BW3V6joZSHXZpM18z3ib0Gs92RE2bufdYvvZRaDVvIIh","previousCounter":0,"rootKey":"MiVJ5oZyvfk+VweQmhf9BF+LxHH7Aq9wJQq6KKRzJOM="},"indexInfo":{"baseKey":"BZ6mDsjBTGwegAijr9781Tg8kShLYR71Wof25/HLi3ZK","baseKeyType":1,"closed":1696167758479,"used":1696167746497,"created":1696167746497,"remoteIdentityKey":"Bdc1Z0/xuUm0QkbJI6zPzuJ/Wg9U1mwCdEtgdhfoNpYR"},"_chains":{"BfOdjb0XYpSvg5sKk/ga3UNzWPMZMFqV0vuysYaG6LoZ":{"chainKey":{"counter":-1,"key":"1aUege3WpbGviDSQQXBGi/isUixX1v6QXxE/YuE5ufM="},"chainType":1,"messageKeys":{}}},"pendingPreKey":{"signedKeyId":1,"baseKey":"BZ6mDsjBTGwegAijr9781Tg8kShLYR71Wof25/HLi3ZK","preKeyId":335559}},"BRV+0R86RSPDcCV9dCrv2xaa9w5tenSVm2az6zuH4TNx":{"registrationId":1148687268,"currentRatchet":{"ephemeralKeyPair":{"pubKey":"BfwlD9UTU4XJLQF/KfK7F00C5Aa2yhyVHSjYcDpHZ/g3","privKey":"KPFJimmLs7IUjYc73dzQ79c2TDNCxX1YU5VncefqOkY="},"lastRemoteEphemeralKey":"BW3V6joZSHXZpM18z3ib0Gs92RE2bufdYvvZRaDVvIIh","previousCounter":0,"rootKey":"4MznBkoSZU5wTS/jkl99C/7HMzwoAFGmmN6lSNJc6xU="},"indexInfo":{"baseKey":"BRV+0R86RSPDcCV9dCrv2xaa9w5tenSVm2az6zuH4TNx","baseKeyType":1,"closed":1696167758912,"used":1696167758477,"created":1696167758477,"remoteIdentityKey":"Bdc1Z0/xuUm0QkbJI6zPzuJ/Wg9U1mwCdEtgdhfoNpYR"},"_chains":{"BfwlD9UTU4XJLQF/KfK7F00C5Aa2yhyVHSjYcDpHZ/g3":{"chainKey":{"counter":-1,"key":"TngnBRXQq0iMdX722oYe4nNxcPTUjAHDVsco5T5249M="},"chainType":1,"messageKeys":{}}},"pendingPreKey":{"signedKeyId":1,"baseKey":"BRV+0R86RSPDcCV9dCrv2xaa9w5tenSVm2az6zuH4TNx","preKeyId":335447}},"BY4eHxtB1DdCwG7peD8mzPiMXiG85/Ly+7hXK+1ddiQC":{"registrationId":1148687268,"currentRatchet":{"ephemeralKeyPair":{"pubKey":"BS5CtA3uepl5cNbKA6jlHUE0oEZRkNAhgwTMB9EoHDEl","privKey":"cJUZZeDx33M63680YhFQ/YUMr/iV43B9cu1J5BYmMGg="},"lastRemoteEphemeralKey":"BW3V6joZSHXZpM18z3ib0Gs92RE2bufdYvvZRaDVvIIh","previousCounter":0,"rootKey":"IkZln2rXTaOxtLb7VsXJjw4EkYoS0FH0gy+AsN/6qqQ="},"indexInfo":{"baseKey":"BY4eHxtB1DdCwG7peD8mzPiMXiG85/Ly+7hXK+1ddiQC","baseKeyType":1,"closed":1696167759362,"used":1696167758909,"created":1696167758909,"remoteIdentityKey":"Bdc1Z0/xuUm0QkbJI6zPzuJ/Wg9U1mwCdEtgdhfoNpYR"},"_chains":{"BS5CtA3uepl5cNbKA6jlHUE0oEZRkNAhgwTMB9EoHDEl":{"chainKey":{"counter":-1,"key":"xWpX/aP9NNWdkFVZlZqv49PHb2Ul4onWomRlXRjEWBg="},"chainType":1,"messageKeys":{}}},"pendingPreKey":{"signedKeyId":1,"baseKey":"BY4eHxtB1DdCwG7peD8mzPiMXiG85/Ly+7hXK+1ddiQC","preKeyId":335444}},"BVyRu8kvsQIPqqeyGFHn5UClCuQSpgyAJIiokKmE0hMU":{"registrationId":1148687268,"currentRatchet":{"ephemeralKeyPair":{"pubKey":"Bb6U7GH50n7u2hyEYkF738xpKuFjRIKh9FZ6gXnPVbZT","privKey":"+DAFbW/0D7voXcPmHxyq+h3zOcoRsilWbZ/F6sBQqGU="},"lastRemoteEphemeralKey":"BW3V6joZSHXZpM18z3ib0Gs92RE2bufdYvvZRaDVvIIh","previousCounter":0,"rootKey":"Jz4zEsxBangCi6lvHgcWVo1OUFiNj5wOGrMts3dz7BE="},"indexInfo":{"baseKey":"BVyRu8kvsQIPqqeyGFHn5UClCuQSpgyAJIiokKmE0hMU","baseKeyType":1,"closed":1696167941929,"used":1696167759359,"created":1696167759359,"remoteIdentityKey":"Bdc1Z0/xuUm0QkbJI6zPzuJ/Wg9U1mwCdEtgdhfoNpYR"},"_chains":{"Bb6U7GH50n7u2hyEYkF738xpKuFjRIKh9FZ6gXnPVbZT":{"chainKey":{"counter":-1,"key":"0fdYJvZ3ERH0+4Z4/19L3BGZiLXFbXPgjMtbqMoyI2w="},"chainType":1,"messageKeys":{}}},"pendingPreKey":{"signedKeyId":1,"baseKey":"BVyRu8kvsQIPqqeyGFHn5UClCuQSpgyAJIiokKmE0hMU","preKeyId":335378}},"BZHOL2p2u5rQrydiQNO4KPyFtbdHXniNRkDFoGTJltY8":{"registrationId":1148687268,"currentRatchet":{"ephemeralKeyPair":{"pubKey":"BZnZksfbaRgpfvIeffkfT89gFOiQxVCkoUJJAW/adLkA","privKey":"IDVC0nmNsi6z6gQBmQLs6r1bjMYKbrx0DG0Bv9Wclns="},"lastRemoteEphemeralKey":"BW3V6joZSHXZpM18z3ib0Gs92RE2bufdYvvZRaDVvIIh","previousCounter":0,"rootKey":"h7Z2h9I6eWKjgek3KsbFzLQIjfOpIdOCZcDy3wHm3hY="},"indexInfo":{"baseKey":"BZHOL2p2u5rQrydiQNO4KPyFtbdHXniNRkDFoGTJltY8","baseKeyType":1,"closed":1696167961147,"used":1696167941926,"created":1696167941926,"remoteIdentityKey":"Bdc1Z0/xuUm0QkbJI6zPzuJ/Wg9U1mwCdEtgdhfoNpYR"},"_chains":{"BZnZksfbaRgpfvIeffkfT89gFOiQxVCkoUJJAW/adLkA":{"chainKey":{"counter":-1,"key":"HdgrHBOp3tw7AebdqWoljIxw1EL6Pd7k1X98EpEg8ag="},"chainType":1,"messageKeys":{}}},"pendingPreKey":{"signedKeyId":1,"baseKey":"BZHOL2p2u5rQrydiQNO4KPyFtbdHXniNRkDFoGTJltY8","preKeyId":335460}},"BbI3QOgOSazLS2HXpRp0x/mzpvkpZzi05Ok30kmFQYJn":{"registrationId":1148687268,"currentRatchet":{"ephemeralKeyPair":{"pubKey":"BTOWUfYsGkEaJLEXgr8gdpHD00ePx2gz4UzJA8BGAOkN","privKey":"aCANSyxuvRhnn84+hf7RYEFdGkWpTl7CiSFMwckOvGk="},"lastRemoteEphemeralKey":"BW3V6joZSHXZpM18z3ib0Gs92RE2bufdYvvZRaDVvIIh","previousCounter":0,"rootKey":"eCCP7b9nEpDyJ8ZDQcA55wQOLS9g691bxXX0cjP+1js="},"indexInfo":{"baseKey":"BbI3QOgOSazLS2HXpRp0x/mzpvkpZzi05Ok30kmFQYJn","baseKeyType":1,"closed":1696169047902,"used":1696167961142,"created":1696167961142,"remoteIdentityKey":"Bdc1Z0/xuUm0QkbJI6zPzuJ/Wg9U1mwCdEtgdhfoNpYR"},"_chains":{"BTOWUfYsGkEaJLEXgr8gdpHD00ePx2gz4UzJA8BGAOkN":{"chainKey":{"counter":-1,"key":"NW0HPdsQih0/ZG2qVKweYRuY58W6DbT93Ypy2ROCjo0="},"chainType":1,"messageKeys":{}}},"pendingPreKey":{"signedKeyId":1,"baseKey":"BbI3QOgOSazLS2HXpRp0x/mzpvkpZzi05Ok30kmFQYJn","preKeyId":335274}},"BR+7EyvivOuYMCAX9FNhbTWVmCq0h5s278f0egIlvlZN":{"registrationId":1148687268,"currentRatchet":{"ephemeralKeyPair":{"pubKey":"BYc5sVoGQlz3EksO7f4Ue/rIUH2RQvf9IRZyZImHjH4g","privKey":"EL/MHG/UnMH5duMma29g3GaLOALdNWRakx9Yh+us7FA="},"lastRemoteEphemeralKey":"BW3V6joZSHXZpM18z3ib0Gs92RE2bufdYvvZRaDVvIIh","previousCounter":0,"rootKey":"DPOc1wrIlH+NjgFj5Bz2DDnaxtfk92/HjL5AmPolvEY="},"indexInfo":{"baseKey":"BR+7EyvivOuYMCAX9FNhbTWVmCq0h5s278f0egIlvlZN","baseKeyType":1,"closed":1696169048498,"used":1696169047897,"created":1696169047897,"remoteIdentityKey":"Bdc1Z0/xuUm0QkbJI6zPzuJ/Wg9U1mwCdEtgdhfoNpYR"},"_chains":{"BYc5sVoGQlz3EksO7f4Ue/rIUH2RQvf9IRZyZImHjH4g":{"chainKey":{"counter":-1,"key":"UpJGW9iv0IWJbwpFChN+6tg+qwB0CXNxoBQchDQnCDY="},"chainType":1,"messageKeys":{}}},"pendingPreKey":{"signedKeyId":1,"baseKey":"BR+7EyvivOuYMCAX9FNhbTWVmCq0h5s278f0egIlvlZN","preKeyId":335453}},"BY6yTSXoq+iPvwyq/Ts7GnZoFNMHERTDy2P/d6sSyFNS":{"registrationId":1148687268,"currentRatchet":{"ephemeralKeyPair":{"pubKey":"BekIF73iM6JJC3Z0YkOEbPsxSZ/4vTwMq6oF18YVBQVr","privKey":"iN8WIOSYYl1d655HQ8Xm13AejJLlplgKm76rs+UGWXA="},"lastRemoteEphemeralKey":"BW3V6joZSHXZpM18z3ib0Gs92RE2bufdYvvZRaDVvIIh","previousCounter":0,"rootKey":"c1SWAB2Ev9aSY5eZER+imRLkPvowqMEmlGhVJliZ+jQ="},"indexInfo":{"baseKey":"BY6yTSXoq+iPvwyq/Ts7GnZoFNMHERTDy2P/d6sSyFNS","baseKeyType":1,"closed":1696169051289,"used":1696169048495,"created":1696169048495,"remoteIdentityKey":"Bdc1Z0/xuUm0QkbJI6zPzuJ/Wg9U1mwCdEtgdhfoNpYR"},"_chains":{"BekIF73iM6JJC3Z0YkOEbPsxSZ/4vTwMq6oF18YVBQVr":{"chainKey":{"counter":-1,"key":"C5i9cPU0gRyG5AVGIBmZ+7JevwepFtRzePvW1lLGnW0="},"chainType":1,"messageKeys":{}}},"pendingPreKey":{"signedKeyId":1,"baseKey":"BY6yTSXoq+iPvwyq/Ts7GnZoFNMHERTDy2P/d6sSyFNS","preKeyId":335563}},"Bc0/1XulRSilPTlF53WuS4uOFvl/JXzLk2USld1v2jBx":{"registrationId":1148687268,"currentRatchet":{"ephemeralKeyPair":{"pubKey":"BSfacdeAkHBUuXGO4oBockBlPGUXly0TJcZEHIzwsE0R","privKey":"+N8QvN51XfdhxZGMiglZ1fHdjzby9TXmDPSQHj1Ul3M="},"lastRemoteEphemeralKey":"BW3V6joZSHXZpM18z3ib0Gs92RE2bufdYvvZRaDVvIIh","previousCounter":0,"rootKey":"R/dkaRfXgQ71MrK5Fgmmw0ziSrcXtWSYkPHr1cgpAvk="},"indexInfo":{"baseKey":"Bc0/1XulRSilPTlF53WuS4uOFvl/JXzLk2USld1v2jBx","baseKeyType":1,"closed":1696169067589,"used":1696169051286,"created":1696169051286,"remoteIdentityKey":"Bdc1Z0/xuUm0QkbJI6zPzuJ/Wg9U1mwCdEtgdhfoNpYR"},"_chains":{"BSfacdeAkHBUuXGO4oBockBlPGUXly0TJcZEHIzwsE0R":{"chainKey":{"counter":-1,"key":"sgKKNfHQYjajwp2o4IMlST6BIwfKndt8Py1EODI4y6Q="},"chainType":1,"messageKeys":{}}},"pendingPreKey":{"signedKeyId":1,"baseKey":"Bc0/1XulRSilPTlF53WuS4uOFvl/JXzLk2USld1v2jBx","preKeyId":335392}},"BTrrS1tFd/gr3CuaBkwYRAC86rTtpjXE1XOK/g9RpIQ8":{"registrationId":1148687268,"currentRatchet":{"ephemeralKeyPair":{"pubKey":"BZpIvHjJ4JurE86cbPv4rQ4JdZsSyNXPLDr79ADuo9w9","privKey":"CAy/9/p2mxe5Ctmt1CqdhB3OU7OQBauEnlhBybvPLUI="},"lastRemoteEphemeralKey":"BW3V6joZSHXZpM18z3ib0Gs92RE2bufdYvvZRaDVvIIh","previousCounter":0,"rootKey":"Yd9h6vUvLQ3/wf0eXBrpqJLW1Z3+GClKHnJvChpzxVw="},"indexInfo":{"baseKey":"BTrrS1tFd/gr3CuaBkwYRAC86rTtpjXE1XOK/g9RpIQ8","baseKeyType":1,"closed":1696169072547,"used":1696169067586,"created":1696169067586,"remoteIdentityKey":"Bdc1Z0/xuUm0QkbJI6zPzuJ/Wg9U1mwCdEtgdhfoNpYR"},"_chains":{"BZpIvHjJ4JurE86cbPv4rQ4JdZsSyNXPLDr79ADuo9w9":{"chainKey":{"counter":-1,"key":"MRMQ6G5wSe+Uv4jZgCTicufxivlEYdf6aROute6mjFE="},"chainType":1,"messageKeys":{}}},"pendingPreKey":{"signedKeyId":1,"baseKey":"BTrrS1tFd/gr3CuaBkwYRAC86rTtpjXE1XOK/g9RpIQ8","preKeyId":335371}},"BXT8I/aLf+SCpS8HB6cOYEH86o8aqxoGL1gVSmOqTfpw":{"registrationId":1148687268,"currentRatchet":{"ephemeralKeyPair":{"pubKey":"BSVy1mJQ3CEbReaCLXpbKCM+NCN8xT8u+MxKNT+UA0kA","privKey":"8GmjxKG72hMTx+Fz2AtU/Rk8KR99OBit1dBaPQfmGkw="},"lastRemoteEphemeralKey":"BW3V6joZSHXZpM18z3ib0Gs92RE2bufdYvvZRaDVvIIh","previousCounter":0,"rootKey":"91VpFpIl+5u1BbhPrcTWz+0KqMtW6ioMiMaOX/BmYaM="},"indexInfo":{"baseKey":"BXT8I/aLf+SCpS8HB6cOYEH86o8aqxoGL1gVSmOqTfpw","baseKeyType":1,"closed":1696169488701,"used":1696169072544,"created":1696169072544,"remoteIdentityKey":"Bdc1Z0/xuUm0QkbJI6zPzuJ/Wg9U1mwCdEtgdhfoNpYR"},"_chains":{"BSVy1mJQ3CEbReaCLXpbKCM+NCN8xT8u+MxKNT+UA0kA":{"chainKey":{"counter":0,"key":"SR2alQIecUDboa7FnzUXCyT5dx8c7B7+uCie4CYXSnY="},"chainType":1,"messageKeys":{}}},"pendingPreKey":{"signedKeyId":1,"baseKey":"BXT8I/aLf+SCpS8HB6cOYEH86o8aqxoGL1gVSmOqTfpw","preKeyId":335367}},"BYz/VijgDYxCpws12qll6mzbQ2nbMWB8eYRrV3NIaDgx":{"registrationId":1148687268,"currentRatchet":{"ephemeralKeyPair":{"pubKey":"BaFwh/FtOrl+LuUIPY0nM6lc498jbHfykpKqL6FxARZd","privKey":"mBQTOlVT2jgx/tTnrNzvbHja1sigOh7y0x5hNQ8V7UA="},"lastRemoteEphemeralKey":"BfHwFeTiG+Zl/RefpfcflOu3cviTHNiRSRgzJD5i4Qwm","previousCounter":0,"rootKey":"tHUCQNJYbvTRzETPXEbIB0t5zh9lVpb4BDJZ1Q4WHgM="},"indexInfo":{"baseKey":"BYz/VijgDYxCpws12qll6mzbQ2nbMWB8eYRrV3NIaDgx","baseKeyType":1,"closed":-1,"used":1696169488699,"created":1696169488699,"remoteIdentityKey":"Bdc1Z0/xuUm0QkbJI6zPzuJ/Wg9U1mwCdEtgdhfoNpYR"},"_chains":{"BaFwh/FtOrl+LuUIPY0nM6lc498jbHfykpKqL6FxARZd":{"chainKey":{"counter":15,"key":"jCk0LMWdDWIKBu2VXffxGbGgeTkpXEbnVYVpzbzt/80="},"chainType":1,"messageKeys":{}}},"pendingPreKey":{"signedKeyId":47,"baseKey":"BYz/VijgDYxCpws12qll6mzbQ2nbMWB8eYRrV3NIaDgx","preKeyId":338343}}},"version":"v1"}