{"_sessions":{"BU3mmHklN2u9A4l62yGg/NBdV+guXu4sPSqK7APmUsB9":{"registrationId":1401308851,"currentRatchet":{"ephemeralKeyPair":{"pubKey":"BWgdWZqM8oS4YBGEkcz047PCRg2D4hWht1YoByFy62FB","privKey":"IEai3/GWFI0EU6vaKc2njoEpB17AP9uP/Lw5qCzeWHs="},"lastRemoteEphemeralKey":"Bcn5ntEP3vee3bhvrHrgtP3TttJgaOcRw89VXtJIQPZ3","previousCounter":0,"rootKey":"TGcnouAeOFI6doyHzYn24OPbLajJO7rEmuGOaXVRX+c="},"indexInfo":{"baseKey":"BU3mmHklN2u9A4l62yGg/NBdV+guXu4sPSqK7APmUsB9","baseKeyType":1,"closed":1695853028081,"used":1695853015034,"created":1695853015034,"remoteIdentityKey":"BYFJJdXJjsq5DK4nWjKcyCVK56PBQFc+PS1mjlTvMgN9"},"_chains":{"BWgdWZqM8oS4YBGEkcz047PCRg2D4hWht1YoByFy62FB":{"chainKey":{"counter":1,"key":"9ZzTB6DwlbbIOR0LQe+L0po1gaXLE32v3XkxS/ldzaA="},"chainType":1,"messageKeys":{}}},"pendingPreKey":{"signedKeyId":14,"baseKey":"BU3mmHklN2u9A4l62yGg/NBdV+guXu4sPSqK7APmUsB9","preKeyId":7492162}},"BRs5zG6xs0qwk9FrYZqPKtFFDooWVbTC0+OD4GqKbNRj":{"registrationId":1401308851,"currentRatchet":{"ephemeralKeyPair":{"pubKey":"BZT52N9DRFDCXfnW4Cv5eUEeNssot4DStLB5h6/iFNAj","privKey":"iJRp6H8L8FPNV6zYtpQtUdhxztt5XTswFBnN2whkYWg="},"lastRemoteEphemeralKey":"BZCIKWRO7nPxe0XgPIc7Yxpw9fhJmgrlCD8nrop7Dkh9","previousCounter":0,"rootKey":"dddrIKDfo6E1UQzrQTBQLX5VtQYT68vMqO1kPNUWb4w="},"indexInfo":{"baseKey":"BRs5zG6xs0qwk9FrYZqPKtFFDooWVbTC0+OD4GqKbNRj","baseKeyType":2,"closed":-1,"used":1695853028084,"created":1695853028084,"remoteIdentityKey":"BYFJJdXJjsq5DK4nWjKcyCVK56PBQFc+PS1mjlTvMgN9"},"_chains":{"BZCIKWRO7nPxe0XgPIc7Yxpw9fhJmgrlCD8nrop7Dkh9":{"chainKey":{"counter":0,"key":"rOoP3IP0RK58e06hJENFVt/WPFY3EO5UN4Aew9z622Q="},"chainType":2,"messageKeys":{}},"BZT52N9DRFDCXfnW4Cv5eUEeNssot4DStLB5h6/iFNAj":{"chainKey":{"counter":-1,"key":"mkeKF5ajhN9oiTiHpGWay+yr5vMnjdtSbEylAd9/FaI="},"chainType":1,"messageKeys":{}}}}},"version":"v1"}