{"_sessions":{"BVgNvmFR1uuN5Xylxs90rDvHfxJ5bdpQmt5ixhP+qU4T":{"registrationId":1340538993,"currentRatchet":{"ephemeralKeyPair":{"pubKey":"BQZvvaqOZXBdeIp1tlJDvapROQyVSh7dk9AkW3/rcnR9","privKey":"UJPTONPZ9CiHqQvTTwo2ZT13zqvlZbQZ+rhh/Se57V4="},"lastRemoteEphemeralKey":"BTwIzP5fhiTSNwlgmNIqePLVDJ2c5/OPzCLRRKjUZZtK","previousCounter":0,"rootKey":"rhXwffUJbS+Ok4lEQ2hqcaV0toiHlC+0xROv+DA30Ls="},"indexInfo":{"baseKey":"BVgNvmFR1uuN5Xylxs90rDvHfxJ5bdpQmt5ixhP+qU4T","baseKeyType":1,"closed":-1,"used":1695853014981,"created":1695853014981,"remoteIdentityKey":"BfmfXDusuyLLUO/K6f1Pg99qmcWYUeDzFpwlJ1T+Hw4n"},"_chains":{"BQZvvaqOZXBdeIp1tlJDvapROQyVSh7dk9AkW3/rcnR9":{"chainKey":{"counter":27,"key":"dIEBRpO85YDKm9ndM/95Le8u73Qlhf0DsGK+RTXHpKc="},"chainType":1,"messageKeys":{}}},"pendingPreKey":{"signedKeyId":9729177,"baseKey":"BVgNvmFR1uuN5Xylxs90rDvHfxJ5bdpQmt5ixhP+qU4T","preKeyId":11746}}},"version":"v1"}