{"_sessions":{"BRtDE8pfdAUU1JB7tIqi5vnrHFd4YDZ/g4E/JDpklHsT":{"registrationId":971629095,"currentRatchet":{"ephemeralKeyPair":{"pubKey":"BS0foMAyXj7rer3ijkZGUTM0MwEeQ4ynzFmX9ctOngMP","privKey":"EBC3mwSU4qCSnGvMQO11zd5ygTGggBw/5MBApnUYtHM="},"lastRemoteEphemeralKey":"Bcpd+XvgqVzp1MB/DmuqTJR9qIyMHq4FJ3zNoSiR8h8i","previousCounter":0,"rootKey":"U/INVZsFnCFL3yxfHDHk0+0GtAo95YTq5+uOOT+I0PI="},"indexInfo":{"baseKey":"BRtDE8pfdAUU1JB7tIqi5vnrHFd4YDZ/g4E/JDpklHsT","baseKeyType":1,"closed":1695853018187,"used":1695853014997,"created":1695853014997,"remoteIdentityKey":"BRTQbKBfJTMFmKhEaidl76IjRVvKJypgJmF1vVqsIjBy"},"_chains":{"BS0foMAyXj7rer3ijkZGUTM0MwEeQ4ynzFmX9ctOngMP":{"chainKey":{"counter":1,"key":"Y6RGDQvBqAJLtb7lXqbk0nenhj00RAxjp4iN5QPjTaU="},"chainType":1,"messageKeys":{}}},"pendingPreKey":{"signedKeyId":1,"baseKey":"BRtDE8pfdAUU1JB7tIqi5vnrHFd4YDZ/g4E/JDpklHsT","preKeyId":5571828}},"BQctjfTawTat0ur3SXe5AyLk9blfeA4gE7RnqFUn5/Ek":{"registrationId":971629095,"currentRatchet":{"ephemeralKeyPair":{"pubKey":"BbudMaBiU5AisYjdUGNcBsmM++KzVsTefO5ZMyXbVZxS","privKey":"gIzaW+OCzpDfBASa7cS86ruju/mWOyzWNOMMZBqh9XQ="},"lastRemoteEphemeralKey":"BbHR55FgrezijrJ1dxx2QvBHxqEU8XvZhIjcihkKuvBW","previousCounter":0,"rootKey":"fYMPr1l9j0CrvsHpzK3U5HKDrwm2s0Mi8YnKVT3rKkk="},"indexInfo":{"baseKey":"BQctjfTawTat0ur3SXe5AyLk9blfeA4gE7RnqFUn5/Ek","baseKeyType":2,"closed":-1,"used":1695853018191,"created":1695853018191,"remoteIdentityKey":"BRTQbKBfJTMFmKhEaidl76IjRVvKJypgJmF1vVqsIjBy"},"_chains":{"BbHR55FgrezijrJ1dxx2QvBHxqEU8XvZhIjcihkKuvBW":{"chainKey":{"counter":0,"key":"rZmheUnCp6yKSKnc/ErrsmujCRQR9sJKR/xtHAxiehw="},"chainType":2,"messageKeys":{}},"BbudMaBiU5AisYjdUGNcBsmM++KzVsTefO5ZMyXbVZxS":{"chainKey":{"counter":0,"key":"l4jHGlxlfqW8gEVWon84B1dQWXZS7eK8d9Q4X4Qq1Ak="},"chainType":1,"messageKeys":{}}}}},"version":"v1"}