{"_sessions":{"BRUCLbxqvlxTVvHMw5+i1t/0QlZ3Rxr1M3tjv3dc1rkr":{"registrationId":16238,"currentRatchet":{"ephemeralKeyPair":{"pubKey":"BXKdevmQizEAclXbhLapYKW3KjXYpj627zJePfq8nUF5","privKey":"mOKAWUycMR+akfBlKwD2xVXRTek2LRgWk3cmDjT3rlY="},"lastRemoteEphemeralKey":"BSpCmmUnFupEH3da73YeGbEl6XTZozjAJ/0hyMhjW9Au","previousCounter":0,"rootKey":"KrXGgGRtC13Wyi3LW7I4tEjFULnDB1R4EX3zWC4KeA0="},"indexInfo":{"baseKey":"BRUCLbxqvlxTVvHMw5+i1t/0QlZ3Rxr1M3tjv3dc1rkr","baseKeyType":1,"closed":-1,"used":1696376086473,"created":1696376086473,"remoteIdentityKey":"BfO4/4aslHvcnoAD9cNI2gmY7mt6OVYqZ22TQp6FS8BO"},"_chains":{"BXKdevmQizEAclXbhLapYKW3KjXYpj627zJePfq8nUF5":{"chainKey":{"counter":6,"key":"4fObuYfl5VGVOrLtU+v13bl8Uiq4bwfOhEeUyZXEum0="},"chainType":1,"messageKeys":{}}},"pendingPreKey":{"signedKeyId":1,"baseKey":"BRUCLbxqvlxTVvHMw5+i1t/0QlZ3Rxr1M3tjv3dc1rkr","preKeyId":18}}},"version":"v1"}