{"_sessions":{"BeKIBOl2kdPcdkcKzvILL2KfI/4rs3zHHQMNQXhiUtcP":{"registrationId":912699061,"currentRatchet":{"ephemeralKeyPair":{"pubKey":"BewSzYFf/+5jgTz28jPwhSyki04EazPukfTyvTA4+nR9","privKey":"mIWt4AZgnnot1oStDwjk6kiP5jh4M1Sr4a6BHF6CVVQ="},"lastRemoteEphemeralKey":"BWzUNXDPU3tBZBIUO1ANEiElX5iGpO2WodROZVSJwIIb","previousCounter":2,"rootKey":"o6/n55VBANz2vxKPuSXnmDsuIC83YMbchP9d49r3PPI="},"indexInfo":{"baseKey":"BeKIBOl2kdPcdkcKzvILL2KfI/4rs3zHHQMNQXhiUtcP","baseKeyType":1,"closed":1695875583510,"used":1695875649039,"created":1695853014879,"remoteIdentityKey":"BRE7Cj2DFI3esw8fIjs52yzM5I/SBUWq6wYSF0YxPJZ1"},"_chains":{"BWzUNXDPU3tBZBIUO1ANEiElX5iGpO2WodROZVSJwIIb":{"chainKey":{"counter":0,"key":"66wwGIaZ/3WSvICOIBIvPQxWcpS5pu9OcRpKyML1TIo="},"chainType":2,"messageKeys":{}},"BewSzYFf/+5jgTz28jPwhSyki04EazPukfTyvTA4+nR9":{"chainKey":{"counter":-1,"key":"4UZ+B6zXQmKn2r0GoDd7BDRAgs2UzVfdx1dKSJ+DD5w="},"chainType":1,"messageKeys":{}}}},"BdA0BOzgetmjQgdcleFi+Zqwnbx0nk0EGQG5nW6YA1VV":{"registrationId":912699061,"currentRatchet":{"ephemeralKeyPair":{"pubKey":"BcPA4XdO24r0B6+zHogMQJ51T5KxidWJFvYAFY+ZxP1f","privKey":"uIQs6lmBFftXlem6/4y/ENEy2L0oCxeunF/gucmWgEw="},"lastRemoteEphemeralKey":"BWzUNXDPU3tBZBIUO1ANEiElX5iGpO2WodROZVSJwIIb","previousCounter":-1,"rootKey":"KsSorAg4y8HwBiNvfoLSeFlYETW0qh5vV+EHvbP6vls="},"indexInfo":{"baseKey":"BdA0BOzgetmjQgdcleFi+Zqwnbx0nk0EGQG5nW6YA1VV","baseKeyType":2,"closed":1695925844173,"used":1695875583513,"created":1695875583513,"remoteIdentityKey":"BRE7Cj2DFI3esw8fIjs52yzM5I/SBUWq6wYSF0YxPJZ1"},"_chains":{"BVAhyLm2JPc5OmXI/d4sNFawY1SQ1giAK3gR8cD0M20m":{"chainKey":{"counter":0},"chainType":2,"messageKeys":{}},"BWzUNXDPU3tBZBIUO1ANEiElX5iGpO2WodROZVSJwIIb":{"chainKey":{"counter":0,"key":"x6G2B9NbNLIe7jnoXNV++BEIlxj21urIeLDjihP2FDo="},"chainType":2,"messageKeys":{}},"BcPA4XdO24r0B6+zHogMQJ51T5KxidWJFvYAFY+ZxP1f":{"chainKey":{"counter":3,"key":"zjhVHMV1uyJd6ZQDF5eqCJbatD/TunfA6kW2av9oXxI="},"chainType":1,"messageKeys":{}}}},"BUZX4KxWhgnCsxyU8Wmzp2xJHawX4Pe0rgr5rVVFl54e":{"registrationId":912699061,"currentRatchet":{"ephemeralKeyPair":{"pubKey":"BcDbIlcJ7iKl0l2ks1ov8hm+/dgQZsERwpk4aajwgCcS","privKey":"uGI/KqC0X0P+CLzITndlaxceR22nkyk89Dh/f1+s/GM="},"lastRemoteEphemeralKey":"BfEpWlKKqqPL03Z8m2aIk8zsS4QbbNkVcyJB5x4m9z10","previousCounter":0,"rootKey":"85wmoDYh+IliQpCSq9CYZQQgPrCGgl+0eYOUTx10Pe4="},"indexInfo":{"baseKey":"BUZX4KxWhgnCsxyU8Wmzp2xJHawX4Pe0rgr5rVVFl54e","baseKeyType":1,"closed":1695925928993,"used":1695925844170,"created":1695925844170,"remoteIdentityKey":"BRE7Cj2DFI3esw8fIjs52yzM5I/SBUWq6wYSF0YxPJZ1"},"_chains":{"BcDbIlcJ7iKl0l2ks1ov8hm+/dgQZsERwpk4aajwgCcS":{"chainKey":{"counter":-1,"key":"24IFwFKFe7gXj7DthCThrfsokZEIOe4YBETosSFKqFY="},"chainType":1,"messageKeys":{}}},"pendingPreKey":{"signedKeyId":6,"baseKey":"BUZX4KxWhgnCsxyU8Wmzp2xJHawX4Pe0rgr5rVVFl54e","preKeyId":14283596}},"Baeh0/jYorSOUhM3yGRAr+zAXvJtZeM39foNZV7/4PZ4":{"registrationId":912699061,"currentRatchet":{"ephemeralKeyPair":{"pubKey":"BRUQOx+Q3Zy0WNx49KJUc9MPd9L/lAAKIjuwB1ZHmht/","privKey":"CLdrYF20EHRXrwMjdFdRUX4W/USpUvbZTkE7Smu/K2c="},"lastRemoteEphemeralKey":"BfEpWlKKqqPL03Z8m2aIk8zsS4QbbNkVcyJB5x4m9z10","previousCounter":0,"rootKey":"Hl0LnZZTBhTtQixAkD5Js2wXn8rJEEuIV+2dX3wfLhI="},"indexInfo":{"baseKey":"Baeh0/jYorSOUhM3yGRAr+zAXvJtZeM39foNZV7/4PZ4","baseKeyType":1,"closed":1695925931644,"used":1695925928991,"created":1695925928991,"remoteIdentityKey":"BRE7Cj2DFI3esw8fIjs52yzM5I/SBUWq6wYSF0YxPJZ1"},"_chains":{"BRUQOx+Q3Zy0WNx49KJUc9MPd9L/lAAKIjuwB1ZHmht/":{"chainKey":{"counter":-1,"key":"1v5amsWEOtGq0/rS8Xc8moac/4HQ3ccB9dVZjcmK9J4="},"chainType":1,"messageKeys":{}}},"pendingPreKey":{"signedKeyId":6,"baseKey":"Baeh0/jYorSOUhM3yGRAr+zAXvJtZeM39foNZV7/4PZ4","preKeyId":14283347}},"BfvLwoo6P2wfpvQmARcFHIZQo7bevAjJvmTit/6n4jxB":{"registrationId":912699061,"currentRatchet":{"ephemeralKeyPair":{"pubKey":"BRXGwjNIb1VF+5Un/fGiq3Ws3UUfMLcdSBgjyM4+P+Yp","privKey":"SO8fmUhkhr8nCciUqtDVRjy4QHi4ImwbcdmWjzTgVGI="},"lastRemoteEphemeralKey":"BfEpWlKKqqPL03Z8m2aIk8zsS4QbbNkVcyJB5x4m9z10","previousCounter":0,"rootKey":"UFFY0jfiMx5QPKY6r0bbuOYrSSNtAPL591rO7nB6Xmc="},"indexInfo":{"baseKey":"BfvLwoo6P2wfpvQmARcFHIZQo7bevAjJvmTit/6n4jxB","baseKeyType":1,"closed":1695925950326,"used":1695925931642,"created":1695925931642,"remoteIdentityKey":"BRE7Cj2DFI3esw8fIjs52yzM5I/SBUWq6wYSF0YxPJZ1"},"_chains":{"BRXGwjNIb1VF+5Un/fGiq3Ws3UUfMLcdSBgjyM4+P+Yp":{"chainKey":{"counter":-1,"key":"Rd4FFGII3VBy7agq6l4V1ZK3/EQsCdg4ic+bnEJM9Lo="},"chainType":1,"messageKeys":{}}},"pendingPreKey":{"signedKeyId":6,"baseKey":"BfvLwoo6P2wfpvQmARcFHIZQo7bevAjJvmTit/6n4jxB","preKeyId":14283483}},"BV0Vv9P0ZRmEfGITHOxm/OZUPGt3VguVfWkhfr6qvYso":{"registrationId":912699061,"currentRatchet":{"ephemeralKeyPair":{"pubKey":"BeliMs57GTS07ohxr4v766W/u2I7RrFfLoH3EKgdCMll","privKey":"kC6lbQZrjLQo4uiFx8QMLxDMrke2uhC9EGoYfyonK2U="},"lastRemoteEphemeralKey":"Bet2/Wuz5E0nhK37p9O4ZxonJX5Qeb8//dU0MBgQeQVC","previousCounter":1,"rootKey":"FfzjLjWhsnB51Y/m7okr133otvyW8RiGbnyYo8uH3Po="},"indexInfo":{"baseKey":"BV0Vv9P0ZRmEfGITHOxm/OZUPGt3VguVfWkhfr6qvYso","baseKeyType":1,"closed":-1,"used":1696690082797,"created":1695925950323,"remoteIdentityKey":"BRE7Cj2DFI3esw8fIjs52yzM5I/SBUWq6wYSF0YxPJZ1"},"_chains":{"BVlIyqykIeeqeDK04YXHYqhBdZ2Os9SpaMt15zadVD9N":{"chainKey":{"counter":1},"chainType":2,"messageKeys":{"0":"bfkglMMbHj4EzsC1DQkFQNQutEckEffNJZy1LLgVEKs="}},"BUejLvUafjSzV67TCtgbTFs4SfE3Gf2LpUWlls2VW1Va":{"chainKey":{"counter":0},"chainType":2,"messageKeys":{}},"BaMuXeVFo9U2jOo+kttZ0LXtNAe9bBcEhKSKqz7nilEO":{"chainKey":{"counter":0},"chainType":2,"messageKeys":{}},"BbDjlGVA0fa/qg43W2qepvpfesceZewK7XVEUtgqgX42":{"chainKey":{"counter":0},"chainType":2,"messageKeys":{}},"BXNegHHPPd9/ViJiN5l8+GB2bBvaxjTkVzzULe9nFNAG":{"chainKey":{"counter":3},"chainType":2,"messageKeys":{}},"BdCK5hUc3qov0CEv0LDNmA6RCfzmd65nhX60/6Z2efdx":{"chainKey":{"counter":0},"chainType":2,"messageKeys":{}},"BSKoKkp3hgA9yuNltOqIx19vOzQJuq3Y+h40NRg5+1du":{"chainKey":{"counter":0},"chainType":2,"messageKeys":{}},"Bd+lelvQo2kEikhssFo3edPD7eFJhLASSoY+tczEzy46":{"chainKey":{"counter":0},"chainType":2,"messageKeys":{}},"BRaoUC14A2JE7D1FrDg8fcUJVkfzKTJT633XUsJk+F4L":{"chainKey":{"counter":0},"chainType":2,"messageKeys":{}},"Bet2/Wuz5E0nhK37p9O4ZxonJX5Qeb8//dU0MBgQeQVC":{"chainKey":{"counter":0,"key":"WClADT0PmOkyR0hzTkuHAE/ngJAFateNDOcMF2cmc+E="},"chainType":2,"messageKeys":{}},"BeliMs57GTS07ohxr4v766W/u2I7RrFfLoH3EKgdCMll":{"chainKey":{"counter":1,"key":"ba8Skx6ZhJKGIgJSogQxY6HfU7hwZaV7yEfiQUtlygQ="},"chainType":1,"messageKeys":{}}}}},"version":"v1"}