{"_sessions":{"Bf7GyHMJUINy4VBz6Vr7+ODyB7eJxFYwKvQ8hjZLQ3lC":{"registrationId":691058812,"currentRatchet":{"ephemeralKeyPair":{"pubKey":"BRYGaE9rhIfRYmBxRBVBNksghD6+kKOhmLlrK4CbPSxu","privKey":"mGBgOMViuXGWHDMkvrFotcMp0HqO/ZM4YRv0CPGKXlc="},"lastRemoteEphemeralKey":"BejKbeCO2g4XlrqeGA4oSQSb/0Q91VsS46c8HRs1bBRv","previousCounter":2,"rootKey":"EG6WTRO2U+kHFmztLeq7rGpmW6PKjj4Y/Jw2booLE40="},"indexInfo":{"baseKey":"Bf7GyHMJUINy4VBz6Vr7+ODyB7eJxFYwKvQ8hjZLQ3lC","baseKeyType":1,"closed":-1,"used":1696688696516,"created":1695853014884,"remoteIdentityKey":"BSCUspshQvJCC+spvthH8FF2IhkrtO3G3XW+1P/PmYhJ"},"_chains":{"BWSnBUsIMYlmlQ6L0VsT4XjVQ+gkmKInKktoCbVMR9Ir":{"chainKey":{"counter":1},"chainType":2,"messageKeys":{}},"BfVCXTBzJa9st6joHxrpPp/A/mQcI1tGo2SX8RzxS1py":{"chainKey":{"counter":0},"chainType":2,"messageKeys":{}},"BViu9bZb8ltbmZVXtsWBHDgO0E3viupkkWg6oQlIy/9J":{"chainKey":{"counter":1},"chainType":2,"messageKeys":{}},"BRKo7RMkSziCrmyMMkU3Yh3/gPPK41f4ugbCWL87GV9e":{"chainKey":{"counter":0},"chainType":2,"messageKeys":{}},"BZ82T6cTgXe5lwvLy24JEzuf6g/KTWSgSFZnIIvM2y0H":{"chainKey":{"counter":2},"chainType":2,"messageKeys":{}},"Bbkqcf6fvJYT0JUko7hMVMOsSJSoxo0iK2reomuVIEkC":{"chainKey":{"counter":0},"chainType":2,"messageKeys":{}},"Bb1yI6bCKhQQit6f7TrsxBEmtxdYMyGW8/TYwCzHC7BS":{"chainKey":{"counter":0},"chainType":2,"messageKeys":{}},"BU8TQQuZ7BOlZrci/8H9oxMD+zjMRlMEpMWvCDwzmfNz":{"chainKey":{"counter":0},"chainType":2,"messageKeys":{}},"BeXan9IdFJA8waUztEitKqH1KoLV3mpGKWgYE7lbSzJ6":{"chainKey":{"counter":0},"chainType":2,"messageKeys":{}},"BejKbeCO2g4XlrqeGA4oSQSb/0Q91VsS46c8HRs1bBRv":{"chainKey":{"counter":0,"key":"qMGPaVezzLyxwF4I/Dyyd4ovapbdVH+QbG0KSjOcMQM="},"chainType":2,"messageKeys":{}},"BRYGaE9rhIfRYmBxRBVBNksghD6+kKOhmLlrK4CbPSxu":{"chainKey":{"counter":1,"key":"7r8vdLQ7MAUMO+piO8Ajn20Ozmb+hv5h33DSjilCpBM="},"chainType":1,"messageKeys":{}}}}},"version":"v1"}