{"_sessions":{"BUxjo8TvyEk7wmIri8EkZ6vnOEawUVMH5Agx26fshThO":{"registrationId":702282706,"currentRatchet":{"ephemeralKeyPair":{"pubKey":"Bbvoa/dDZ9jS0mNFuwoPu/MlC7XRXzTlvCZfXvhI0Qlq","privKey":"kF8iSJa5/BBYJaFSMRhVVambrP81n5YWr6RU7zMtVmA="},"lastRemoteEphemeralKey":"BcCrRObovyZgoZ0/+hrBuypuFfXwpabAGERDaIZlplkh","previousCounter":0,"rootKey":"Jagl+BEfbZR5pL43XeWEzDWdtbOh5wLR9ykfusBfgKM="},"indexInfo":{"baseKey":"BUxjo8TvyEk7wmIri8EkZ6vnOEawUVMH5Agx26fshThO","baseKeyType":2,"closed":-1,"used":1695852532087,"created":1695852532087,"remoteIdentityKey":"BfIE7ka3mA3uNZPFH2slw8trR0ukpU14CMIkHV0ycags"},"_chains":{"BcCrRObovyZgoZ0/+hrBuypuFfXwpabAGERDaIZlplkh":{"chainKey":{"counter":0,"key":"o0rY+9dThtdqsle9g2sm9bzhcVzMMwPf4uaANdLJuFM="},"chainType":2,"messageKeys":{}},"Bbvoa/dDZ9jS0mNFuwoPu/MlC7XRXzTlvCZfXvhI0Qlq":{"chainKey":{"counter":2,"key":"9XHAheVrxaH+csb3r3UR1OfYt3LlZMPcOIx+tkbPWTc="},"chainType":1,"messageKeys":{}}}}},"version":"v1"}