{"_sessions":{"BZz03cRtN7frW1FfLph/uDRly+kS/O9q+Z5djxZBE0NH":{"registrationId":1668831132,"currentRatchet":{"ephemeralKeyPair":{"pubKey":"BVgQ4FCbt2hiGoEVSU9hf17ZZmDXXDFmclBhdFFanIE1","privKey":"WHndkd/WgREBTrPdecYK31q9wkweIf5iAt5WvO7dAHI="},"lastRemoteEphemeralKey":"BeRGFkkos20QQTnwOioRxCQkuqfen0e9ppCbZCzkOfIY","previousCounter":2,"rootKey":"7s7t2ur6aNmNd40ml8RHPuwgXgxzgWb6FXGPJtCXWX0="},"indexInfo":{"baseKey":"BZz03cRtN7frW1FfLph/uDRly+kS/O9q+Z5djxZBE0NH","baseKeyType":2,"closed":-1,"used":1696688697737,"created":1695852558390,"remoteIdentityKey":"BVRNuurNfYj1QMQaIrOlvc6D3W/G5SNzNA2oMvXoXMJJ"},"_chains":{"Beq/VdMyjasuj9mjj0peUpy1mQbM/UzvbTRDSwC/PG5B":{"chainKey":{"counter":0},"chainType":2,"messageKeys":{}},"Becpx8BkwN+fp3D6lJuJHy5mOxdg9Bg9D6LlRpq4E9l9":{"chainKey":{"counter":0},"chainType":2,"messageKeys":{}},"BVPuMWX5j9yrqBxp73nxXUVnuHMXUl7WWXd2EXQ5Ud0G":{"chainKey":{"counter":1},"chainType":2,"messageKeys":{}},"BX5qOuiCSso8Gm9eU5QR7R/iW6mI6hSoYijhL9YJSuAg":{"chainKey":{"counter":0},"chainType":2,"messageKeys":{}},"BYOKp2nImalAHx7As4NL1xW1GsbzCU79z63QWHoSYgAj":{"chainKey":{"counter":0},"chainType":2,"messageKeys":{}},"BWnJsDi44LoAnSAGgNgFyuyznejL2ioIGmfv8NjV7gBl":{"chainKey":{"counter":0},"chainType":2,"messageKeys":{}},"BbDrDVfzCbbaNmNrAg2x39OfG7Xl2outVSZL130xt9RF":{"chainKey":{"counter":0},"chainType":2,"messageKeys":{}},"BbkYpKRmlW+Bd5IaPGIklAqjReL10j6gtax9M0K75Ksw":{"chainKey":{"counter":2},"chainType":2,"messageKeys":{}},"BZfvTOD0SMT7cqmV17M8OK/Z3WApDnSc9C/QPW/3kMJr":{"chainKey":{"counter":0},"chainType":2,"messageKeys":{}},"BXHFtC5ucrvoKPjOu/HFABaH7/O0aIzYiHjFmt02iytl":{"chainKey":{"counter":0},"chainType":2,"messageKeys":{}},"BW7Q6i553ENnqRBivFLB04Xwh4HdE2jXs9xcTTVfWNlj":{"chainKey":{"counter":0},"chainType":2,"messageKeys":{}},"BZp3EmIvwL3DFJH0kRxWa3Sr1gSDkSp1TgoNy+N6yzEg":{"chainKey":{"counter":0},"chainType":2,"messageKeys":{}},"BeRGFkkos20QQTnwOioRxCQkuqfen0e9ppCbZCzkOfIY":{"chainKey":{"counter":0,"key":"kav6CwPIKPTVfJWnyyKc5aIV+SpPqgkkhzvhM/IfHfI="},"chainType":2,"messageKeys":{}},"BVgQ4FCbt2hiGoEVSU9hf17ZZmDXXDFmclBhdFFanIE1":{"chainKey":{"counter":1,"key":"WP0ylYpHKJPLXk29MKFbVjZGPpjUlHtyJF30dgsAU5c="},"chainType":1,"messageKeys":{}}}}},"version":"v1"}