{"_sessions":{"BadyCq95qRXIZMobcWFvDLJxJAn9WAdZ2ZWKHAIAmeIS":{"registrationId":359851689,"currentRatchet":{"ephemeralKeyPair":{"pubKey":"BaSIgKCf0M9IMZRofOC9ambNQ2VoQiJyUzVc9KFAiDck","privKey":"yBSw5mzEbeeAORFpvAAIRZY+wH+F18M0I7gXQJa/WUA="},"lastRemoteEphemeralKey":"BW3qiTCk8hYW9OboYNWXWrFhq/QYe+V0+NEnwhByfKMv","previousCounter":0,"rootKey":"L970sejs9KLNgkDDiotIrScepScOxqgLRGUl9Gy/DFA="},"indexInfo":{"baseKey":"BadyCq95qRXIZMobcWFvDLJxJAn9WAdZ2ZWKHAIAmeIS","baseKeyType":1,"closed":-1,"used":1696221699364,"created":1696221699364,"remoteIdentityKey":"BTxYOHUHrFRs3SZlT7yWAId17yOixO26WbUz2L8ws/At"},"_chains":{"BaSIgKCf0M9IMZRofOC9ambNQ2VoQiJyUzVc9KFAiDck":{"chainKey":{"counter":9,"key":"CqoCksDb1rHFFmQAv+ny9LoZxI2nu/6wF0fVtBgzkI0="},"chainType":1,"messageKeys":{}}},"pendingPreKey":{"signedKeyId":1,"baseKey":"BadyCq95qRXIZMobcWFvDLJxJAn9WAdZ2ZWKHAIAmeIS","preKeyId":9140032}}},"version":"v1"}