{"_sessions":{"BVcIMpk9stMUSMxKm4KPqeSxu/jB7OEbOiVBbFyfaLg/":{"registrationId":647008735,"currentRatchet":{"ephemeralKeyPair":{"pubKey":"BXLuc86aVVF55fWJ84zf+LkrYmwiYUkoGkicrkmpf9sd","privKey":"gPjGEOH+usVeq0ONfqKa0ollvsgcFFXI/+C5LNFQgGA="},"lastRemoteEphemeralKey":"BaosX3xVfa6GzsrvZ7eAl5dRkmDs/WmbAC+ZbBgbeopd","previousCounter":0,"rootKey":"aQLdzuwLTKf6YzokDXjGPYqolz3dPZ98868O0xGpo74="},"indexInfo":{"baseKey":"BVcIMpk9stMUSMxKm4KPqeSxu/jB7OEbOiVBbFyfaLg/","baseKeyType":1,"closed":-1,"used":1696715132806,"created":1696603869210,"remoteIdentityKey":"BfcDexZuB10nBZMKslnI4PP56KBROJQzrYCX7g/D+QMj"},"_chains":{"BZqG/GBdJ00bNrp43u21phxnQ5iWVREb8BtkuHUGrX9J":{"chainKey":{"counter":0},"chainType":2,"messageKeys":{}},"BfTSIHbOQUUFEHT4ZvWRXakEWc1wD1wDp1s5DGkLTSNG":{"chainKey":{"counter":0},"chainType":2,"messageKeys":{}},"BXa6Zl2lijDFlO8yYsX2E6iU0cIxnOTUrzLWaMr56hE8":{"chainKey":{"counter":0},"chainType":2,"messageKeys":{}},"BaosX3xVfa6GzsrvZ7eAl5dRkmDs/WmbAC+ZbBgbeopd":{"chainKey":{"counter":2,"key":"sEUOTmyFRG0r545fVP/Cj+0ass6HfmkvW6M/Lh+ME60="},"chainType":2,"messageKeys":{}},"BXLuc86aVVF55fWJ84zf+LkrYmwiYUkoGkicrkmpf9sd":{"chainKey":{"counter":0,"key":"YwFx0ioG/vCkBygNvUu1uSVfOgVxSVonOVsuJRi694M="},"chainType":1,"messageKeys":{}}}}},"version":"v1"}