{"_sessions":{"BQVfaaKP3HKpUoVb9Z3aFvgaOR/sgx6b7Z3eJZnn0QAB":{"registrationId":153541722,"currentRatchet":{"ephemeralKeyPair":{"pubKey":"BY+/HSCqiNJwBhyMzVuzr6M6YOvT48EGRM6wFDsbBGxE","privKey":"IN0mY6KeCLOpSWsxlfcJoYtcjNqsTJ8HzPzESb1RuWI="},"lastRemoteEphemeralKey":"BR8HhbT8cL9pKaMhFiyFAMtqeHWTqsSMP1VodJnL7c1/","previousCounter":0,"rootKey":"BLRb6FzGVvqtTrWMwPPK6xrGyvQ2Qy7exPg4UDBwabw="},"indexInfo":{"baseKey":"BQVfaaKP3HKpUoVb9Z3aFvgaOR/sgx6b7Z3eJZnn0QAB","baseKeyType":2,"closed":-1,"used":1695937397899,"created":1695937397899,"remoteIdentityKey":"BSIbX7ITmman2/Wa5avaFbhLH1MUcCTbG4b/zg68qr1P"},"_chains":{"BR8HhbT8cL9pKaMhFiyFAMtqeHWTqsSMP1VodJnL7c1/":{"chainKey":{"counter":1,"key":"vhGRO/P4Uqj46wGkuuOBdCkEiJyeuXVCjnILJTV9j4k="},"chainType":2,"messageKeys":{"0":"JVlznuIckWsRP8H6hq8XFYpiJ55698DHECtQCGxs2hY="}},"BY+/HSCqiNJwBhyMzVuzr6M6YOvT48EGRM6wFDsbBGxE":{"chainKey":{"counter":-1,"key":"dcbvbjvnzXg2zt1of3vcRpadOstE2IGtoBHpPCEu3uE="},"chainType":1,"messageKeys":{}}}}},"version":"v1"}