{"_sessions":{"BQ8COKMvk5ypjnGrKWQrzkdkwWXAzci9ypsPqGJ7NuJo":{"registrationId":369249320,"currentRatchet":{"ephemeralKeyPair":{"pubKey":"BTAE6zdYvZve7OuIaBtpCF14Uat1whnejAb3mGLrYmos","privKey":"+FROn6eIMSLCbwBEUWFfB0bDOyBxKBvoeyRBaT9mVmg="},"lastRemoteEphemeralKey":"BXPD9zd8egTLOPSxZF8FVEelunlFwGgU3CXAQ4NPOo55","previousCounter":0,"rootKey":"zlYll9//TVmp0kKumXv1JFeC12FE+ArG216lrXrGWOU="},"indexInfo":{"baseKey":"BQ8COKMvk5ypjnGrKWQrzkdkwWXAzci9ypsPqGJ7NuJo","baseKeyType":1,"closed":-1,"used":1696715552377,"created":1696240181901,"remoteIdentityKey":"BWc5d70ZegeE/ub8xXq1lj2hbF0BLg6aebFSZGtxUYYq"},"_chains":{"BdD3kZjLzGuXHTQWCimjiSC+yFwj8g6ixCrSYgkoD4tX":{"chainKey":{"counter":0},"chainType":2,"messageKeys":{}},"BcWhO/UP3tIz0JPEk21CCA08Z/p2BUo4ghQTrObAjzIJ":{"chainKey":{"counter":0},"chainType":2,"messageKeys":{}},"BQswz6fIX29JEmJrDxt//QITxaqW0u6DEg599ahDXuJI":{"chainKey":{"counter":2},"chainType":2,"messageKeys":{}},"BVFyCNmG0qPcJQa7vhEvCdKHDm0YsyoO0q6wTySX2fg7":{"chainKey":{"counter":0},"chainType":2,"messageKeys":{}},"BTJqOHKNZZZnHNKdrn1UEf7Z45bvmNcj9AEy6gro/yh2":{"chainKey":{"counter":0},"chainType":2,"messageKeys":{}},"BZKlyC6HwyeIvEFyb0JXcaYb+OfPQDcrslaN8dLFtawD":{"chainKey":{"counter":0},"chainType":2,"messageKeys":{}},"BbWORmUtTvnL1hi8AyN+QNHSUqtTHofgLFOPah0bAVZo":{"chainKey":{"counter":0},"chainType":2,"messageKeys":{}},"BQsqUvZjpqvHKvX38ji9jzjJ90ERSOw3EioLsWsrkpwH":{"chainKey":{"counter":0},"chainType":2,"messageKeys":{}},"BXPD9zd8egTLOPSxZF8FVEelunlFwGgU3CXAQ4NPOo55":{"chainKey":{"counter":0,"key":"SFY7USPHlGL3a6t9PKfWrojD+g0a2zT8NFcaorgrD+E="},"chainType":2,"messageKeys":{}},"BTAE6zdYvZve7OuIaBtpCF14Uat1whnejAb3mGLrYmos":{"chainKey":{"counter":0,"key":"xttCXaWVi3AmsgNw2dRlhweATBGnIoqqN7LRxn+AuCU="},"chainType":1,"messageKeys":{}}}}},"version":"v1"}