{"_sessions":{"BSfblYBx4A3wA9HaaRnYATIZWAnx1YiWtarJXQzeaiZD":{"registrationId":1821277904,"currentRatchet":{"ephemeralKeyPair":{"pubKey":"BYPTEE5LmG1OcMSh+Mok7a2qF2xYmtCQCDH+dUkA4dcT","privKey":"2PIC02kwg7Xi9IMBhRMDLvTbhxZJPguR7bcVI33Gwk4="},"lastRemoteEphemeralKey":"BYLxv9quTH4Gb45jHuLeS3V53jkXwtnjCIfllW9xVGtX","previousCounter":0,"rootKey":"65SmVHUW8k8/rS7KG1evSDEndGoCh4esgMmgKfSX5P0="},"indexInfo":{"baseKey":"BSfblYBx4A3wA9HaaRnYATIZWAnx1YiWtarJXQzeaiZD","baseKeyType":1,"closed":-1,"used":1696365269737,"created":1696365262975,"remoteIdentityKey":"BSdphvuxVzLs8B6IlRdIfYDyvSHnYXD5Qv6p6QRtDMNQ"},"_chains":{"BYLxv9quTH4Gb45jHuLeS3V53jkXwtnjCIfllW9xVGtX":{"chainKey":{"counter":0,"key":"Ap0i0JSaNok6LEhlaAba3qem6be8ek3pqmwQ5B79rFg="},"chainType":2,"messageKeys":{}},"BYPTEE5LmG1OcMSh+Mok7a2qF2xYmtCQCDH+dUkA4dcT":{"chainKey":{"counter":-1,"key":"4xLGHQhCugqnXxPGBX8TvZHXQB50ihU+WK9v1N50xwE="},"chainType":1,"messageKeys":{}}}}},"version":"v1"}