{"_sessions":{"BRuQ1U0U0LTt1NGhNpl+c4LsE6B/GiDb6Z34HsZxsCR2":{"registrationId":1842573229,"currentRatchet":{"ephemeralKeyPair":{"pubKey":"BVHLlgTrcZSxPBfEprfCEZItMGMBYNe2tbFsWhlirMYw","privKey":"mH5AAP4qvEVqqX11xSHvlh3G1puGsIz4GGtdvgLhlEs="},"lastRemoteEphemeralKey":"BalnQ5M8FxHy14VR+Kz27w1+AkzrE95h3B1nvDTAhDgl","previousCounter":1,"rootKey":"xZJ5LiEOvw73n5aHstGBzxHsmpvk/5DKmiFYveDAsxg="},"indexInfo":{"baseKey":"BRuQ1U0U0LTt1NGhNpl+c4LsE6B/GiDb6Z34HsZxsCR2","baseKeyType":2,"closed":-1,"used":1696721509595,"created":1695852499389,"remoteIdentityKey":"Bb4dx6ruC65CaIJISSrQ35kZPv1HlC9FAACxtS0gYUZ6"},"_chains":{"BSkUj8/Ck/bUiyDxUoBD67BApLfLnUMhzAXPxZYKYtxb":{"chainKey":{"counter":0},"chainType":2,"messageKeys":{}},"BU4nNHBwcJSR+Ku1nf3VoNsOqMYqIcyOWw9/A61FAlBI":{"chainKey":{"counter":0},"chainType":2,"messageKeys":{}},"BdifnUGGt9umUzh3W9HQEdvSbszVmOwecQuEcApMlkEb":{"chainKey":{"counter":2},"chainType":2,"messageKeys":{}},"BXRdKcRCny+QlIOFGImkbHuE1Cbm2CXzSwh0gYVjTZw8":{"chainKey":{"counter":0},"chainType":2,"messageKeys":{}},"BRiGCjx37J9+KBQSZx0mvRNFtZY1wUtPaAbjc2K/u1UE":{"chainKey":{"counter":0},"chainType":2,"messageKeys":{}},"BaofEiJP1VFmUa/DVGI05GcHCYMRHkWaM2c+RRjHizc6":{"chainKey":{"counter":0},"chainType":2,"messageKeys":{}},"BaT6cjpboaLAounBg3e35qep35iwobjaHxU/Uzym3uJh":{"chainKey":{"counter":1},"chainType":2,"messageKeys":{}},"BWiq4KJutFNJPkOX6lOsVe7vxjC1omUhktDCAqLBU510":{"chainKey":{"counter":0},"chainType":2,"messageKeys":{}},"BXkNBG2LyydrceqSZP/3n035ysEMu2K6wD2P40wpnqQw":{"chainKey":{"counter":2},"chainType":2,"messageKeys":{}},"BbQlCAtIBd9W5MCy0Z5hKjRJn6Q5+qtfAR9Q6yOuvLJh":{"chainKey":{"counter":0},"chainType":2,"messageKeys":{}},"BSrCfQAYI2ChpZB9iN0dYDfpCGq1lSqKV50ZZL/2mNpo":{"chainKey":{"counter":0},"chainType":2,"messageKeys":{}},"BZ6mWwSqEikmpKRQcivPkGpUx5lu1Fpe6GwumL9j6BN8":{"chainKey":{"counter":1},"chainType":2,"messageKeys":{}},"BWt/uYqjmBkSdxjGkMYfrwsapAebq+X/eh8eKPUmDRYb":{"chainKey":{"counter":0},"chainType":2,"messageKeys":{}},"BUtUeJLuYSZl/ZylbZot+l6cQpTgfieIVvWly0/spsoT":{"chainKey":{"counter":0},"chainType":2,"messageKeys":{}},"BawELv6vIJBKeA5G+3vE5nJUWDCD3QweYv8WuyRGeaF3":{"chainKey":{"counter":0},"chainType":2,"messageKeys":{}},"BalnQ5M8FxHy14VR+Kz27w1+AkzrE95h3B1nvDTAhDgl":{"chainKey":{"counter":0,"key":"dKYfPP0Gr1aIX7Tid13ZiKdHTpY3pPLyYNmUQ7qyNQg="},"chainType":2,"messageKeys":{}},"BVHLlgTrcZSxPBfEprfCEZItMGMBYNe2tbFsWhlirMYw":{"chainKey":{"counter":-1,"key":"SxQm5Sn2Erd5sbQtia6sfJBmW4oLREM4UiJnNA5TI1I="},"chainType":1,"messageKeys":{}}}}},"version":"v1"}