{"_sessions":{"Bc+/nbq71HG3j9tBiC8AEqur1EmFmfWt7MDuC7qFEGRV":{"registrationId":804629083,"currentRatchet":{"ephemeralKeyPair":{"pubKey":"BXesRHmW+m+t3Pcm/UfReVMDVitccnFSmO72cY34hxlN","privKey":"YDL+pDUV3F0pQZbR1gJqBOn0kKdH79P+OLYHZw/K3WY="},"lastRemoteEphemeralKey":"BbkE89xhg/bZCIabQKQSp0yHhNrPejPiRJRrn8Eoxvlx","previousCounter":2,"rootKey":"nuV8u4vf2k0WmUlz++DpSd4W8FU+M70up8wpgK5WFAU="},"indexInfo":{"baseKey":"Bc+/nbq71HG3j9tBiC8AEqur1EmFmfWt7MDuC7qFEGRV","baseKeyType":2,"closed":-1,"used":1696688696224,"created":1695852498764,"remoteIdentityKey":"BRmB/+s6OEXnL+HPPHBq/IC6Scx1Bt2D6zWAHJ7ULBtt"},"_chains":{"BQrSBtVU8TtujTgWoFmRTXWqvMAluwvFa58ZTPrvKTAu":{"chainKey":{"counter":0},"chainType":2,"messageKeys":{}},"BV0CTZQmGjnJQhoDSoZcFw3dM9nT4vJk3P0l4MO97nAm":{"chainKey":{"counter":0},"chainType":2,"messageKeys":{}},"BcOc4i1+gC5Y4P994sYNN92+lgvt/dnT4siYo1yTCOIh":{"chainKey":{"counter":1},"chainType":2,"messageKeys":{}},"BdHBX8sL7xh7Ls4vOLt0Esuz9H1QAFxaoASCPdA7A2YS":{"chainKey":{"counter":0},"chainType":2,"messageKeys":{}},"BSdE/IUnFR4EZlBZZr9jr90XpJ5r6qiE1bHuqleG+Lsg":{"chainKey":{"counter":0},"chainType":2,"messageKeys":{}},"BbLXehuMXmTERRjLle3625NRDG5IBCT7LY6Vu2vonANf":{"chainKey":{"counter":0},"chainType":2,"messageKeys":{}},"BRGRuVfmbKNoUalc1GYNwMf4KVgiBKRfsLR9Ka+GCvJt":{"chainKey":{"counter":0},"chainType":2,"messageKeys":{}},"BbiBGSvxS6Ev9nsq+YFW94WoZZCVkbLQG/8VVS0nrQZw":{"chainKey":{"counter":2},"chainType":2,"messageKeys":{}},"BauViyyABVsoufjz4MPdHhGok2gAOmUnQo9xOSyRxL56":{"chainKey":{"counter":0},"chainType":2,"messageKeys":{}},"BfKbL6rRnHMbxZQd9exV2BMUC3zi9DShBvdXlkpd68cg":{"chainKey":{"counter":0},"chainType":2,"messageKeys":{}},"BX1SPhuY8Q+IpJfKMNZeMaw9+8ivBmQtAlFVavLgMNwQ":{"chainKey":{"counter":0},"chainType":2,"messageKeys":{}},"BW0mhiC63Nwd29MY5D9ICX/leuvCDWYHblFj4/+wQncT":{"chainKey":{"counter":0},"chainType":2,"messageKeys":{}},"BbkE89xhg/bZCIabQKQSp0yHhNrPejPiRJRrn8Eoxvlx":{"chainKey":{"counter":0,"key":"xlB3PFNy2DNP/SEKy5z+bnzZqi3R9SajVJvSuU0kAZk="},"chainType":2,"messageKeys":{}},"BXesRHmW+m+t3Pcm/UfReVMDVitccnFSmO72cY34hxlN":{"chainKey":{"counter":1,"key":"2qG5lEkHD5dijv7rweLBEKAozH1oa0mZFldhNWyVJds="},"chainType":1,"messageKeys":{}}}}},"version":"v1"}