{"_sessions":{"BUGvh6qjmbIyQNTPSE6JSiTsBZ0YtQCJejzj+cnseVQ8":{"registrationId":500918860,"currentRatchet":{"ephemeralKeyPair":{"pubKey":"BWh6wefvMQtTKtZnqmAjj4jb+zW867+++S1qgbL89xkR","privKey":"2HvCkiZh1c+ngWl4aL3VLuvCtHujWGQ9eJOCKbxKzkM="},"lastRemoteEphemeralKey":"BYW6q6nRS2ja11LttmyyesVN6IxMRzB0d7F6nOpjsYgW","previousCounter":1,"rootKey":"2E45zEvp9MyxVtMP3EuhiamZYbChVWB2ipazIAb275c="},"indexInfo":{"baseKey":"BUGvh6qjmbIyQNTPSE6JSiTsBZ0YtQCJejzj+cnseVQ8","baseKeyType":1,"closed":-1,"used":1695853030135,"created":1695853014986,"remoteIdentityKey":"Bfrj0FcaByql7GzhoR5F9m3NQvZDLx1p32DcpVzS8EQ2"},"_chains":{"BYW6q6nRS2ja11LttmyyesVN6IxMRzB0d7F6nOpjsYgW":{"chainKey":{"counter":0,"key":"TSMMR3yQ67k/QuZJsBVfsxQENh2ifn20hHO1SDm6okM="},"chainType":2,"messageKeys":{}},"BWh6wefvMQtTKtZnqmAjj4jb+zW867+++S1qgbL89xkR":{"chainKey":{"counter":0,"key":"b3ULB3aN2vLX+V+92W1Q9xR2BeUY2Fn/GOURcAAR3pM="},"chainType":1,"messageKeys":{}}}}},"version":"v1"}