{"_sessions":{"BbjbA6sBr8cbIFcxhl7+aWRlGqkwJeBK3/7LiTXwzGVh":{"registrationId":1081453471,"currentRatchet":{"ephemeralKeyPair":{"pubKey":"BRZFPD32h8qjsL53mXRpnH3KA/roQGzoa6VpNCCFWaVp","privKey":"IA6zEI5soyhiIRFVjyFk3ZrxBXHH9f6PpbnnS5FltEA="},"lastRemoteEphemeralKey":"BSYLazCREL9V9uW4gvO6HU6+dMYwiPit9IW4UqiiNh99","previousCounter":0,"rootKey":"v2Z/Nj60+2jS2DmkkEVGX8XSZhy0QPV4vUpp0XGhfxE="},"indexInfo":{"baseKey":"BbjbA6sBr8cbIFcxhl7+aWRlGqkwJeBK3/7LiTXwzGVh","baseKeyType":1,"closed":-1,"used":1695853014920,"created":1695853014920,"remoteIdentityKey":"BXQWbajZUG61DGAg3YtregL+LCQM8g0D7ZdD6PjCFrpt"},"_chains":{"BRZFPD32h8qjsL53mXRpnH3KA/roQGzoa6VpNCCFWaVp":{"chainKey":{"counter":27,"key":"QQ3/cXQqfW+SdLQN+nCT1TWfqbzLvH4sRlNpAB834Yg="},"chainType":1,"messageKeys":{}}},"pendingPreKey":{"signedKeyId":3,"baseKey":"BbjbA6sBr8cbIFcxhl7+aWRlGqkwJeBK3/7LiTXwzGVh"}}},"version":"v1"}