{"_sessions":{"Bem3x+PGFpcSFxWjH/83SArJAJE+0iv2YwpngVbx3YQg":{"registrationId":1886566259,"currentRatchet":{"ephemeralKeyPair":{"pubKey":"BaxI+YZoUzxu1L9BJqVAPt8ovrl7OqKSioqMcSKzwUBY","privKey":"iFHyFbYSiyfakSW4yEGGhmKMudVrOId/Nk5TW2+pF2Q="},"lastRemoteEphemeralKey":"BYss4f/opTw6/3Z1gjRNcO+aSI9o4F2/FtfNT29mmbQB","previousCounter":2,"rootKey":"/J2h3HvSS95+piWOy4/dZYpgvQpexcTYne3cCRecHO8="},"indexInfo":{"baseKey":"Bem3x+PGFpcSFxWjH/83SArJAJE+0iv2YwpngVbx3YQg","baseKeyType":2,"closed":-1,"used":1696688697599,"created":1695852503893,"remoteIdentityKey":"BcY4no5WKpHSZpxPb5c1K68R15oq6JXDqaVT5ohI/95g"},"_chains":{"BXPW5qo097SCwlh80W5BMeTmsMINHyBuJKv4u1lkNHhx":{"chainKey":{"counter":0},"chainType":2,"messageKeys":{}},"BVItZxpJuS/PqVRxPPZcIAS4TxChnqB/V5Osv0WIPyJY":{"chainKey":{"counter":0},"chainType":2,"messageKeys":{}},"BTXt1OgVpJClNUQGBrfPfCo+P273s7gKha913QUetF9w":{"chainKey":{"counter":0},"chainType":2,"messageKeys":{}},"BYFWIDU9NnMQFYfc+AhLe1d/v2D2sbhfVgmgcV0GgiJq":{"chainKey":{"counter":1},"chainType":2,"messageKeys":{}},"Beze86CCEb5++yIgHt6Dt61ATNy+2GVdi23Y8v6r7egm":{"chainKey":{"counter":0},"chainType":2,"messageKeys":{}},"BfN6fvwg/+AaGg+N0nmMGRtDuKcpNUEEYbs+bSrc+5dt":{"chainKey":{"counter":0},"chainType":2,"messageKeys":{}},"BagJcEbKRHzy6hdyOxeX1HiAXKUH+MqJox1+DriE/TcO":{"chainKey":{"counter":0},"chainType":2,"messageKeys":{}},"BfWvc/lMUidHwGJuJgXKuCLJ/7h9AX0G1gwySLhr1cVP":{"chainKey":{"counter":0},"chainType":2,"messageKeys":{}},"BTIb8ce06nbbR7c0NisYN969mW+9N5pZOeh+5cw3WZhb":{"chainKey":{"counter":2},"chainType":2,"messageKeys":{}},"Bfzl6M0evjBg+mqadIvNgA/3XxZbVVTGZf3/LqPXxJUR":{"chainKey":{"counter":0},"chainType":2,"messageKeys":{}},"BQN6hNll0u6cDZddk/jwiFL0bgHXXL1qsRHON1f0yZlv":{"chainKey":{"counter":0},"chainType":2,"messageKeys":{}},"BTvUquhUmtPT8r8jyJQ+8cwgF78nYO3H9PcLxzpSFCBT":{"chainKey":{"counter":0},"chainType":2,"messageKeys":{}},"Ba+FDWjdxLsLten4Tpe4JUfPNmfSQR5gLy+nRhh8x0ZT":{"chainKey":{"counter":0},"chainType":2,"messageKeys":{}},"BYss4f/opTw6/3Z1gjRNcO+aSI9o4F2/FtfNT29mmbQB":{"chainKey":{"counter":0,"key":"2cK+mImvRMwjHzEBwsSRvlU4g/Eg5GcchV/ph/Fj9A0="},"chainType":2,"messageKeys":{}},"BaxI+YZoUzxu1L9BJqVAPt8ovrl7OqKSioqMcSKzwUBY":{"chainKey":{"counter":1,"key":"eWl24L+Nxpw94iAcUfaCq5b9GC8HHEaN4vcwL3cwh3c="},"chainType":1,"messageKeys":{}}}}},"version":"v1"}