{"_sessions":{"BbNqEuMAu+ftOSsKFT2iymz3fS7G+vJ8sl8oSfeSr3kA":{"registrationId":3217,"currentRatchet":{"ephemeralKeyPair":{"pubKey":"Bd8uCBmc5ShPsDNTa5+IkvOVDhHYGkHIP8Yq82RHowUK","privKey":"sANat2Ouru40UDDzS8s3867DJKe1nNzyCCHVs/ca314="},"lastRemoteEphemeralKey":"BU9ufo/erh9BYKqYOwQXyp2RJM0G+0KZnLXMEe7PjK1R","previousCounter":0,"rootKey":"aeTWsmFj0mcB8w1nWeJ6FYG0AjGix8Jdqp/1FlFHtk8="},"indexInfo":{"baseKey":"BbNqEuMAu+ftOSsKFT2iymz3fS7G+vJ8sl8oSfeSr3kA","baseKeyType":1,"closed":-1,"used":1695853014462,"created":1695853014462,"remoteIdentityKey":"Bf+tdymGdkEFwn24IZjNHaWFZzc/8beH82Xpq9uaAPNQ"},"_chains":{"Bd8uCBmc5ShPsDNTa5+IkvOVDhHYGkHIP8Yq82RHowUK":{"chainKey":{"counter":27,"key":"rGKvjRUN/00YKoMXN32atd/PjrVEeJctuY4/YuHHKHw="},"chainType":1,"messageKeys":{}}},"pendingPreKey":{"signedKeyId":2,"baseKey":"BbNqEuMAu+ftOSsKFT2iymz3fS7G+vJ8sl8oSfeSr3kA","preKeyId":885}}},"version":"v1"}