{"_sessions":{"BfquKrpfoLBqVoD0KPLTxNSN2aD/EC2qMXQGVTMYs2Rb":{"registrationId":974406798,"currentRatchet":{"ephemeralKeyPair":{"pubKey":"Bexof4C5JgLtfEZ0/NIuJ3+DZE38Mjcl32prJr6ZwE9x","privKey":"mIBK29M8CxJ8UBnLadxotkQPhO9thqRsTmoorL2SrEk="},"lastRemoteEphemeralKey":"BXsxV/QhwLpjHbLYzBjIp8VOz8RMU04u7SOU/LiDSlh+","previousCounter":2,"rootKey":"LzmDTXmJozGApwBdM+270+lrwG12gJ0KiemkL+tiOp8="},"indexInfo":{"baseKey":"BfquKrpfoLBqVoD0KPLTxNSN2aD/EC2qMXQGVTMYs2Rb","baseKeyType":1,"closed":-1,"used":1696688709180,"created":1695853014940,"remoteIdentityKey":"BZjcsDTerilJm4LRmQCik/bYqt/e0qDNsnrnTg/CPyB0"},"_chains":{"BfboojSPLEXItObPwMeB/uimbnaBehSXThBLE1B/XaF7":{"chainKey":{"counter":0},"chainType":2,"messageKeys":{}},"BbYRSy4qPzxE2uXY0GsSzn4nKwfY9Z+ZYjcn6ndLTzUd":{"chainKey":{"counter":1},"chainType":2,"messageKeys":{"0":"yOwsoLR2LxecHdoUda32XCk1n0oEPgN3cLligoCG2jc="}},"BTJnGa9LcTwKpEXhVm7YmLm0AHUFI0/OO+yi0gMYBa1D":{"chainKey":{"counter":0},"chainType":2,"messageKeys":{}},"BWQwo4hDako2emTej8qSxbsTdKTD+w0nOaNAE1X8fXpU":{"chainKey":{"counter":0},"chainType":2,"messageKeys":{}},"BWxCgGCKp9FskRNU/E4CLtgNLy+JDLa1SY3QwA9Q71wS":{"chainKey":{"counter":0},"chainType":2,"messageKeys":{}},"BavGb0S0I5PDyum1f3yIUTsEAzr0ZR8LwnqEg/mvpK5f":{"chainKey":{"counter":0},"chainType":2,"messageKeys":{}},"Bc3WHEiJ8HID3/8S6fVSLA0DuY0oe+1iBYFHAAwADNg5":{"chainKey":{"counter":2},"chainType":2,"messageKeys":{}},"BVfIxyiVwzyWauuwOaOgbREFAoqyjX9CS2tAFi0W8uk+":{"chainKey":{"counter":0},"chainType":2,"messageKeys":{}},"BcNyh9kn3J7VobJRuHozPxh+Wf0dvg4yGiyTORiRS5du":{"chainKey":{"counter":0},"chainType":2,"messageKeys":{}},"BZWsIh7g1+SiShdd6rU60OrOgL8L6TfbUr7Ui9h7h99o":{"chainKey":{"counter":0},"chainType":2,"messageKeys":{}},"BbCbiBn9gX85e1NlHJ7WyvfH6BtxUgq/k2URiVGo0UAe":{"chainKey":{"counter":0},"chainType":2,"messageKeys":{}},"BXsxV/QhwLpjHbLYzBjIp8VOz8RMU04u7SOU/LiDSlh+":{"chainKey":{"counter":0,"key":"Lu6NORsY8eZ3AAiaQ4WGZ6bJ7H7w2bKrvg4UBq3sHTY="},"chainType":2,"messageKeys":{}},"Bexof4C5JgLtfEZ0/NIuJ3+DZE38Mjcl32prJr6ZwE9x":{"chainKey":{"counter":1,"key":"mMTBMp2ktUenNwQV8EVTAg9NxIDm7IacAeIuaZnyyuk="},"chainType":1,"messageKeys":{}}}}},"version":"v1"}