{"_sessions":{"BZ0+aupqrcSZlIcOuVwagv+RMHBfGsgOia+Vc1J5KJRH":{"registrationId":765699913,"currentRatchet":{"ephemeralKeyPair":{"pubKey":"BX0vfwoIuiszWchGp4iWt0ok9MZ5sC27MiNOVLyl4fkt","privKey":"COcvCxTpzHVPi/r8fp7lT59qIoOvVhbYR5YqEP0Rwm4="},"lastRemoteEphemeralKey":"BTX4GnuyIpRoMtCNOP5qhLhNCzCRcQ82CwFJoJHhKlhg","previousCounter":0,"rootKey":"hfEywpWr+da7IojS6tXqDvstKBRU+1QN6A5a9I3ql5Q="},"indexInfo":{"baseKey":"BZ0+aupqrcSZlIcOuVwagv+RMHBfGsgOia+Vc1J5KJRH","baseKeyType":2,"closed":-1,"used":1696169500800,"created":1695852504926,"remoteIdentityKey":"Bc6qA3exkWkDM5MDf5bR08G/59cOTNk1JvL0tZ3qtbMm"},"_chains":{"BTJSx1gcJS2YuueeV0QGMRgHk0Nz8uWNie+iIrebHEdL":{"chainKey":{"counter":0},"chainType":2,"messageKeys":{}},"BY1FIl8gw3xfV8KmNNWckWb9455R0oWEYgsfvQQ5nIc+":{"chainKey":{"counter":0},"chainType":2,"messageKeys":{}},"BckQ8GE+qh08cdQV1LIoHRyA2V7fw2vN8Uh4c/E9vw4o":{"chainKey":{"counter":1},"chainType":2,"messageKeys":{}},"BR6/tcPJBPkpyn5D5F4G30CvnA2ur9msdAXgYLI1Qs4b":{"chainKey":{"counter":0},"chainType":2,"messageKeys":{}},"BfeZTbAjpbxPEM+UM/cOW0c3Uva29mTDpN5l99X4nb5Y":{"chainKey":{"counter":0},"chainType":2,"messageKeys":{}},"BTX4GnuyIpRoMtCNOP5qhLhNCzCRcQ82CwFJoJHhKlhg":{"chainKey":{"counter":0,"key":"m+kv8PuVhodEVaVljfWxMqMv6bE1Hk7EwW57vyx2E4E="},"chainType":2,"messageKeys":{}},"BX0vfwoIuiszWchGp4iWt0ok9MZ5sC27MiNOVLyl4fkt":{"chainKey":{"counter":0,"key":"B+34r9TDFMWMsQCAjdpQlpZKOon+9hihTavWPeHA2Zo="},"chainType":1,"messageKeys":{}}}}},"version":"v1"}