{"_sessions":{"BTzg2ntROxm4wFAt16PfFHklBom8HQ9G3fGil86YfUoZ":{"registrationId":816080501,"currentRatchet":{"ephemeralKeyPair":{"pubKey":"BS+IpeI1BnBtmSHIoe/+T/ofzoXspiJThPvHC76hvcRS","privKey":"qDybA4vJPtOXMRJ1i/FAAf5Lke49o6R6cR5OH4Tk1Gc="},"lastRemoteEphemeralKey":"BYa3oYhO4ncw6VvglcthMWN7CUqviwr4FBP7azYw8hIr","previousCounter":0,"rootKey":"v9YejfEMzhowCTkSoWn1wwJvXmCRHQvJbDYk7OsHLbg="},"indexInfo":{"baseKey":"BTzg2ntROxm4wFAt16PfFHklBom8HQ9G3fGil86YfUoZ","baseKeyType":1,"closed":-1,"used":1696204524065,"created":1696204515267,"remoteIdentityKey":"BVs3FcyGHMBWQr98Nca+vVtn8DZ8zmeYj5PuBT84XiZu"},"_chains":{"BYa3oYhO4ncw6VvglcthMWN7CUqviwr4FBP7azYw8hIr":{"chainKey":{"counter":0,"key":"D46RER6rbZzGjvpgCMBE21KPe0I9v+oHxWp2I25jTPY="},"chainType":2,"messageKeys":{}},"BS+IpeI1BnBtmSHIoe/+T/ofzoXspiJThPvHC76hvcRS":{"chainKey":{"counter":-1,"key":"Ylwvi5VWIWHVyZkAFSTnC8xvrSnXdNkopdjOwd/22K4="},"chainType":1,"messageKeys":{}}}}},"version":"v1"}