{"_sessions":{"Bd3GK0dyAlTh258WpC8LsIE7hDmD6pYGPNBHXOUbmlVp":{"registrationId":738690406,"currentRatchet":{"ephemeralKeyPair":{"pubKey":"BTmYw7A4O7P6n3VOEBdmzIrh1pHQICFTZFzBhmIlBIUa","privKey":"iKhFxsy7mGC2BaDRE/sk9JJvxyzGBl4bqs50MbeCRUw="},"lastRemoteEphemeralKey":"BZsmyQ1JtVDm7IkbGJMZtGEUj1MwUlyyOHEv5IjUzR0Y","previousCounter":1,"rootKey":"jBv33OfnptBGlFCKceSLhay71E6dFWfR5G1X9zKtMjI="},"indexInfo":{"baseKey":"Bd3GK0dyAlTh258WpC8LsIE7hDmD6pYGPNBHXOUbmlVp","baseKeyType":2,"closed":-1,"used":1696787732829,"created":1695852498536,"remoteIdentityKey":"BewoarZOlo4gu2OXhjYvug6oCgCuE0KGYrjkf5xsdygo"},"_chains":{"BcbVNoPB/fSNiK1d5hFvDGWh9QV/88Ga8vFvgI0r20cL":{"chainKey":{"counter":0},"chainType":2,"messageKeys":{}},"BTGpkAy/Uj39QKHB9Jx9tPB9330fyPCdCnJNsdJyn2Av":{"chainKey":{"counter":1},"chainType":2,"messageKeys":{}},"BX94C6D4OcHmbMpgBZ2KAHAlQOOzw3nHvGyC6AHfjtR0":{"chainKey":{"counter":3},"chainType":2,"messageKeys":{"2":"JW3CgpAJWkueoLHakvnSyOlXuThn6TCuMnT5d7YOAK8="}},"BVhSwtbnk1FTFGUOjzutfD4ZMmjHkEgDSGmWW4UzAGdJ":{"chainKey":{"counter":0},"chainType":2,"messageKeys":{}},"BewGdNJ0J+0FlsUR0lICTbhXaLhy+VXOBpVEtjwJbfpE":{"chainKey":{"counter":1},"chainType":2,"messageKeys":{}},"Bc3BojfT0zAYMhRYS1S3WBGs4N97Px+bp31zc78n4+cl":{"chainKey":{"counter":1},"chainType":2,"messageKeys":{}},"BXnD3quSLoyc+Eev9Ym18QFjjlpCUcVXw47SS2fa7zxv":{"chainKey":{"counter":2},"chainType":2,"messageKeys":{}},"BWFNJYHAn1PRCp2d/T6yDJeEe88vS57/F1kv8R22q9dc":{"chainKey":{"counter":0},"chainType":2,"messageKeys":{}},"BdMYwD+pSAS4C+hiGLSOKKYMThohpeXORYfr8hHS/YEH":{"chainKey":{"counter":3},"chainType":2,"messageKeys":{}},"BZhfuhSHoTDPNi4TEVD1bOTG6SZBHkqsTig/Y8zBQgtj":{"chainKey":{"counter":0},"chainType":2,"messageKeys":{}},"BQ/dS6e/oz3EYqIrUpUpUMzhnRBxJubC5OMFbpy1tP83":{"chainKey":{"counter":0},"chainType":2,"messageKeys":{}},"Bd4vQVcWGmssXzmjJ+Wz/8+Od1XnhO3oKnXcbPLVYigT":{"chainKey":{"counter":1},"chainType":2,"messageKeys":{}},"Bbl5gWYZiU3q7Rp5Mt83EG6R2fzh7X/iF2+9NKI+XY8T":{"chainKey":{"counter":1},"chainType":2,"messageKeys":{"0":"MPlrlfnwrE75uwcTsy1CHjDmiesILWnpR/P1hrLB7Os="}},"BZTRRCAD8cjaa0mqGEreWtiKSDUZtfpzo58le8SOq1BK":{"chainKey":{"counter":0},"chainType":2,"messageKeys":{}},"BVY4FVuIk4qfdMa6cuK7MVsHPqWsYpI0HYg6l02ROQNj":{"chainKey":{"counter":0},"chainType":2,"messageKeys":{}},"BbOMWlgqTE5JEmsYZ5qcn0qJz6G2LKYmBoH7O/ZI9kFe":{"chainKey":{"counter":2},"chainType":2,"messageKeys":{"0":"U2hWF74SlQpZ4JcBV2UMdYcXN7KidcLNCIa8K+nkmmU="}},"BfOUAPLayf4J2n8+oQaJR+wZwv/2hRphFBGpmLy0vAsi":{"chainKey":{"counter":0},"chainType":2,"messageKeys":{}},"BZsmyQ1JtVDm7IkbGJMZtGEUj1MwUlyyOHEv5IjUzR0Y":{"chainKey":{"counter":1,"key":"q5FAw/yS/f0OMuG6p16ggqz/14WhxS2Vs29OP9ZmrtU="},"chainType":2,"messageKeys":{"0":"7cFWHFePqryPW4mPLq/geRAE+k2rz6QJu2+47R2Mi9c="}},"BTmYw7A4O7P6n3VOEBdmzIrh1pHQICFTZFzBhmIlBIUa":{"chainKey":{"counter":-1,"key":"afKd2AdvDLYRcsz3gf13mFdMx1pqpPz8HE4fW6+T8rc="},"chainType":1,"messageKeys":{}}}}},"version":"v1"}