{"_sessions":{"BdimIZp4jLbBrcXLajefTBEVWtQg98sJJ43snk1T+pdN":{"registrationId":654123684,"currentRatchet":{"ephemeralKeyPair":{"pubKey":"BeH3U3956lQ73SLfMnuqBEN+GYgH5Pzu+lqdvwfRH4lp","privKey":"qHvFippUzjZUaWhC6LR6QsHzHCuWPdrNsa1vR/7xA3Y="},"lastRemoteEphemeralKey":"BXBKVFlHpMet0E+bmbhHTyNq65cTRGaO4TgKkOY+vS5L","previousCounter":0,"rootKey":"12wAbSrJDQVDVXJPhjcxxgE22UYlTOEULWYGDUr5Zg0="},"indexInfo":{"baseKey":"BdimIZp4jLbBrcXLajefTBEVWtQg98sJJ43snk1T+pdN","baseKeyType":1,"closed":-1,"used":1695853014976,"created":1695853014976,"remoteIdentityKey":"BTPhCidrqRsWxX5DJol72Yv61O7+XpFXEnG5E/G8010X"},"_chains":{"BeH3U3956lQ73SLfMnuqBEN+GYgH5Pzu+lqdvwfRH4lp":{"chainKey":{"counter":27,"key":"RbGIvywH6yf3T4SLfhOkgUMyTxQTxH9A9YmIAI0ushY="},"chainType":1,"messageKeys":{}}},"pendingPreKey":{"signedKeyId":1,"baseKey":"BdimIZp4jLbBrcXLajefTBEVWtQg98sJJ43snk1T+pdN"}}},"version":"v1"}