{"_sessions":{"BSZ/axiDxkGG2RONX5llbNExPiY/7rw5AqEnoGNSCZhd":{"registrationId":10747,"currentRatchet":{"ephemeralKeyPair":{"pubKey":"BbttMMswTI2WMF8zy9FkacIOK5ftRJEQ9ufcAQ0ZwDkB","privKey":"sDOShXobgPCgy9ii2VIUunsOoIFmYj6HPTgwsmV26Go="},"lastRemoteEphemeralKey":"BfTex6pNR4rEWcDZefFDlbd6O12zvTCHS036yfcmScEa","previousCounter":0,"rootKey":"QIn8YScpiodUcTv04HWWIholuMo7hc2kLATS1gH3Jpw="},"indexInfo":{"baseKey":"BSZ/axiDxkGG2RONX5llbNExPiY/7rw5AqEnoGNSCZhd","baseKeyType":1,"closed":-1,"used":1695853014388,"created":1695853014388,"remoteIdentityKey":"BfGh1KJny5t9HsqnvnteZwFzZczZKtmBoDLOIzH4qgIx"},"_chains":{"BbttMMswTI2WMF8zy9FkacIOK5ftRJEQ9ufcAQ0ZwDkB":{"chainKey":{"counter":27,"key":"Hy0QaALlpaJrIeEqCPljawG22u+0VEG8ilEuB+3UwFI="},"chainType":1,"messageKeys":{}}},"pendingPreKey":{"signedKeyId":1,"baseKey":"BSZ/axiDxkGG2RONX5llbNExPiY/7rw5AqEnoGNSCZhd","preKeyId":750}}},"version":"v1"}