{"_sessions":{"BT+CMW4bZUUSJ58h16wZTIKOh6nnp2z+GnlstPKeIkJ7":{"registrationId":972624020,"currentRatchet":{"ephemeralKeyPair":{"pubKey":"BS7HPm6188RcMPrPHLFQ6+P3Mmkmb1MBy38HoWGlZAhl","privKey":"AF0K/HZ1FtsC1qI2F7UNykrQIpIaJC1Ko2McZY2kllg="},"lastRemoteEphemeralKey":"BeA79nZCXwJwmJnYdSX22DQwE004sVbUxRXDXHDhGeBO","previousCounter":0,"rootKey":"K3OwFe0vddx89S29YuvsGSLYDbMxNaJoeBl2S1MBnpQ="},"indexInfo":{"baseKey":"BT+CMW4bZUUSJ58h16wZTIKOh6nnp2z+GnlstPKeIkJ7","baseKeyType":1,"closed":1696445893593,"used":1695853014901,"created":1695853014901,"remoteIdentityKey":"Bfc9oBaqlFSLMO3VN6OCMSKerTOxMe0pFz7opRGqUJo3"},"_chains":{"BS7HPm6188RcMPrPHLFQ6+P3Mmkmb1MBy38HoWGlZAhl":{"chainKey":{"counter":17,"key":"tMETD34kL5sluNkZqIvUxDHyPuBFW79UnYDUc7s5b3w="},"chainType":1,"messageKeys":{}}},"pendingPreKey":{"signedKeyId":4,"baseKey":"BT+CMW4bZUUSJ58h16wZTIKOh6nnp2z+GnlstPKeIkJ7"}},"BYTaBf01nQO0mK/zhBMkVtdytRUGOe05VooitXL7WzFH":{"registrationId":972624020,"currentRatchet":{"ephemeralKeyPair":{"pubKey":"BQ2I4nRqNgY4OdMbAPoF82+7BnHuRzn8wje1Sw5c1wtF","privKey":"MOQe/gSnTf8bU+EDFRNsxbjTEHiMxJ0sUQjBLs0EUnc="},"lastRemoteEphemeralKey":"BeA79nZCXwJwmJnYdSX22DQwE004sVbUxRXDXHDhGeBO","previousCounter":0,"rootKey":"w3yHD573g48UwFH0X8NDy7RM/588ya26Hglt1lsFkXw="},"indexInfo":{"baseKey":"BYTaBf01nQO0mK/zhBMkVtdytRUGOe05VooitXL7WzFH","baseKeyType":1,"closed":1696445893938,"used":1696445893589,"created":1696445893589,"remoteIdentityKey":"Bfc9oBaqlFSLMO3VN6OCMSKerTOxMe0pFz7opRGqUJo3"},"_chains":{"BQ2I4nRqNgY4OdMbAPoF82+7BnHuRzn8wje1Sw5c1wtF":{"chainKey":{"counter":-1,"key":"fFva8dKESf0F/5G20FdAMeKfWPQ0DajQJu0C4GPZwxc="},"chainType":1,"messageKeys":{}}},"pendingPreKey":{"signedKeyId":4,"baseKey":"BYTaBf01nQO0mK/zhBMkVtdytRUGOe05VooitXL7WzFH"}},"BSrNomE0jlIGoelUZgD/E8zkct7gRDHpTmsOxJYNbppZ":{"registrationId":972624020,"currentRatchet":{"ephemeralKeyPair":{"pubKey":"Bbq4sotclrI6JwKeAgtIPj+w7doQIxTzfjBr4sJH9Dk6","privKey":"EFFDLnODKyUm7inu2/AHeR2r/ie23mwBkQb8iAVkbFk="},"lastRemoteEphemeralKey":"BeA79nZCXwJwmJnYdSX22DQwE004sVbUxRXDXHDhGeBO","previousCounter":0,"rootKey":"CHV/NuggVIjYaB00RXOadk7nbyYaa1v60AlOWjAAlbM="},"indexInfo":{"baseKey":"BSrNomE0jlIGoelUZgD/E8zkct7gRDHpTmsOxJYNbppZ","baseKeyType":1,"closed":1696445894125,"used":1696445893935,"created":1696445893935,"remoteIdentityKey":"Bfc9oBaqlFSLMO3VN6OCMSKerTOxMe0pFz7opRGqUJo3"},"_chains":{"Bbq4sotclrI6JwKeAgtIPj+w7doQIxTzfjBr4sJH9Dk6":{"chainKey":{"counter":-1,"key":"4ZF3XLboTblhxYfMVJwvVSPhjCzULtKHmhPDBVMWNsA="},"chainType":1,"messageKeys":{}}},"pendingPreKey":{"signedKeyId":4,"baseKey":"BSrNomE0jlIGoelUZgD/E8zkct7gRDHpTmsOxJYNbppZ"}},"BXFysNG80nLSmRy6JNn5s28LWJcG7ZR0LCxhSOIsh0gx":{"registrationId":972624020,"currentRatchet":{"ephemeralKeyPair":{"pubKey":"BQh+Gj/MS1BTRynxws422NWzH1J+1NTwZ5trS8B4/bIN","privKey":"cB8oSaHTQ5EFT/oefu3NbrHRbpxJ040Msn8T+u5AqEs="},"lastRemoteEphemeralKey":"BeA79nZCXwJwmJnYdSX22DQwE004sVbUxRXDXHDhGeBO","previousCounter":0,"rootKey":"LB2484n1GyGuCNMnJyZsOxiHuc+XJvPgmfVs2QDLTPs="},"indexInfo":{"baseKey":"BXFysNG80nLSmRy6JNn5s28LWJcG7ZR0LCxhSOIsh0gx","baseKeyType":1,"closed":1696445916003,"used":1696445894122,"created":1696445894122,"remoteIdentityKey":"Bfc9oBaqlFSLMO3VN6OCMSKerTOxMe0pFz7opRGqUJo3"},"_chains":{"BQh+Gj/MS1BTRynxws422NWzH1J+1NTwZ5trS8B4/bIN":{"chainKey":{"counter":-1,"key":"mQxiHmX7FZOk46Gs8JIIQ6XpBnmBDwqmS/eafvmUu8A="},"chainType":1,"messageKeys":{}}},"pendingPreKey":{"signedKeyId":4,"baseKey":"BXFysNG80nLSmRy6JNn5s28LWJcG7ZR0LCxhSOIsh0gx"}},"BevjKYkq/EwYD3kdnGefVHEQqWoKwA7EWUfTe1UwCidZ":{"registrationId":972624020,"currentRatchet":{"ephemeralKeyPair":{"pubKey":"BRurQQdXcX9lfPFkfuOQstGeeOmCa5aJSeQ+XpiScMBV","privKey":"sEakxQQbX91wkiPfZhb9bnQ7E9pRIEWO6f/9GxWI9nk="},"lastRemoteEphemeralKey":"BeA79nZCXwJwmJnYdSX22DQwE004sVbUxRXDXHDhGeBO","previousCounter":0,"rootKey":"zB0Cjuf9rO40U83MoPcFTH7owTg96CUwZfOaP8DWWgc="},"indexInfo":{"baseKey":"BevjKYkq/EwYD3kdnGefVHEQqWoKwA7EWUfTe1UwCidZ","baseKeyType":1,"closed":1696445916622,"used":1696445915999,"created":1696445915999,"remoteIdentityKey":"Bfc9oBaqlFSLMO3VN6OCMSKerTOxMe0pFz7opRGqUJo3"},"_chains":{"BRurQQdXcX9lfPFkfuOQstGeeOmCa5aJSeQ+XpiScMBV":{"chainKey":{"counter":-1,"key":"MuRH6vPmJ31n7+jaZtqPhWSzbQwrr9abBqf1cQCZoxM="},"chainType":1,"messageKeys":{}}},"pendingPreKey":{"signedKeyId":4,"baseKey":"BevjKYkq/EwYD3kdnGefVHEQqWoKwA7EWUfTe1UwCidZ"}},"BVbeY17e1gotkFnaEfM3KTJVMFJ5y734Q6/q98Y7W0t1":{"registrationId":972624020,"currentRatchet":{"ephemeralKeyPair":{"pubKey":"BUv9Esto/E7QFLEuD/rgE3yvT04bjM+rrmRo4STzTvls","privKey":"6AKwfLmaRW5ZzEpVA90xZrgT5+aKcZZ7b4DzQuCx3Xg="},"lastRemoteEphemeralKey":"BeA79nZCXwJwmJnYdSX22DQwE004sVbUxRXDXHDhGeBO","previousCounter":0,"rootKey":"AVo2SLKU64SLwhfqRfo8yEmdgx5tBC0zaZejKQ9AkBI="},"indexInfo":{"baseKey":"BVbeY17e1gotkFnaEfM3KTJVMFJ5y734Q6/q98Y7W0t1","baseKeyType":1,"closed":1696445920975,"used":1696445916620,"created":1696445916620,"remoteIdentityKey":"Bfc9oBaqlFSLMO3VN6OCMSKerTOxMe0pFz7opRGqUJo3"},"_chains":{"BUv9Esto/E7QFLEuD/rgE3yvT04bjM+rrmRo4STzTvls":{"chainKey":{"counter":-1,"key":"fVZRNHy6EUOW4zs2krifK1UENR2OAJYywt9hwsxAA2c="},"chainType":1,"messageKeys":{}}},"pendingPreKey":{"signedKeyId":4,"baseKey":"BVbeY17e1gotkFnaEfM3KTJVMFJ5y734Q6/q98Y7W0t1"}},"BSzwf6w1T2jEgV8nSoo+iMIUw5bBRpsELJT1LxjAnd9r":{"registrationId":972624020,"currentRatchet":{"ephemeralKeyPair":{"pubKey":"BdBHiKHmjbNVCohN6AFrbg3Ys7Rp6pYuawvlo7ngFTcc","privKey":"YNSeI2hRpfYT4f5K8C2CUYB8bDOqHPaoksLx9JvFwUw="},"lastRemoteEphemeralKey":"BeA79nZCXwJwmJnYdSX22DQwE004sVbUxRXDXHDhGeBO","previousCounter":0,"rootKey":"OEs8vnIbfJm79E4ZYX4ZqnkezE4Kke/elOHnX8xdfT0="},"indexInfo":{"baseKey":"BSzwf6w1T2jEgV8nSoo+iMIUw5bBRpsELJT1LxjAnd9r","baseKeyType":1,"closed":1696445942282,"used":1696445920972,"created":1696445920972,"remoteIdentityKey":"Bfc9oBaqlFSLMO3VN6OCMSKerTOxMe0pFz7opRGqUJo3"},"_chains":{"BdBHiKHmjbNVCohN6AFrbg3Ys7Rp6pYuawvlo7ngFTcc":{"chainKey":{"counter":-1,"key":"DZszUlhn61EK54Vl5JP5CpALnFj0ELwr2+Hn700X2t0="},"chainType":1,"messageKeys":{}}},"pendingPreKey":{"signedKeyId":4,"baseKey":"BSzwf6w1T2jEgV8nSoo+iMIUw5bBRpsELJT1LxjAnd9r"}},"BdY75EAvh1zca905zTq3Vk499ECYYOn9+UuY2gxmpENp":{"registrationId":972624020,"currentRatchet":{"ephemeralKeyPair":{"pubKey":"BdpVRPA4yi2XY4jyu19Dr/T7t0R4fepR79i9ccPx2pY9","privKey":"mI+4dWzvoyo2ghcWLTxH+BuU7cCPOM1x5MrFPcBxpFY="},"lastRemoteEphemeralKey":"BeA79nZCXwJwmJnYdSX22DQwE004sVbUxRXDXHDhGeBO","previousCounter":0,"rootKey":"PNBx7CW0MP5DZy3V4vhOn9045WJCfHSUGm5rdZj7mSU="},"indexInfo":{"baseKey":"BdY75EAvh1zca905zTq3Vk499ECYYOn9+UuY2gxmpENp","baseKeyType":1,"closed":1696445991060,"used":1696445942270,"created":1696445942270,"remoteIdentityKey":"Bfc9oBaqlFSLMO3VN6OCMSKerTOxMe0pFz7opRGqUJo3"},"_chains":{"BdpVRPA4yi2XY4jyu19Dr/T7t0R4fepR79i9ccPx2pY9":{"chainKey":{"counter":-1,"key":"YdknoiftvwCJUtuhscAh84IwiYKfbfEis5ZX5xiPWaQ="},"chainType":1,"messageKeys":{}}},"pendingPreKey":{"signedKeyId":4,"baseKey":"BdY75EAvh1zca905zTq3Vk499ECYYOn9+UuY2gxmpENp"}},"BYPxTG7y+hJvhIl8CQsEx23UOLO3qSMbWxJQFY1GOU4d":{"registrationId":972624020,"currentRatchet":{"ephemeralKeyPair":{"pubKey":"BfpMe6k79L0mHiTUDAoFQEpNi73dLeNkJdVTvLBHMAl2","privKey":"2HmXs1D24N9yVz3aEfQ6cw/pwG6bVaMijgoV865c/V4="},"lastRemoteEphemeralKey":"BeA79nZCXwJwmJnYdSX22DQwE004sVbUxRXDXHDhGeBO","previousCounter":0,"rootKey":"df/uaMqSW9jfgJaLd4aFon3oUsKYpstnKb+X97304T0="},"indexInfo":{"baseKey":"BYPxTG7y+hJvhIl8CQsEx23UOLO3qSMbWxJQFY1GOU4d","baseKeyType":1,"closed":1696446179326,"used":1696445991055,"created":1696445991055,"remoteIdentityKey":"Bfc9oBaqlFSLMO3VN6OCMSKerTOxMe0pFz7opRGqUJo3"},"_chains":{"BfpMe6k79L0mHiTUDAoFQEpNi73dLeNkJdVTvLBHMAl2":{"chainKey":{"counter":-1,"key":"+DNS/oWvhWNcuhB96uAeXaUjma0oRPQMvoiinoORfvI="},"chainType":1,"messageKeys":{}}},"pendingPreKey":{"signedKeyId":4,"baseKey":"BYPxTG7y+hJvhIl8CQsEx23UOLO3qSMbWxJQFY1GOU4d"}},"BdeernrvejOk3gHC53EkWJdR+2hicOQWaph61zx42eAI":{"registrationId":972624020,"currentRatchet":{"ephemeralKeyPair":{"pubKey":"BRm7MBpd2LndHH55avAJ6Q7xIPECnUar72nQ/OMX1hgr","privKey":"sACzFjFl0iyDBCcPS+5tGjOoR9P9qdXFGPjy1tEzkUQ="},"lastRemoteEphemeralKey":"BeA79nZCXwJwmJnYdSX22DQwE004sVbUxRXDXHDhGeBO","previousCounter":0,"rootKey":"g5udlnKq8OnQCR/aWJUQfjs/KJ/26GABBcYkZhZGlt0="},"indexInfo":{"baseKey":"BdeernrvejOk3gHC53EkWJdR+2hicOQWaph61zx42eAI","baseKeyType":1,"closed":1696446190480,"used":1696446179323,"created":1696446179323,"remoteIdentityKey":"Bfc9oBaqlFSLMO3VN6OCMSKerTOxMe0pFz7opRGqUJo3"},"_chains":{"BRm7MBpd2LndHH55avAJ6Q7xIPECnUar72nQ/OMX1hgr":{"chainKey":{"counter":-1,"key":"yZzohYfV64Cr9HMkFJcGDVJQQtwckEUGTFDAr1pJ+1A="},"chainType":1,"messageKeys":{}}},"pendingPreKey":{"signedKeyId":4,"baseKey":"BdeernrvejOk3gHC53EkWJdR+2hicOQWaph61zx42eAI"}},"BduZ1174XUKVTHKZFvDwiBNLPx6j7p0wgYznG0CJOwFO":{"registrationId":972624020,"currentRatchet":{"ephemeralKeyPair":{"pubKey":"BQqJLrpkYq+x5/uRs9/LLFHeTcifx+AA2WwuFRtkTWtQ","privKey":"IGMn3BuaeKXBWmaY0ZM/46UfD5y3E+m1in+pMzP7FHE="},"lastRemoteEphemeralKey":"BeA79nZCXwJwmJnYdSX22DQwE004sVbUxRXDXHDhGeBO","previousCounter":0,"rootKey":"+bUbNh17v1IWq8OkkgRsPXWriBNPo6b8rdf+3AcyAkQ="},"indexInfo":{"baseKey":"BduZ1174XUKVTHKZFvDwiBNLPx6j7p0wgYznG0CJOwFO","baseKeyType":1,"closed":1696446215945,"used":1696446190478,"created":1696446190478,"remoteIdentityKey":"Bfc9oBaqlFSLMO3VN6OCMSKerTOxMe0pFz7opRGqUJo3"},"_chains":{"BQqJLrpkYq+x5/uRs9/LLFHeTcifx+AA2WwuFRtkTWtQ":{"chainKey":{"counter":-1,"key":"0QhBgf/J5yfnNg1y4TGoe6hYhj2SjyqoryjbiI5kYZk="},"chainType":1,"messageKeys":{}}},"pendingPreKey":{"signedKeyId":4,"baseKey":"BduZ1174XUKVTHKZFvDwiBNLPx6j7p0wgYznG0CJOwFO"}},"BQJdO6UltB1Xx6KuHXKfjXTb+6jhDwEBEw+La/qbJfg+":{"registrationId":972624020,"currentRatchet":{"ephemeralKeyPair":{"pubKey":"Be7f7jn29SvktsXq43zJ72IFhSwp9qNt1HPJbycZ6hU5","privKey":"iJqQ84uXdYBFhyqSKahOqDWpotfrGWB4x+04YIoy1Vs="},"lastRemoteEphemeralKey":"BeA79nZCXwJwmJnYdSX22DQwE004sVbUxRXDXHDhGeBO","previousCounter":0,"rootKey":"sYrbSXVEzgGVFovHqLM42hurYPCcJjXp51OGBIzrAc4="},"indexInfo":{"baseKey":"BQJdO6UltB1Xx6KuHXKfjXTb+6jhDwEBEw+La/qbJfg+","baseKeyType":1,"closed":1696446232206,"used":1696446215942,"created":1696446215942,"remoteIdentityKey":"Bfc9oBaqlFSLMO3VN6OCMSKerTOxMe0pFz7opRGqUJo3"},"_chains":{"Be7f7jn29SvktsXq43zJ72IFhSwp9qNt1HPJbycZ6hU5":{"chainKey":{"counter":-1,"key":"SvfGAN0mDhX7DgNFCb2N9sTJh4esm6ggLEgFYRgWVvY="},"chainType":1,"messageKeys":{}}},"pendingPreKey":{"signedKeyId":4,"baseKey":"BQJdO6UltB1Xx6KuHXKfjXTb+6jhDwEBEw+La/qbJfg+"}},"BbW4pXRDm8DKkZDYKKwVLBTRyACZJsBbt8c1J5zFkYo2":{"registrationId":972624020,"currentRatchet":{"ephemeralKeyPair":{"pubKey":"BYJBAEFLq3tSRz5KvcJLt+FGGulp+uxx1RG2C2DD9MIc","privKey":"kKw8tLdzgIoVweUA+OHwbUJ2ZLCXYA6kyTa1LWcS038="},"lastRemoteEphemeralKey":"BeA79nZCXwJwmJnYdSX22DQwE004sVbUxRXDXHDhGeBO","previousCounter":0,"rootKey":"452krxAEXlhT9R0e0FbPdgXbG1Ugyq27rZd17bUm8iY="},"indexInfo":{"baseKey":"BbW4pXRDm8DKkZDYKKwVLBTRyACZJsBbt8c1J5zFkYo2","baseKeyType":1,"closed":1696446232657,"used":1696446232203,"created":1696446232203,"remoteIdentityKey":"Bfc9oBaqlFSLMO3VN6OCMSKerTOxMe0pFz7opRGqUJo3"},"_chains":{"BYJBAEFLq3tSRz5KvcJLt+FGGulp+uxx1RG2C2DD9MIc":{"chainKey":{"counter":-1,"key":"GYzI7IR5UhE9+6UmQccS48TnmJWhkXg8fthlLATmuao="},"chainType":1,"messageKeys":{}}},"pendingPreKey":{"signedKeyId":4,"baseKey":"BbW4pXRDm8DKkZDYKKwVLBTRyACZJsBbt8c1J5zFkYo2"}},"BXl4r29nHU8xZWWsFWypBoVEI5zneqaQ+3v3woOI+aAh":{"registrationId":972624020,"currentRatchet":{"ephemeralKeyPair":{"pubKey":"BXPw3PJijqveCDXjQ6NpLFJsn4Lv8l/OKkxdHcXT9uU1","privKey":"CHmnHb0VDwRrf22akqsyHcTtEqcBeTbXAdezHBq/xGU="},"lastRemoteEphemeralKey":"BeA79nZCXwJwmJnYdSX22DQwE004sVbUxRXDXHDhGeBO","previousCounter":0,"rootKey":"MSxPfQDpPcnsWI4Rjzy6aMzxikSJZ3LPSobMz1G1WoQ="},"indexInfo":{"baseKey":"BXl4r29nHU8xZWWsFWypBoVEI5zneqaQ+3v3woOI+aAh","baseKeyType":1,"closed":1696446245390,"used":1696446232654,"created":1696446232654,"remoteIdentityKey":"Bfc9oBaqlFSLMO3VN6OCMSKerTOxMe0pFz7opRGqUJo3"},"_chains":{"BXPw3PJijqveCDXjQ6NpLFJsn4Lv8l/OKkxdHcXT9uU1":{"chainKey":{"counter":-1,"key":"1z63Mbq7NqDUF2iLs2/zJV85DdSHGYR2QQSubGYNCXg="},"chainType":1,"messageKeys":{}}},"pendingPreKey":{"signedKeyId":4,"baseKey":"BXl4r29nHU8xZWWsFWypBoVEI5zneqaQ+3v3woOI+aAh"}},"BVIjPl4G+ZqG3PO9KQdxwC1p0uJ6uzucwPG7UCNxg+kS":{"registrationId":972624020,"currentRatchet":{"ephemeralKeyPair":{"pubKey":"BaMaM4EP1hSsRw/18VuCL3ZQsuIFcJzk6PMSmYssPjFU","privKey":"+OPfjSZ8r34rgssc4t/YdZGgtCetuSupf//pNiRvG2A="},"lastRemoteEphemeralKey":"BeA79nZCXwJwmJnYdSX22DQwE004sVbUxRXDXHDhGeBO","previousCounter":0,"rootKey":"kBOSdc/O3eJIBTXY5jdL/7dSZEaWUzCO6BvGByQD+nU="},"indexInfo":{"baseKey":"BVIjPl4G+ZqG3PO9KQdxwC1p0uJ6uzucwPG7UCNxg+kS","baseKeyType":1,"closed":-1,"used":1696446245388,"created":1696446245388,"remoteIdentityKey":"Bfc9oBaqlFSLMO3VN6OCMSKerTOxMe0pFz7opRGqUJo3"},"_chains":{"BaMaM4EP1hSsRw/18VuCL3ZQsuIFcJzk6PMSmYssPjFU":{"chainKey":{"counter":-1,"key":"8Ct7w+iUxe+ix6W5izCrZs/nG8XAxzK+wst5K3xzOI8="},"chainType":1,"messageKeys":{}}},"pendingPreKey":{"signedKeyId":4,"baseKey":"BVIjPl4G+ZqG3PO9KQdxwC1p0uJ6uzucwPG7UCNxg+kS"}}},"version":"v1"}