{"_sessions":{"BXGLrfrrcD0tMeX6synCS7phaSK+fuVmG1YrUnP664Rf":{"registrationId":1653525485,"currentRatchet":{"ephemeralKeyPair":{"pubKey":"BXjoIWHmnHDgHvDSmtlh8uM9j3HX7uc9sKeigu+lE9g/","privKey":"QAtKHFU4lAsQYefkHlaoQxcsKW+6RYz/xFSbcI0w+F4="},"lastRemoteEphemeralKey":"Ba68htzLO1FbpFi2ZWCSrSWHTXQtasOVXC0df4ktnicz","previousCounter":2,"rootKey":"AdLFXb7xdbVymqRzBACqSt8u4m2FhSnowxilrILraTk="},"indexInfo":{"baseKey":"BXGLrfrrcD0tMeX6synCS7phaSK+fuVmG1YrUnP664Rf","baseKeyType":2,"closed":-1,"used":1696688698450,"created":1695852501067,"remoteIdentityKey":"BYyYCXTOJdb/Nz8Xa4KCMapwfj6HUE85FIsUtI0tGis4"},"_chains":{"BZP7l7jrx263XTI9OnlfWMF+6IHw/v1bnhmQ2cTTa20n":{"chainKey":{"counter":0},"chainType":2,"messageKeys":{}},"BYGNf2HXSg9gUiRtPs9huETVoNUwem9lCEVZ4QWaW/op":{"chainKey":{"counter":1},"chainType":2,"messageKeys":{}},"BRaLwKEpCDIfF5Xm9bkk2BXZvaYDG+B2YEzUFh0YVgke":{"chainKey":{"counter":1},"chainType":2,"messageKeys":{}},"BTbM/Me3tmT8gK+sMy6xbV0rdWPc6Jb6jA0t1xiZCkZJ":{"chainKey":{"counter":0},"chainType":2,"messageKeys":{}},"BaJrrvUT8I9xk7HGhgs4AGSG92Wl+TViAAWzvEihOtEd":{"chainKey":{"counter":0},"chainType":2,"messageKeys":{}},"BWTfDvOjcWeQFeJVRabJ22EJASBx10NWxxTaE8XXb2JH":{"chainKey":{"counter":0},"chainType":2,"messageKeys":{}},"BVECAIq7mN8k/eBkbmaBPl/FBGp8siFGSOKEoxwnsTpc":{"chainKey":{"counter":0},"chainType":2,"messageKeys":{}},"BRinubf2wEzHPkpMgcGv3t5hJfSIzunCUuYOzvCVE9Nl":{"chainKey":{"counter":2},"chainType":2,"messageKeys":{}},"BU8bZrCKiLLdic6bXaiCrVozHp4wkso6+WW+To1uvEwG":{"chainKey":{"counter":0},"chainType":2,"messageKeys":{}},"BQqgnrsmUWwk5PZgcsomnAjQxXHHQ8HTNMcwlCTb+XpW":{"chainKey":{"counter":0},"chainType":2,"messageKeys":{}},"BbaJmSWfV2AvUBA+oCezntLH9uteqqTDj+W1tot+HYox":{"chainKey":{"counter":0},"chainType":2,"messageKeys":{}},"BWp6sw1MB7sQyjeE3jvCKEgYm440MnlCJ/B/T/fKwZ4M":{"chainKey":{"counter":0},"chainType":2,"messageKeys":{}},"Ba68htzLO1FbpFi2ZWCSrSWHTXQtasOVXC0df4ktnicz":{"chainKey":{"counter":0,"key":"/gldEC9tTHVtuDc4YlO904+2m0Sk87Gdce9Ia3IeUvE="},"chainType":2,"messageKeys":{}},"BXjoIWHmnHDgHvDSmtlh8uM9j3HX7uc9sKeigu+lE9g/":{"chainKey":{"counter":1,"key":"GoNvGT6ID8Hj8wgB/uBqnK7z9vJkOzgGAIGW5ivBKGY="},"chainType":1,"messageKeys":{}}}}},"version":"v1"}