{"_sessions":{"BcyrNJV9lx0sXDHgNZW/rfu7dO/8Y8KkQLZHJNkAQOYP":{"registrationId":1865300706,"currentRatchet":{"ephemeralKeyPair":{"pubKey":"BeavA6p9Vs1TRC0iANgGY4lPKxoapSWPIBX4Ddpr8woz","privKey":"8Ed0yoXMtm2Eg/6bIb4GX9RB0lLkFMBIrbkSbKaIhmE="},"lastRemoteEphemeralKey":"BSSQDv2/c0cUS88TFzrKy/aYnX4ZQ9KdlpKDQPAIFpI3","previousCounter":0,"rootKey":"Ol0itJ5w3EbHYGTKes53TSyT/I93pR6O+6XChLBtMSw="},"indexInfo":{"baseKey":"BcyrNJV9lx0sXDHgNZW/rfu7dO/8Y8KkQLZHJNkAQOYP","baseKeyType":2,"closed":-1,"used":1696716024061,"created":1695852499879,"remoteIdentityKey":"BWdMTQsaPGF9i/nDzk3OEUIVoaFHzDTpcHa0f0Ab2WUN"},"_chains":{"BWK8GIESsJHh+tZM30wkx1KciU2pgRVsJKaj1rMmd5Fn":{"chainKey":{"counter":0},"chainType":2,"messageKeys":{}},"BXVV0JUia4WVyCU0gh0/mFY02ExRe+Lvb2MtUQJ7PJhQ":{"chainKey":{"counter":0},"chainType":2,"messageKeys":{}},"BbXC4yeuW7aVTmsZ5T3e3zQeXxatOSQSBdjiP/3DJilE":{"chainKey":{"counter":1},"chainType":2,"messageKeys":{}},"BRdI4WstxhJiAmIQuJo6K4rEksib+xuiIH5jrtDv1vYT":{"chainKey":{"counter":0},"chainType":2,"messageKeys":{}},"BXKiAZYHcrqZSZ/HmDyW4LCchx58kJlBGTfDbKwHNphT":{"chainKey":{"counter":0},"chainType":2,"messageKeys":{}},"BcRHjJBVBbBMzz39YhiRizgpSh7jALMs1SF4qkJQsqcb":{"chainKey":{"counter":0},"chainType":2,"messageKeys":{}},"BUuNUjR4252yO+Eisiu4fCHQeQBcAQuKzHc+/ztl7qJW":{"chainKey":{"counter":0},"chainType":2,"messageKeys":{}},"BUaBLW8mM4AIFiIfWOA64hJBZlwQ0lFlR4M8FiszFEsP":{"chainKey":{"counter":0},"chainType":2,"messageKeys":{}},"BcaIgMX4+UPgvS4bRJBNdpKCdz7F9eXHlRrmiGJxn+9l":{"chainKey":{"counter":2},"chainType":2,"messageKeys":{}},"BeHbn2w74AoqkwKqBcbIBhR93leUH65WzcL56tTv0T1P":{"chainKey":{"counter":0},"chainType":2,"messageKeys":{}},"BYtt1KspGPZsX0na/4JBaZ2/65QkUASMgD+D70LaAowP":{"chainKey":{"counter":0},"chainType":2,"messageKeys":{}},"BZi63A+EtLICBuNqZaRzP/hnPELugWgvac7XdO6rQyU7":{"chainKey":{"counter":0},"chainType":2,"messageKeys":{}},"BS/IYBMhx6Tlm7f6RfySkkWiovDjvafLPK8iVqcijyhE":{"chainKey":{"counter":0},"chainType":2,"messageKeys":{}},"BRZvPl+XCD2MSTUrPeUhG6mIfQN7D/A3zH4n3/q/ISVw":{"chainKey":{"counter":0},"chainType":2,"messageKeys":{}},"Be+Sivbp4D7oZtcCxS0OhNoxkNYL6MTxMRqdRE0FF5JW":{"chainKey":{"counter":0},"chainType":2,"messageKeys":{}},"BSSQDv2/c0cUS88TFzrKy/aYnX4ZQ9KdlpKDQPAIFpI3":{"chainKey":{"counter":0,"key":"nkNz8WXxGX+RcqwZfIfc3sHeD8dH6CZ/WHQJ1sJPSHU="},"chainType":2,"messageKeys":{}},"BeavA6p9Vs1TRC0iANgGY4lPKxoapSWPIBX4Ddpr8woz":{"chainKey":{"counter":0,"key":"6YNpA1F2ipKnLZu4GAt+6IUuz4e6eYleLfLD4aHlx28="},"chainType":1,"messageKeys":{}}}}},"version":"v1"}