{"_sessions":{"BTh+XMSvHnyM4rvkauHjtODwZg8425f/KcNuIDKD80cN":{"registrationId":209452324,"currentRatchet":{"ephemeralKeyPair":{"pubKey":"BfAjl6qtGN0LfYMlBzrPlzOizAkQAVrUK0Ay/kaOiBxH","privKey":"QKc5nH6mFsXPkprepJRuY+Zfg3nqGJzBuXgJk+wvnk0="},"lastRemoteEphemeralKey":"BThIurgiNXGnZdJ/flvWAUBV87sZCvwcL+kQJ8LJghEC","previousCounter":0,"rootKey":"m7WH1QMsuZkL0pnQfhZwCEORIGVSZvNaY2XAWczxAHw="},"indexInfo":{"baseKey":"BTh+XMSvHnyM4rvkauHjtODwZg8425f/KcNuIDKD80cN","baseKeyType":2,"closed":1695853018375,"used":1695852500860,"created":1695852500860,"remoteIdentityKey":"BX9pnt7xzNKvWNc2iz95nuYaBw7Q/Ulzx3x/02eJHBoy"},"_chains":{"BThIurgiNXGnZdJ/flvWAUBV87sZCvwcL+kQJ8LJghEC":{"chainKey":{"counter":0,"key":"4U7MpVM27rmfSCBMrFyIDaHOHi6hR3HejnVrmOfw/+Q="},"chainType":2,"messageKeys":{}},"BfAjl6qtGN0LfYMlBzrPlzOizAkQAVrUK0Ay/kaOiBxH":{"chainKey":{"counter":1,"key":"jvOZxhqzggCuq6ZPKdSsS+T+ZCWcLiqHf4e+oM7Bl84="},"chainType":1,"messageKeys":{}}}},"BedphswSEfxa+OKwnVWV+niKt6DOc0uy3pdFFZJXIEgI":{"registrationId":209452324,"currentRatchet":{"ephemeralKeyPair":{"pubKey":"BZJkgzDngcIkuuwvNHTavYvTmpcj+ninpViAh07LmFkB","privKey":"CPR7J/DNFLn1Sjx1khtRzB7QvidthBps/z/AOYm+e3I="},"lastRemoteEphemeralKey":"BXT8I6eJ86Ho0GTwxab26ybGqfw6nwMJLx3bMoUSuVVv","previousCounter":0,"rootKey":"RwVFOPwZUiqRAhLZeZdoxkhYiE4CA7jBhYrJhV0WD+Y="},"indexInfo":{"baseKey":"BedphswSEfxa+OKwnVWV+niKt6DOc0uy3pdFFZJXIEgI","baseKeyType":1,"closed":1695853018485,"used":1695853018373,"created":1695853018373,"remoteIdentityKey":"BX9pnt7xzNKvWNc2iz95nuYaBw7Q/Ulzx3x/02eJHBoy"},"_chains":{"BZJkgzDngcIkuuwvNHTavYvTmpcj+ninpViAh07LmFkB":{"chainKey":{"counter":-1,"key":"mJfxDGopnKgoTpOxHqG/XROZJ0o4Mj7kJi+hBtW4QHI="},"chainType":1,"messageKeys":{}}},"pendingPreKey":{"signedKeyId":11,"baseKey":"BedphswSEfxa+OKwnVWV+niKt6DOc0uy3pdFFZJXIEgI","preKeyId":10910088}},"BQzwSvEkKEBVsp4TAK23pZaps2WkwwFJryqsWWglcJh1":{"registrationId":209452324,"currentRatchet":{"ephemeralKeyPair":{"pubKey":"BWy8SHL9Tsu9FCS4mId657K2flL/xcsFrTvVTBj7N8ZJ","privKey":"6GdYoUUTzy2PJJgM+fKALxEwVhPbOiBVn+p2LNLqfHs="},"lastRemoteEphemeralKey":"BaJdzzFEQ2iMA2gBkG+tWvwyIXuE+9oYGsr5yh7sn9ke","previousCounter":2,"rootKey":"l9b95ZJe6YggsBNfjXSg6agZi0kV4MSb0JvgZtgYMgw="},"indexInfo":{"baseKey":"BQzwSvEkKEBVsp4TAK23pZaps2WkwwFJryqsWWglcJh1","baseKeyType":1,"closed":-1,"used":1696688696823,"created":1695853018483,"remoteIdentityKey":"BX9pnt7xzNKvWNc2iz95nuYaBw7Q/Ulzx3x/02eJHBoy"},"_chains":{"BSvTNxS1NJDwaJ0kBOkgnBe4SbiqYPM9Tvi72wHN6mBG":{"chainKey":{"counter":0},"chainType":2,"messageKeys":{}},"BfFtOtZAySVfZ5+TYco1LizQNAV12F8EUnneVyomy6A6":{"chainKey":{"counter":1},"chainType":2,"messageKeys":{}},"BUsFadk/y4FsssgrtpyaRFDWUTZUE1wekPyyevf6fX5v":{"chainKey":{"counter":0},"chainType":2,"messageKeys":{}},"BTmjjuWKZAoSMJ2Q1aguxUoBvbRNhd+5O0ZIKswd2Tsa":{"chainKey":{"counter":0},"chainType":2,"messageKeys":{}},"BdPd2tL/OtZwwIY/i1ZJidYz4pK40U1igBID1UC5QUMf":{"chainKey":{"counter":0},"chainType":2,"messageKeys":{}},"BYeC6q2fYTmopBvwXS8Z0LgmNN8OVo8me/UKANk7cuJ0":{"chainKey":{"counter":0},"chainType":2,"messageKeys":{}},"BV4bYdiJEhO2fpSQD/avpxw7SWraXIffmTQs4C/PaYkh":{"chainKey":{"counter":1},"chainType":2,"messageKeys":{}},"BSwjCyIJ/957RLuC36676PqjaMjCnWMwB39SWMvuiAAJ":{"chainKey":{"counter":0},"chainType":2,"messageKeys":{}},"BZYB/4kPFk1P7eUnhcSkaZnUFjIm3H9eFNBT0xEQ8poR":{"chainKey":{"counter":0},"chainType":2,"messageKeys":{}},"BfXUP3xLU6Wkj65lgLe6Qdw4Spq97i3x8aZO3Ev6c8Ae":{"chainKey":{"counter":0},"chainType":2,"messageKeys":{}},"Bd2fpWfPgpfVPZpty4mcpq+nbmK8UzmyDZh6EdKUpMc2":{"chainKey":{"counter":0},"chainType":2,"messageKeys":{}},"BaJdzzFEQ2iMA2gBkG+tWvwyIXuE+9oYGsr5yh7sn9ke":{"chainKey":{"counter":0,"key":"GxkkrQwe4UXSMmnZW6j51JXY+e6c+gVUm0z4YDEgnkI="},"chainType":2,"messageKeys":{}},"BWy8SHL9Tsu9FCS4mId657K2flL/xcsFrTvVTBj7N8ZJ":{"chainKey":{"counter":1,"key":"+/SA2qqQ+oywm/D60DFwF4u3Z3l8QQAcI0M9ZrluEfs="},"chainType":1,"messageKeys":{}}}}},"version":"v1"}