{"_sessions":{"BS+K0rung5jYLM5LSQIssTbqiiY9t9dHxpCRqbh0OttJ":{"registrationId":1054353430,"currentRatchet":{"ephemeralKeyPair":{"pubKey":"BaV8xJ6s+xs0nnc4wCKy3I55knBhHzsYsccm0lyUc7pd","privKey":"AByTTqK8IdunE4al8Xs3nUVi5AlIIzQR6XPq7tuhFFE="},"lastRemoteEphemeralKey":"BdnCVe9z2gXr637rz7Ej+ouVo6gFiJQQ2E+sV1Q4C/Ak","previousCounter":3,"rootKey":"c+zvXj2tNePQ5zH53yLfyHLKvWRWBlJv+eKNGMucwOc="},"indexInfo":{"baseKey":"BS+K0rung5jYLM5LSQIssTbqiiY9t9dHxpCRqbh0OttJ","baseKeyType":2,"closed":-1,"used":1696455264273,"created":1695852553659,"remoteIdentityKey":"BbG17XL0XUTJmKQMKhHxDea1X1rtc/JD6OrHRRUXymR7"},"_chains":{"BcaPqB4bOBTtBaZknYPOGaGp8x8u/cNr5G/MuZU8nhAx":{"chainKey":{"counter":0},"chainType":2,"messageKeys":{}},"BaKkwfCa2a0/0GNPtHLNRHZnHCH9G/JigVjGfYrw7xd4":{"chainKey":{"counter":0},"chainType":2,"messageKeys":{}},"BYOof5Oy5vCaCxLg6Nl1hjdHfZuP2+u2zz113s5++mcO":{"chainKey":{"counter":0},"chainType":2,"messageKeys":{}},"BZrQR0jsNwitc4umQtFFYgVOOcFDxoztEBJJthJ5jSQg":{"chainKey":{"counter":1},"chainType":2,"messageKeys":{"0":"ipF2M8jzUdtKs2izwr6oP9DHWKCOW78Oay4TQpW5MxM="}},"BVTQkYwIMBxkFambwKLzjshPCxQSHj/7zcPy8+Qh4r1m":{"chainKey":{"counter":0},"chainType":2,"messageKeys":{}},"BdnCVe9z2gXr637rz7Ej+ouVo6gFiJQQ2E+sV1Q4C/Ak":{"chainKey":{"counter":0,"key":"SZ2Vp6JZHXPzTyKT5SZT5WXGCnDpNMTa50sIKcTq++A="},"chainType":2,"messageKeys":{}},"BaV8xJ6s+xs0nnc4wCKy3I55knBhHzsYsccm0lyUc7pd":{"chainKey":{"counter":8,"key":"5bejnJJl6jXvoFvmmgceW/DyR07ZzROM9bhUStBRSyU="},"chainType":1,"messageKeys":{}}}}},"version":"v1"}