{"_sessions":{"BRKrc2sU9rjCrZb5GIOYh1IYlQYm0205VtVs/zfAeZEj":{"registrationId":984308598,"currentRatchet":{"ephemeralKeyPair":{"pubKey":"BUHfCdFiqm20Maj3Xalh2/GplGUor+V9xvA5wjq+bvF2","privKey":"GIJPca4PvWyOMnKL9PrARguW5+7DRkIZqfPO60AteWU="},"lastRemoteEphemeralKey":"BeY8Eg4cpHoM0x4BEgTR4I73AK2HEpsUWI144aXKNc43","previousCounter":0,"rootKey":"8YOCB57BUic4ICnZ7dZCgMqWKQRfYdanTTrK1v45ZHw="},"indexInfo":{"baseKey":"BRKrc2sU9rjCrZb5GIOYh1IYlQYm0205VtVs/zfAeZEj","baseKeyType":1,"closed":-1,"used":1695853014897,"created":1695853014897,"remoteIdentityKey":"BYDOzQrtJnFsIwQ09A2fkHtSulNurdEtb3py4oTrhmlk"},"_chains":{"BUHfCdFiqm20Maj3Xalh2/GplGUor+V9xvA5wjq+bvF2":{"chainKey":{"counter":27,"key":"rF1mJjyVXm/APuvDCHaRR6xrd4Lq6V8os8++tFPSHt0="},"chainType":1,"messageKeys":{}}},"pendingPreKey":{"signedKeyId":17,"baseKey":"BRKrc2sU9rjCrZb5GIOYh1IYlQYm0205VtVs/zfAeZEj"}}},"version":"v1"}