{"_sessions":{"Ba0DImpHIo80THRa52M1knjckdHTePSLuelAjgyNm8Yy":{"registrationId":2008650355,"currentRatchet":{"ephemeralKeyPair":{"pubKey":"BbD62e0PCI4+rRIRNlw7k1iqM2KbtI5HGEkI3+zOLIU2","privKey":"CDWvOqEY7v3IC1wBV2MkOwKJHfEI/yWF1kSsT9SSD0g="},"lastRemoteEphemeralKey":"BTgEyEJHlj3u9ZgNx1YOg8dmhn8DF4Ch8DTvfLSFR1E/","previousCounter":0,"rootKey":"RyJvCYtlD/fclHvTnhuWW2DjF/7F+jy6rg4kAAZENZI="},"indexInfo":{"baseKey":"Ba0DImpHIo80THRa52M1knjckdHTePSLuelAjgyNm8Yy","baseKeyType":1,"closed":-1,"used":1695853014905,"created":1695853014905,"remoteIdentityKey":"BX1SV0i/x3TR9irYpyJHIIldGt+9VOUGEBGg0VcSeQ9Z"},"_chains":{"BbD62e0PCI4+rRIRNlw7k1iqM2KbtI5HGEkI3+zOLIU2":{"chainKey":{"counter":27,"key":"rXRzMUw7QNVcmLJxFb7a3trXWegIakfaZtYag69vfwc="},"chainType":1,"messageKeys":{}}},"pendingPreKey":{"signedKeyId":1,"baseKey":"Ba0DImpHIo80THRa52M1knjckdHTePSLuelAjgyNm8Yy"}}},"version":"v1"}