{"_sessions":{"BbhEyi/lA/3zjkLYqMKKf8/dJUIqlDkx+GYCBJgIQtws":{"registrationId":194434733,"currentRatchet":{"ephemeralKeyPair":{"pubKey":"BX+mvwABlQ/zPCUCDL6H09q8HwYqSd/E+PwJsqzmGdoY","privKey":"yPOID1WRC+9zY/ayZvPuKp7WjGkvftG0EwnDHg4tYFc="},"lastRemoteEphemeralKey":"BfU3oV/EzW8TJ3FDPu+nuIWitMiGqqXuppNBjIokrkZL","previousCounter":0,"rootKey":"YqG6bU8XgxIx4y72fubUfmeGN+dXJ+PZ9ycpigvK0ek="},"indexInfo":{"baseKey":"BbhEyi/lA/3zjkLYqMKKf8/dJUIqlDkx+GYCBJgIQtws","baseKeyType":1,"closed":-1,"used":1696295338294,"created":1696293483656,"remoteIdentityKey":"BUp5x5Npo0UVK5q2otl/tSd7VL7F1PLBJrSCr0DFqS8Z"},"_chains":{"BfU3oV/EzW8TJ3FDPu+nuIWitMiGqqXuppNBjIokrkZL":{"chainKey":{"counter":1,"key":"DPBiQhSQHoapO12kzRK1/cpwCMNNjXJMaj6QjSZR3S0="},"chainType":2,"messageKeys":{}},"BX+mvwABlQ/zPCUCDL6H09q8HwYqSd/E+PwJsqzmGdoY":{"chainKey":{"counter":-1,"key":"yrr1IZHlOegtMW4M3yQCm+KpIhaD7qGW4mULYiGFiLc="},"chainType":1,"messageKeys":{}}}}},"version":"v1"}