{"_sessions":{"BSukV8dUdSBpdXfYvOD8HDV7uXQDtltTRTJMWcPWRrEe":{"registrationId":1834235983,"currentRatchet":{"ephemeralKeyPair":{"pubKey":"Bc9ov0th0YOoF8SsLfCKpVsg687F7YIRl0ayXAuJISoU","privKey":"yKSCWVizvJnN8wDUmvjwBoxHk1C7JL0gKeHh/B7c4VY="},"lastRemoteEphemeralKey":"BUN3SApHZ17kBG27b6ZTnEx2qAhbuv6nKtibh+zuTrMQ","previousCounter":0,"rootKey":"bLPCspK9b/7190RkzxzIhOjYeJshZC898qTSt3U4imM="},"indexInfo":{"baseKey":"BSukV8dUdSBpdXfYvOD8HDV7uXQDtltTRTJMWcPWRrEe","baseKeyType":2,"closed":-1,"used":1696348527987,"created":1696348527987,"remoteIdentityKey":"BZAFX4EFgf6VJ2fHcNvhzCXddaFz0DIztNpWQHbAUF1K"},"_chains":{"BUN3SApHZ17kBG27b6ZTnEx2qAhbuv6nKtibh+zuTrMQ":{"chainKey":{"counter":3,"key":"JsoME3DrkicqIqSQZ+8vGbFhVkrk1tE7JJvS7jKyGAA="},"chainType":2,"messageKeys":{"0":"80WfOca4AbSUggWh6M6Uzne8u4POoeuYNVJnQD+uMKY=","1":"kx3hmPQThoh8dQaRi3st3eDGXldD2MHS7cXfHM7qAzw=","2":"VM4OYOetPPT2D5Log+zAGJr/820OlFI9f12jkJfoo9M="}},"Bc9ov0th0YOoF8SsLfCKpVsg687F7YIRl0ayXAuJISoU":{"chainKey":{"counter":-1,"key":"qylXB1AsEKWYIodrbhCtwyJFNTP+RdHq6mW2z70xnSg="},"chainType":1,"messageKeys":{}}}}},"version":"v1"}