{"_sessions":{"BcXdcmm4MK1Easi5wJ1h3F5BqUVzsrTo8W6BdQMDee47":{"registrationId":55,"currentRatchet":{"ephemeralKeyPair":{"pubKey":"BaS1cOAd2oOfrnrzMXhf5MP0oOq2SU4vZTGjrPQNlll4","privKey":"WEde6hupKENuRaVzpcmJppNBjQefbwatRmo4KNfylVM="},"lastRemoteEphemeralKey":"BflGt7gYHSfeeBAz0+SkapvgmoQRrDEfrswwGob4tjA8","previousCounter":0,"rootKey":"fMWtoQ363VB8pXnodTTwkjuwdHfAh+AS/GtrIRfMR+8="},"indexInfo":{"baseKey":"BcXdcmm4MK1Easi5wJ1h3F5BqUVzsrTo8W6BdQMDee47","baseKeyType":1,"closed":-1,"used":1695853014382,"created":1695853014382,"remoteIdentityKey":"Bb+E8nvJ8fTUa1IcAAX6BEKKbUNIupUnzsVm55lUXSY/"},"_chains":{"BaS1cOAd2oOfrnrzMXhf5MP0oOq2SU4vZTGjrPQNlll4":{"chainKey":{"counter":8,"key":"1TaHqHrYndKbLPyCi5oOpvbhjv3e7pX0MZ1KfS+u0+8="},"chainType":1,"messageKeys":{}}},"pendingPreKey":{"signedKeyId":1,"baseKey":"BcXdcmm4MK1Easi5wJ1h3F5BqUVzsrTo8W6BdQMDee47"}}},"version":"v1"}