{"_sessions":{"BcldK0NCkavAmuo8hUmZXpyTgJitWfLwpFNQ6DsU57Je":{"registrationId":858830653,"currentRatchet":{"ephemeralKeyPair":{"pubKey":"Bcu/Tn+qjz6IUE5BWozvRsrGB0ohukkNWNFdwBihPLBM","privKey":"SNdwkIwsUZ3F5a/opAEJsL45smklC4RL1dl9c0pn/Fc="},"lastRemoteEphemeralKey":"BWIaUmLTSwqWZy18hyzf0osPLtacxhvwoOymwmPXsuQz","previousCounter":2,"rootKey":"12OIAEr2PlTdYqZ1QaQIg9PQtJhJ1OlBjXegSM8OfAA="},"indexInfo":{"baseKey":"BcldK0NCkavAmuo8hUmZXpyTgJitWfLwpFNQ6DsU57Je","baseKeyType":1,"closed":1695860922042,"used":1695861894283,"created":1695853015003,"remoteIdentityKey":"BdTkjSD8ydWW7hjlIPH9/FJqfCVbe3Wu/OPKRYbAcMl7"},"_chains":{"BWIaUmLTSwqWZy18hyzf0osPLtacxhvwoOymwmPXsuQz":{"chainKey":{"counter":0,"key":"nsOqBiny5c9jwMNFkpLCcVLG/CYMgYpKABtXNKVU4sw="},"chainType":2,"messageKeys":{}},"Bcu/Tn+qjz6IUE5BWozvRsrGB0ohukkNWNFdwBihPLBM":{"chainKey":{"counter":-1,"key":"r0sVwVlafU5TBeHwlSnUs5Ctk8jODQ3/Pxfvd8QqIB8="},"chainType":1,"messageKeys":{}}}},"BeYC0SqknB85hTLm0g65+p5YAMDYrfKwXuczJTD33xlp":{"registrationId":858830653,"currentRatchet":{"ephemeralKeyPair":{"pubKey":"BU/8uisC1W5n/OC9bn77Y09V2cNkIsRH54Czy8PfA1p9","privKey":"MCRtKMBPDkhmbfI4g7Z91hrRrU/47gcpWkfq8b18HnQ="},"lastRemoteEphemeralKey":"BWIaUmLTSwqWZy18hyzf0osPLtacxhvwoOymwmPXsuQz","previousCounter":-1,"rootKey":"pnhO48iWvwrifbcEDgbqTETq/fFa9JAEpEx0u4CDPr8="},"indexInfo":{"baseKey":"BeYC0SqknB85hTLm0g65+p5YAMDYrfKwXuczJTD33xlp","baseKeyType":2,"closed":1695905267432,"used":1695860922046,"created":1695860922046,"remoteIdentityKey":"BdTkjSD8ydWW7hjlIPH9/FJqfCVbe3Wu/OPKRYbAcMl7"},"_chains":{"BT1fVifTojPE2k80C2EsMutFjGrHUBgJudOJYX7CAitv":{"chainKey":{"counter":0},"chainType":2,"messageKeys":{}},"BWIaUmLTSwqWZy18hyzf0osPLtacxhvwoOymwmPXsuQz":{"chainKey":{"counter":0,"key":"QZT02+qooO6eB6a01bBMqkNhl3G7nWWqCuOMfliUS4U="},"chainType":2,"messageKeys":{}},"BU/8uisC1W5n/OC9bn77Y09V2cNkIsRH54Czy8PfA1p9":{"chainKey":{"counter":2,"key":"Nwrbi5U0GR3fbjd8DsqNUD88whakwrLDaMVsEuY/NXA="},"chainType":1,"messageKeys":{}}}},"BYAlupsoYhb91eC1ZBUFO3oIufIrG4YkmSoVTcx578Mo":{"registrationId":858830653,"currentRatchet":{"ephemeralKeyPair":{"pubKey":"BVdQFFB3BxMNYvKwO2eum4mHmyBIm48Q4/XsPe6UHzdc","privKey":"aBQBduo96xlkU48ZE6tGljmC+djKv7nnfsihEhbjh2g="},"lastRemoteEphemeralKey":"BTHJvI9dARPNmrnSl5XFdHqYhN4PlUu2sL8Btuv9XTA5","previousCounter":0,"rootKey":"wbDwJjLBTK7i0k8pkV3YR8Tu6gZG9Nr9xYi+U6ymDyA="},"indexInfo":{"baseKey":"BYAlupsoYhb91eC1ZBUFO3oIufIrG4YkmSoVTcx578Mo","baseKeyType":1,"closed":1695905267627,"used":1695905267428,"created":1695905267428,"remoteIdentityKey":"BdTkjSD8ydWW7hjlIPH9/FJqfCVbe3Wu/OPKRYbAcMl7"},"_chains":{"BVdQFFB3BxMNYvKwO2eum4mHmyBIm48Q4/XsPe6UHzdc":{"chainKey":{"counter":-1,"key":"8Z1AdvHPfRTMDJGY4Sx1h+X0eNPGFyrYCYnyUcxex/8="},"chainType":1,"messageKeys":{}}},"pendingPreKey":{"signedKeyId":10,"baseKey":"BYAlupsoYhb91eC1ZBUFO3oIufIrG4YkmSoVTcx578Mo","preKeyId":14665916}},"BdFZ+BFRHP0J7Pye8PG/8NZ7sRhMEcEuBYRT4y8cl01M":{"registrationId":858830653,"currentRatchet":{"ephemeralKeyPair":{"pubKey":"Bex9ZojiBCsImXZ7kJBzEZWOYJP92lONJZeRoXmYHYA2","privKey":"CEAttb2d2ocODkTA1hRp8WX8u3y+PpgpQ70TlbuOpkQ="},"lastRemoteEphemeralKey":"BZCli7efuAd7AYkD9q5FobTqyyvTrXkdu64QTWG7+DY6","previousCounter":0,"rootKey":"6vvpV9wjO9sMKJXQt4We8o9rH3yX9DbUrolW1gb78PE="},"indexInfo":{"baseKey":"BdFZ+BFRHP0J7Pye8PG/8NZ7sRhMEcEuBYRT4y8cl01M","baseKeyType":1,"closed":-1,"used":1696606451497,"created":1695905267625,"remoteIdentityKey":"BdTkjSD8ydWW7hjlIPH9/FJqfCVbe3Wu/OPKRYbAcMl7"},"_chains":{"BYAw7JxiUiUToFiaK88GX450w5RdazLA+88r9B+X4xgY":{"chainKey":{"counter":1},"chainType":2,"messageKeys":{}},"BdO/t8AvJOZX2BX8AkUgDFJoDYozJEgqduMhn2Ne9X5v":{"chainKey":{"counter":0},"chainType":2,"messageKeys":{}},"BWGYCBokGyjuqzDpA5TNmxlXdVjssDIhQzckWQTNRnEh":{"chainKey":{"counter":0},"chainType":2,"messageKeys":{}},"Be4RTGebn8ZYWqn2b6SxcfGt/7ksHnF2xBYXlG2oSktb":{"chainKey":{"counter":0},"chainType":2,"messageKeys":{}},"BWRDN/Vz8taZ6A9YqnLYfMFHXxbly+tdudiqk7rL74JF":{"chainKey":{"counter":0},"chainType":2,"messageKeys":{}},"BVPAh57D3NSHbMdd+s0tANpFXkZINyajwXxgR0PCWhEF":{"chainKey":{"counter":1},"chainType":2,"messageKeys":{}},"BckkQVh/3uKBaj5EPgqj/14y5k/k76eAYlXV2gJ7JVcl":{"chainKey":{"counter":0},"chainType":2,"messageKeys":{}},"BRtgBeAR3ALQk+VcljbrsUa7/K8cFlHBPhy7csSevEMJ":{"chainKey":{"counter":0},"chainType":2,"messageKeys":{}},"BcHC0EDqmzyYRHHpJ1ZYuS/9LvuaY+OpysSLIX9x63pJ":{"chainKey":{"counter":0},"chainType":2,"messageKeys":{}},"BZCli7efuAd7AYkD9q5FobTqyyvTrXkdu64QTWG7+DY6":{"chainKey":{"counter":0,"key":"fcxo4jDvWbFdGAXMefgONeIU8emNOC2jf2iejxIY6NM="},"chainType":2,"messageKeys":{}},"Bex9ZojiBCsImXZ7kJBzEZWOYJP92lONJZeRoXmYHYA2":{"chainKey":{"counter":4,"key":"3u/GK5r36z56Pz7jqIF5dGom5j/TDFbvSpnNPKbK3cw="},"chainType":1,"messageKeys":{}}}}},"version":"v1"}