{"_sessions":{"BV5gPo5AXxiofS7QJIZRLYLE09e2X8lc493Tx/aTOdYQ":{"registrationId":283892153,"currentRatchet":{"ephemeralKeyPair":{"pubKey":"BQVbAhMydHXCwuBE/+QZlJNUm9sncXXOfIOemr9idx1L","privKey":"WBn4oUIUk0uNXky5LC8XIpRl6byOoxOsnuTGuulzB20="},"lastRemoteEphemeralKey":"BerLypVBd7XRnY7ieWVJHMV8Han29l3fm71yV0SFeVFP","previousCounter":1,"rootKey":"OpRVJga6r0bDvPLWbftNhQuo4RymVlwGnG1OJMT971E="},"indexInfo":{"baseKey":"BV5gPo5AXxiofS7QJIZRLYLE09e2X8lc493Tx/aTOdYQ","baseKeyType":2,"closed":-1,"used":1696689306207,"created":1695852508838,"remoteIdentityKey":"BaZc+6YcsM8nMcuPmEhedwoSV3WiS0ujtQf3IhtKNdRT"},"_chains":{"BS6AulgD6LKDPGBAUxQ+d+3jMAITBvA7iZ3E+pXIJMg6":{"chainKey":{"counter":0},"chainType":2,"messageKeys":{}},"BeTfllUjvuWW+HHMJt+ewiloUj5VcbuEgw8P/YODXZ59":{"chainKey":{"counter":0},"chainType":2,"messageKeys":{}},"BT3QdguFixC0GhjzUiSsHJ+XJsi1I40bYLPjQxKR4PUk":{"chainKey":{"counter":1},"chainType":2,"messageKeys":{"0":"KCWwNnA8zUUxeLnItHAob0ImgGr6qczlb3wO9MmLCJ0="}},"Bbt4tLRyeJ4+wjH/T1HqnEYLUgbkFftPWm818Gla/WkN":{"chainKey":{"counter":0},"chainType":2,"messageKeys":{}},"BSTWrVavEMLzanWoy9lwCTH82800bbFNX+iO2XMgfkFB":{"chainKey":{"counter":0},"chainType":2,"messageKeys":{}},"BYhpTogdRhMcRxEMMUDfqMEDlFKC+c7Q/PjICuACkUtW":{"chainKey":{"counter":0},"chainType":2,"messageKeys":{}},"BRMYubkalfrLlK2kxOTmVtoiU5mitPjrX6UbWDpIJqR5":{"chainKey":{"counter":0},"chainType":2,"messageKeys":{}},"BQvufQdHWMp1Fqb9SU3n9ykaVo85DdBJAwapxUYXhZFo":{"chainKey":{"counter":2},"chainType":2,"messageKeys":{}},"BcAYJjq4AXkER1YPgMbpiwSrigGl2z1m0tbu9AyvXA5i":{"chainKey":{"counter":0},"chainType":2,"messageKeys":{}},"Ba+aEmPHAhHDQ6bxJzm5+jYwZoALDye0y5AfwNukwJgP":{"chainKey":{"counter":0},"chainType":2,"messageKeys":{}},"BZYxZW7sYUWva66gKRrdP8HXfDqsnsUxxkVQcJYhT0dT":{"chainKey":{"counter":0},"chainType":2,"messageKeys":{}},"BSfFC4IycyhJa/tQETY15B6rEqFQfKz/J+ayKK3gm+JS":{"chainKey":{"counter":1},"chainType":2,"messageKeys":{}},"BerLypVBd7XRnY7ieWVJHMV8Han29l3fm71yV0SFeVFP":{"chainKey":{"counter":0,"key":"ecuqJBvvBdOWRE0q7OZk65S3NNfSxLgUIh4mtHS42KM="},"chainType":2,"messageKeys":{}},"BQVbAhMydHXCwuBE/+QZlJNUm9sncXXOfIOemr9idx1L":{"chainKey":{"counter":1,"key":"00HCMHFj9maKEvrA6aI2zlTVSQXmlGTE34bVmCCbrNg="},"chainType":1,"messageKeys":{}}}}},"version":"v1"}