{"_sessions":{"BQwaeYNq2m/Ft+/vqOoi/6Rhkjadc2rIccFKvwnWBYwX":{"registrationId":1631908004,"currentRatchet":{"ephemeralKeyPair":{"pubKey":"BbojQkCoEvG98IvdEA9nEzXWlRebCveiLN08T8hF1G9N","privKey":"iLNSnmhOdh+DrPKEv9AV8Prb+YYe+W4jYYEWwLLqE1s="},"lastRemoteEphemeralKey":"BWyz51Uu9iBoyqSlgQxPk1ig+CQbSniS/6Jxi0usP4Fn","previousCounter":0,"rootKey":"7rrQh3Ov/BTPKNdXO9hdIKswcquygLB0HpZx5X1bTgM="},"indexInfo":{"baseKey":"BQwaeYNq2m/Ft+/vqOoi/6Rhkjadc2rIccFKvwnWBYwX","baseKeyType":2,"closed":-1,"used":1695918366003,"created":1695918366003,"remoteIdentityKey":"BYPshlIM/Ja/UxyFycjTgYjxo2v74wgvvTSIU5dhGPpm"},"_chains":{"BWyz51Uu9iBoyqSlgQxPk1ig+CQbSniS/6Jxi0usP4Fn":{"chainKey":{"counter":20,"key":"R44546H1mlHl/fz/Uxv8FUDi8VJmWKUL/ANnsuF2ZvY="},"chainType":2,"messageKeys":{"0":"SaPMTvzPAHd8s5vwQ3P/RsCfqQ0E2TordxqR8IZHKJg=","1":"FTrkl2l9rabB8Hf3fBndrYnJuYqb+F3O/xphqmOE45o=","2":"z/jIdVrS45LFwU168hIzZIFryHyzG/JCFZJu9b9Up0w=","3":"KZwAnWFbAbO2zPd6j0vCd8Dj73UibuNu4fWHQIy5Rao=","4":"AbFe9+vHdze2fP5eoprBmUfdseLYKfsLLJf/St9x3IU=","7":"QtZhRU+GtRpVhUkHirNHrb4bSZexSDElx8YsNWXrge8=","8":"AfxMcD3ndCmHZDmUjiBp2E/6mrtyZ34tfvma2czgKX4=","9":"9Y9HhxvtlU4IUoaUkWWA2DfkxZcfp0gPfJbCZtOGkRE=","10":"WbbBcp0DwHbS1F3RxNQVNpzQ/+2wCb42vK59Jmx4bys=","11":"cmZev5nxWXNRdocwSCcDrYG00WcLVkjZ3KaQmmZAuF8=","12":"F1hPKP3ixIPc/opvvlFqd+sRy/OdEgivYtbyYT/QMEU=","13":"nrlmCQnZVbhiQVIdUO+ZZKdnrUAsgK9b3jXJPxdXHCc=","14":"kCDSjq/Py1GrTlZZdGBwo2OtmNVs2hjd6JZtAevPu8I=","15":"q7CTUmhwaVXqFflNeOSOHDGTJTCdS1Ba0Xf12cLn+eA=","16":"BCtFPoKHDSaERY+5t3Sl2sFsqsMtoe1VYJ4qBDoOnZo=","17":"1ImwKnxnfxu6cfc+ZHlrzafsBvU5tl8F8Y+vWQmC6jc=","18":"DLsgsLAgUFRxQdKvFjO0T++ovpizLQpGq/6a/Z5ZFTE=","19":"ujsf1MO+bnhnfpaYpDrnmPrX7foakLu7Md87/jQnUt0="}},"BbojQkCoEvG98IvdEA9nEzXWlRebCveiLN08T8hF1G9N":{"chainKey":{"counter":-1,"key":"b4KOd6WTVEJ6B9sy+ekyJk0y2YEPPiUpGlDeP6Kp1lg="},"chainType":1,"messageKeys":{}}}}},"version":"v1"}