{"_sessions":{"BVSbRTZX+6kJvm4NTpY1N/NbEEQwbssBdiXuHuSwAggG":{"registrationId":677,"currentRatchet":{"ephemeralKeyPair":{"pubKey":"BRy3kN4kcHlMu+ihZ6KJlD2Su1q9wDG64UqZUH7JJ+5w","privKey":"YH4LFfvZrj91rM3xg1qDi0cW104ADGPVaq4lhJLBPEM="},"lastRemoteEphemeralKey":"Bd1aPAPp5MoRLGbz+nm0KrVdMgiOHaN6uSBax4DoXpQY","previousCounter":0,"rootKey":"O+0n8V9vv2o8P/ayI86Q89PZXjG5FiPvqGU252nKlgc="},"indexInfo":{"baseKey":"BVSbRTZX+6kJvm4NTpY1N/NbEEQwbssBdiXuHuSwAggG","baseKeyType":1,"closed":-1,"used":1695853014633,"created":1695853014633,"remoteIdentityKey":"BY+a27j0jBpqPVGjX8Y9xQUC1QB7fLuNCMkUx5nbxndo"},"_chains":{"BRy3kN4kcHlMu+ihZ6KJlD2Su1q9wDG64UqZUH7JJ+5w":{"chainKey":{"counter":2,"key":"LpVuv5JRIn88CmvSNvRwG/QrsMceBnps0XWl/QrkMTo="},"chainType":1,"messageKeys":{}}},"pendingPreKey":{"signedKeyId":1,"baseKey":"BVSbRTZX+6kJvm4NTpY1N/NbEEQwbssBdiXuHuSwAggG"}}},"version":"v1"}