{"_sessions":{"BQ8+Nr4T7auW9vWXYVMV1FtkMUwaB1UEZFExMQqrEhcC":{"registrationId":872595644,"currentRatchet":{"ephemeralKeyPair":{"pubKey":"BaCXTIvCLcOQmv18oSACJcoFtFXh47x9fKVOTWhprFp5","privKey":"QPmJorAijXjFjylmZv/IMox5qAGNAwtr4Gs0ire3S3g="},"lastRemoteEphemeralKey":"BRXzpcYsJUgioHfzWkWXZKoF5lnSLCf44s6/AVLS8H5F","previousCounter":1,"rootKey":"2zp63AltWSTFhPXe3Hj4/CLDGUj09fIBy92IRS1rjb0="},"indexInfo":{"baseKey":"BQ8+Nr4T7auW9vWXYVMV1FtkMUwaB1UEZFExMQqrEhcC","baseKeyType":1,"closed":-1,"used":1696689504184,"created":1696607957100,"remoteIdentityKey":"BebE0c0XoX3YP8xdiQQI07QhaDchFNR4G5rpPeEJzDJP"},"_chains":{"BeMnrZY8KrZuDaZmmdlNbt0jYhbNNbALSBtjSnmiJHVS":{"chainKey":{"counter":0},"chainType":2,"messageKeys":{}},"BRXzpcYsJUgioHfzWkWXZKoF5lnSLCf44s6/AVLS8H5F":{"chainKey":{"counter":0,"key":"S55HnBrIsSHH5UVlzhneYKe2BRt2yamv955oFcFVDTY="},"chainType":2,"messageKeys":{}},"BaCXTIvCLcOQmv18oSACJcoFtFXh47x9fKVOTWhprFp5":{"chainKey":{"counter":1,"key":"NX6qzg44Fa2rHaAAc1Xw1J+v6MVJKMS0YFHlqG63EMI="},"chainType":1,"messageKeys":{}}}}},"version":"v1"}