{"_sessions":{"Be+njRXrjM6x2n2v0lvBln5ZJiEBvFi/VpTcWX3a+ZsM":{"registrationId":1313772307,"currentRatchet":{"ephemeralKeyPair":{"pubKey":"BeXqMLmVlwLhvjnwlAD/F85Qd4VdXDotXyqL5lZsDQIz","privKey":"IAXk57i+QO4sEALPhj2ZsnVckg6/1Oud3LXeTKEG2H0="},"lastRemoteEphemeralKey":"BS5ryWl7lwQ9wIA7QYsP+GMkOqb7+k8outms2jTh80gL","previousCounter":0,"rootKey":"g3MUyzdPO5950eAeuUK5Ys39OJ9pzFV22ULyScK9dpI="},"indexInfo":{"baseKey":"Be+njRXrjM6x2n2v0lvBln5ZJiEBvFi/VpTcWX3a+ZsM","baseKeyType":1,"closed":-1,"used":1695853014873,"created":1695853014873,"remoteIdentityKey":"BYCAbedjyE03qwBVLpFixPf8wnzO22ERrU4KveorwOEF"},"_chains":{"BeXqMLmVlwLhvjnwlAD/F85Qd4VdXDotXyqL5lZsDQIz":{"chainKey":{"counter":27,"key":"yFlrpr6u2qin6D4lpVq+cCgxmEjOV9EbeLSFpNm0ycM="},"chainType":1,"messageKeys":{}}},"pendingPreKey":{"signedKeyId":4,"baseKey":"Be+njRXrjM6x2n2v0lvBln5ZJiEBvFi/VpTcWX3a+ZsM"}}},"version":"v1"}