{"_sessions":{"Ba/fpoclt2CwF3hS7Eg/VLwr6fzc+I6ksMbPxhwV8hVS":{"registrationId":224076868,"currentRatchet":{"ephemeralKeyPair":{"pubKey":"BcLYjhGNXyzLPMJBWAncpeRmmNb/5dNPrfMsk/gXraYf","privKey":"SE8P17xb1YkB7+lm522dE69azGg4odDa1aFWSdTMJUY="},"lastRemoteEphemeralKey":"BfzvZARaPjjmW10fsUR5Dfxkjpd0wlij0L+UzgqYiNpm","previousCounter":0,"rootKey":"OeATVh8jNdrNetfA/WoU4nmUZZyH2dJOWL7DjMqNHzg="},"indexInfo":{"baseKey":"Ba/fpoclt2CwF3hS7Eg/VLwr6fzc+I6ksMbPxhwV8hVS","baseKeyType":1,"closed":1695853300856,"used":1695853014931,"created":1695853014931,"remoteIdentityKey":"BSc/641JKlISE/cXWHFc5t19AgRW2+kbiXRYARDnfEkw"},"_chains":{"BcLYjhGNXyzLPMJBWAncpeRmmNb/5dNPrfMsk/gXraYf":{"chainKey":{"counter":2,"key":"0tXxBEL6XaUPGDbFn2Pdw1qsY+Zd3TqloT27HJXTXL0="},"chainType":1,"messageKeys":{}}},"pendingPreKey":{"signedKeyId":1,"baseKey":"Ba/fpoclt2CwF3hS7Eg/VLwr6fzc+I6ksMbPxhwV8hVS","preKeyId":4371999}},"BWmv+OhKEg6lWYyJCSgLOMZEzKpFIBjfK3HlW7ELDMds":{"registrationId":224076868,"currentRatchet":{"ephemeralKeyPair":{"pubKey":"BfV6XZsdoFmK61lb0lGY7Kf4FR4P6h9o+qY7BlBXW3MR","privKey":"mNRtNHCRCYqU7cXo05egxT+gbsOaZ8e/oCiBdAu5IFs="},"lastRemoteEphemeralKey":"BVBrqI5fxmH5KVWDrAF6aT23uuB+zWWfu65FprpbFH9d","previousCounter":1,"rootKey":"NB7PZUnVxq/2cPKqWDS0xB8Pq8KEZXQMZss68bphK5M="},"indexInfo":{"baseKey":"BWmv+OhKEg6lWYyJCSgLOMZEzKpFIBjfK3HlW7ELDMds","baseKeyType":2,"closed":-1,"used":1696521118507,"created":1695853300859,"remoteIdentityKey":"BSc/641JKlISE/cXWHFc5t19AgRW2+kbiXRYARDnfEkw"},"_chains":{"BZE0Q/qWhFvAqDd9s+eTQK11M1nV73Q9h2hNGvFTkwMg":{"chainKey":{"counter":0},"chainType":2,"messageKeys":{}},"BatDUAPNLXtJnl8P5aei+r5QJaofRCa5Ca9NAxHCib9Q":{"chainKey":{"counter":1},"chainType":2,"messageKeys":{"0":"drtwnnSLEaHALhJuORQDOgtSv3yc35l4M3Ogy603/y4="}},"Bd6c0JB/mump6bYATJHq0t0+ulVP5R1aLmjmeUyN93Qk":{"chainKey":{"counter":0},"chainType":2,"messageKeys":{}},"BQCMP/qS4igjhaxFqnkQggzEzRo+ndElO763nD4Dazp/":{"chainKey":{"counter":0},"chainType":2,"messageKeys":{}},"BaABlXkd+quT0w7JzPwAmpm4mzj77NluchEDQUIVs8EZ":{"chainKey":{"counter":2},"chainType":2,"messageKeys":{}},"BdIC7XxIgoNy3oWLYc9e/Hbnjw3nZnWZHibz3VjpanYz":{"chainKey":{"counter":0},"chainType":2,"messageKeys":{}},"BVBrqI5fxmH5KVWDrAF6aT23uuB+zWWfu65FprpbFH9d":{"chainKey":{"counter":2,"key":"Furuz0OrGunl8wHPt4qIGCKseSfMTCrJh2qOeM//mqo="},"chainType":2,"messageKeys":{"0":"OkYridt9xOlEkQOMpTl7EODHGhRQ6YkqK2zUcwow1Rc="}},"BfV6XZsdoFmK61lb0lGY7Kf4FR4P6h9o+qY7BlBXW3MR":{"chainKey":{"counter":7,"key":"R2QPncW99JfvT99UPoxG8OM/zZMZKKUYXsjB2aowCb4="},"chainType":1,"messageKeys":{}}}}},"version":"v1"}