{"_sessions":{"BUseiz3BcN1i+dL8FJ3O2UKHVRzevkNFk9VuI0wLyt4F":{"registrationId":999785520,"currentRatchet":{"ephemeralKeyPair":{"pubKey":"BZOyi+mW+1i1764iWZwthfOorY+CRwoW2q0unDqXfmNe","privKey":"CGXqlFs3r8eDbVEOItKCfh8Ur4E2QmR5bWGPDvPAa2g="},"lastRemoteEphemeralKey":"BT0w5gy72YfYF8ZCRWA2EVCDj4rdKhw031YyBiJuT2lk","previousCounter":0,"rootKey":"ZjO5tveXi1XsdcPf7+ivsgg5WB6GY6D46/hnedhfZsA="},"indexInfo":{"baseKey":"BUseiz3BcN1i+dL8FJ3O2UKHVRzevkNFk9VuI0wLyt4F","baseKeyType":1,"closed":-1,"used":1695853014329,"created":1695853014329,"remoteIdentityKey":"BQSGLdBENy5LEW82A8N0NV/54pubHOwroreT+IawTGho"},"_chains":{"BZOyi+mW+1i1764iWZwthfOorY+CRwoW2q0unDqXfmNe":{"chainKey":{"counter":2,"key":"2+lr/t2rjSHxqPBWkm0MOWEMpwbTCNvKdc6LcWTcKZc="},"chainType":1,"messageKeys":{}}},"pendingPreKey":{"signedKeyId":1,"baseKey":"BUseiz3BcN1i+dL8FJ3O2UKHVRzevkNFk9VuI0wLyt4F","preKeyId":85280}}},"version":"v1"}