{"_sessions":{"BXqWm0/oh3mdtSEnRlqJS5q+Q+hKDtMHjxAgzNLlHKxx":{"registrationId":508607820,"currentRatchet":{"ephemeralKeyPair":{"pubKey":"BUumMujSRzTsH11y6T7eTDQhVHy4OUQGeGyIWC55oesH","privKey":"4P9LZtoSwsgdOv4IvMuBHpT2FDAsUmE4kEXu212FRlc="},"lastRemoteEphemeralKey":"BUo/To7EYEUKhlZgmHw2MX9NiiokonhExnMU8snb4TQ6","previousCounter":0,"rootKey":"f6WS2sq0UGx5BFI6f+v8S4PuO9fkg1tMs0UhPymLp10="},"indexInfo":{"baseKey":"BXqWm0/oh3mdtSEnRlqJS5q+Q+hKDtMHjxAgzNLlHKxx","baseKeyType":1,"closed":-1,"used":1695853014856,"created":1695853014856,"remoteIdentityKey":"BQzqXc/aTWm03lYUYE+vWqoC68TlDKK5BC9gCASKsb9K"},"_chains":{"BUumMujSRzTsH11y6T7eTDQhVHy4OUQGeGyIWC55oesH":{"chainKey":{"counter":27,"key":"ZAe9zfSOcf4o7IDVv9bOyAGIzb5IZ65Vz/zXb30Qo/Q="},"chainType":1,"messageKeys":{}}},"pendingPreKey":{"signedKeyId":0,"baseKey":"BXqWm0/oh3mdtSEnRlqJS5q+Q+hKDtMHjxAgzNLlHKxx","preKeyId":14297213}}},"version":"v1"}