{"_sessions":{"BWbD6eKkxvMgdXEnqKIa3dmv8sXd3vkcdc09q/O6ccNU":{"registrationId":8990,"currentRatchet":{"ephemeralKeyPair":{"pubKey":"BfssJ7X0sDAzx6+UKVMhSe7fhjSWu2/mlU2LctGdcTFH","privKey":"oNFAOkX60h3x4Nz1vyMTabSmm+uJ/kMVluvGsf3+Pn8="},"lastRemoteEphemeralKey":"BaZyp8AKaYwxAIFNy4qg/VbfWLW0Cu5d5PcMCCmd8zke","previousCounter":0,"rootKey":"GuQzTrk66wpQRsXtVnuUxOzC7c57PBmuGaZqZc+YLN8="},"indexInfo":{"baseKey":"BWbD6eKkxvMgdXEnqKIa3dmv8sXd3vkcdc09q/O6ccNU","baseKeyType":1,"closed":-1,"used":1695853014813,"created":1695853014813,"remoteIdentityKey":"BaQSL6YFbxGrsSIS0QuO8GeCLvrsut+fKzKfbKJf3xch"},"_chains":{"BfssJ7X0sDAzx6+UKVMhSe7fhjSWu2/mlU2LctGdcTFH":{"chainKey":{"counter":12,"key":"S02DAZqo8EHbbyLzRd7cwQiRIIygy6JDudx2Qh9cLTM="},"chainType":1,"messageKeys":{}}},"pendingPreKey":{"signedKeyId":1,"baseKey":"BWbD6eKkxvMgdXEnqKIa3dmv8sXd3vkcdc09q/O6ccNU","preKeyId":833}}},"version":"v1"}