{"_sessions":{"BX55/EjWCSd9Jssr7Bu4g89laLVatPjo/UMAK4Pp65J+":{"registrationId":12396,"currentRatchet":{"ephemeralKeyPair":{"pubKey":"BXnGZ4aUmQHPg+iMi1eZdgZ9wM4nVKuLjha74yUOhelX","privKey":"0KJwO4Mn+mLrypQEa+pyBrgn3wSo0EdyuaBBsngt8XY="},"lastRemoteEphemeralKey":"BZsat4OVMilsxZH8ZCqovdVaNZ10GqGkICUNvgfmO4gX","previousCounter":0,"rootKey":"gwgH8wWD9q+pt02zhDC0wvjyD/adAxJbSEySnD9a2FE="},"indexInfo":{"baseKey":"BX55/EjWCSd9Jssr7Bu4g89laLVatPjo/UMAK4Pp65J+","baseKeyType":1,"closed":-1,"used":1695853014592,"created":1695853014592,"remoteIdentityKey":"BRjI7t8mWEetrLCnh9HTuwKUpv2K+esBIgZAibNivcJe"},"_chains":{"BXnGZ4aUmQHPg+iMi1eZdgZ9wM4nVKuLjha74yUOhelX":{"chainKey":{"counter":13,"key":"RF06KvdvebeTa4MJUw41ybV6LCT33THerPMSDEwyUfg="},"chainType":1,"messageKeys":{}}},"pendingPreKey":{"signedKeyId":1,"baseKey":"BX55/EjWCSd9Jssr7Bu4g89laLVatPjo/UMAK4Pp65J+","preKeyId":1739}}},"version":"v1"}